-- phpMyAdmin SQL Dump
-- version 5.2.1
-- https://www.phpmyadmin.net/
--
-- Host: 127.0.0.1
-- Tempo de geração: 15/07/2025 às 23:39
-- Versão do servidor: 9.2.0
-- Versão do PHP: 8.2.12

SET SQL_MODE = "NO_AUTO_VALUE_ON_ZERO";
START TRANSACTION;
SET time_zone = "+00:00";


/*!40101 SET @OLD_CHARACTER_SET_CLIENT=@@CHARACTER_SET_CLIENT */;
/*!40101 SET @OLD_CHARACTER_SET_RESULTS=@@CHARACTER_SET_RESULTS */;
/*!40101 SET @OLD_COLLATION_CONNECTION=@@COLLATION_CONNECTION */;
/*!40101 SET NAMES utf8mb4 */;

--
-- Banco de dados: `financecontrol`
--

-- --------------------------------------------------------

--
-- Estrutura para tabela `banks`
--

CREATE TABLE `banks` (
  `id_bank` int NOT NULL,
  `name` varchar(255) NOT NULL,
  `description` text,
  `caminho_icone` varchar(255) DEFAULT NULL COMMENT 'Caminho para o icone/logo do banco',
  `start_date` date DEFAULT NULL,
  `end_date` date DEFAULT NULL,
  `registration_date` timestamp NULL DEFAULT CURRENT_TIMESTAMP,
  `user_id` bigint UNSIGNED NOT NULL,
  `updated_at` timestamp NULL DEFAULT NULL,
  `created_at` timestamp NULL DEFAULT CURRENT_TIMESTAMP
) ENGINE=InnoDB DEFAULT CHARSET=utf8mb4 COLLATE=utf8mb4_0900_ai_ci;

--
-- Despejando dados para a tabela `banks`
--

INSERT INTO `banks` (`id_bank`, `name`, `description`, `caminho_icone`, `start_date`, `end_date`, `registration_date`, `user_id`, `updated_at`, `created_at`) VALUES
(3, 'Nubank', '5555-5555-5555-5555', 'http://127.0.0.1:8000/assets/img/banks/nubank.svg', '2024-01-01', '2024-01-01', '2024-10-30 03:00:00', 2, '2025-06-20 16:08:01', '2025-04-10 13:27:29'),
(8, 'Inter', '2306-5002-6950-7683', 'http://127.0.0.1:8000/assets/img/banks/inter.png', '2025-01-01', '2025-01-01', '2024-11-29 03:00:00', 2, '2025-06-20 16:07:46', '2025-04-10 13:27:29'),
(22, 'teste', '55', 'http://127.0.0.1:8000/assets/img/banks/santander.png', '2025-01-01', '2025-01-01', '2025-06-09 13:08:50', 1, '2025-06-21 04:52:14', '2025-06-09 16:08:50');

-- --------------------------------------------------------

--
-- Estrutura para tabela `cashbook`
--

CREATE TABLE `cashbook` (
  `id` int NOT NULL,
  `value` decimal(10,2) NOT NULL,
  `description` varchar(255) DEFAULT NULL,
  `date` date NOT NULL,
  `is_pending` tinyint(1) NOT NULL DEFAULT '0',
  `attachment` varchar(255) DEFAULT NULL,
  `inc_datetime` datetime DEFAULT NULL COMMENT 'insert date',
  `edit_datetime` datetime DEFAULT NULL COMMENT 'edit date',
  `user_id` bigint UNSIGNED NOT NULL,
  `category_id` int NOT NULL,
  `type_id` int NOT NULL,
  `note` varchar(255) DEFAULT NULL,
  `segment_id` int DEFAULT NULL,
  `created_at` datetime DEFAULT CURRENT_TIMESTAMP,
  `updated_at` datetime DEFAULT CURRENT_TIMESTAMP ON UPDATE CURRENT_TIMESTAMP,
  `id_bank` int DEFAULT NULL,
  `client_id` int DEFAULT NULL,
  `cofrinho_id` int DEFAULT NULL
) ENGINE=InnoDB DEFAULT CHARSET=utf8mb4 COLLATE=utf8mb4_0900_ai_ci;

--
-- Despejando dados para a tabela `cashbook`
--

INSERT INTO `cashbook` (`id`, `value`, `description`, `date`, `is_pending`, `attachment`, `inc_datetime`, `edit_datetime`, `user_id`, `category_id`, `type_id`, `note`, `segment_id`, `created_at`, `updated_at`, `id_bank`, `client_id`, `cofrinho_id`) VALUES
(2257, 0.88, 'Rendimentos', '2024-11-01', 0, NULL, NULL, NULL, 2, 1016, 1, NULL, NULL, '2025-05-05 13:35:38', '2025-05-05 13:35:38', NULL, NULL, NULL),
(2258, 0.88, 'Rendimentos', '2024-11-04', 0, NULL, NULL, NULL, 2, 1016, 1, NULL, NULL, '2025-05-05 13:35:38', '2025-05-05 13:35:38', NULL, NULL, NULL),
(2259, 200.00, 'Transferência Pix enviada Eder Goncalves', '2024-11-04', 0, NULL, NULL, NULL, 2, 1013, 2, NULL, NULL, '2025-05-05 13:35:38', '2025-05-05 13:35:38', NULL, NULL, NULL),
(2260, 0.88, 'Rendimentos', '2024-11-05', 0, NULL, NULL, NULL, 2, 1016, 1, NULL, NULL, '2025-05-05 13:35:38', '2025-05-05 13:35:38', NULL, NULL, NULL),
(2261, 12.34, 'Pagamento de contas Banco Santander (Brasil) S. A.', '2024-11-05', 0, NULL, NULL, NULL, 2, 1014, 2, NULL, NULL, '2025-05-05 13:35:38', '2025-05-05 13:35:38', NULL, NULL, NULL),
(2262, 0.80, 'Rendimentos', '2024-11-06', 0, NULL, NULL, NULL, 2, 1016, 1, NULL, NULL, '2025-05-05 13:35:38', '2025-05-05 13:35:38', NULL, NULL, NULL),
(2263, 2000.00, 'Transferência Pix recebida MARCO ANTONIO BUBOLA', '2024-11-06', 0, NULL, NULL, NULL, 2, 1013, 1, NULL, NULL, '2025-05-05 13:35:38', '2025-05-05 13:35:38', NULL, NULL, NULL),
(2264, 103.00, 'Transferência Pix recebida Marco Antonio Bubola', '2024-11-06', 0, NULL, NULL, NULL, 2, 1013, 1, NULL, NULL, '2025-05-05 13:35:38', '2025-06-05 00:57:02', NULL, 34, NULL),
(2265, 1.62, 'Rendimentos', '2024-11-07', 0, NULL, NULL, NULL, 2, 1016, 1, NULL, NULL, '2025-05-05 13:35:38', '2025-05-05 13:35:38', NULL, NULL, NULL),
(2266, 1750.00, 'Transferência Pix recebida MARCO ANTONIO BUBOLA', '2024-11-07', 0, NULL, NULL, NULL, 2, 1013, 1, NULL, NULL, '2025-05-05 13:35:38', '2025-05-05 13:35:38', NULL, NULL, NULL),
(2267, 2.28, 'Rendimentos', '2024-11-08', 0, NULL, NULL, NULL, 2, 1016, 1, NULL, NULL, '2025-05-05 13:35:38', '2025-05-05 13:35:38', NULL, NULL, NULL),
(2268, 507.04, 'Transferência Pix recebida Marco Antonio Bubola', '2024-11-08', 0, NULL, NULL, NULL, 2, 1013, 1, NULL, NULL, '2025-05-05 13:35:38', '2025-05-05 13:35:38', NULL, NULL, NULL),
(2269, 890.61, 'Pagamento de contas Banco Inter S.A.', '2024-11-09', 0, NULL, NULL, NULL, 2, 1015, 2, NULL, NULL, '2025-05-05 13:35:38', '2025-05-05 13:35:38', NULL, NULL, NULL),
(2270, 455.93, 'produtos Mercado Livre', '2024-11-10', 0, NULL, NULL, NULL, 2, 1024, 2, NULL, NULL, '2025-05-05 13:35:38', '2025-05-05 13:35:38', NULL, NULL, NULL),
(2271, 31.98, 'Débito por dívida Empréstimos Mercado Pago', '2024-11-11', 0, NULL, NULL, NULL, 2, 1019, 2, NULL, NULL, '2025-05-05 13:35:38', '2025-05-05 13:35:38', NULL, NULL, NULL),
(2272, 2.28, 'Rendimentos', '2024-11-11', 0, NULL, NULL, NULL, 2, 1016, 1, NULL, NULL, '2025-05-05 13:35:38', '2025-05-05 13:35:38', NULL, NULL, NULL),
(2273, 19.99, 'cenda meli dolar', '2024-11-11', 0, NULL, NULL, NULL, 2, 1026, 1, NULL, NULL, '2025-05-05 13:35:38', '2025-05-05 13:35:38', NULL, NULL, NULL),
(2274, 100.00, ',compra bitcoin', '2024-11-11', 0, NULL, NULL, NULL, 2, 1026, 2, NULL, NULL, '2025-05-05 13:35:38', '2025-05-05 13:35:38', NULL, NULL, NULL),
(2275, 1.96, 'Rendimentos', '2024-11-12', 0, NULL, NULL, NULL, 2, 1016, 1, NULL, NULL, '2025-05-05 13:35:38', '2025-05-05 13:35:38', NULL, NULL, NULL),
(2276, 1.96, 'Rendimentos', '2024-11-13', 0, NULL, NULL, NULL, 2, 1016, 1, NULL, NULL, '2025-05-05 13:35:38', '2025-05-05 13:35:38', NULL, NULL, NULL),
(2277, 302.53, 'Pagamento de contas Nu Pagamentos S. A.', '2024-11-13', 0, NULL, NULL, NULL, 2, 1010, 2, NULL, NULL, '2025-05-05 13:35:38', '2025-05-05 13:35:38', NULL, NULL, NULL),
(2278, 1.85, 'Rendimentos', '2024-11-14', 0, NULL, NULL, NULL, 2, 1016, 1, NULL, NULL, '2025-05-05 13:35:38', '2025-05-05 13:35:38', NULL, NULL, NULL),
(2279, 100.00, 'Transferência Pix enviada Ana Carolina Ferreira Coelho Freire', '2024-11-14', 0, NULL, NULL, NULL, 2, 1013, 2, NULL, NULL, '2025-05-05 13:35:38', '2025-06-05 01:00:10', NULL, 34, NULL),
(2280, 1.82, 'Rendimentos', '2024-11-18', 0, NULL, NULL, NULL, 2, 1016, 1, NULL, NULL, '2025-05-05 13:35:38', '2025-05-05 13:35:38', NULL, NULL, NULL),
(2281, 1.82, 'Rendimentos', '2024-11-19', 0, NULL, NULL, NULL, 2, 1016, 1, NULL, NULL, '2025-05-05 13:35:38', '2025-05-05 13:35:38', NULL, NULL, NULL),
(2282, 4499.00, 'Transferência enviada Emerson Leite Dos Santos', '2024-11-19', 0, NULL, NULL, NULL, 2, 1013, 2, NULL, NULL, '2025-05-05 13:35:38', '2025-06-05 01:03:05', NULL, 34, NULL),
(2283, 0.30, 'Rendimentos', '2024-11-21', 0, NULL, NULL, NULL, 2, 1016, 1, NULL, NULL, '2025-05-05 13:35:38', '2025-05-05 13:35:38', NULL, NULL, NULL),
(2284, 591.58, 'Transferência Pix recebida MARCO ANTONIO BUBOLA', '2024-11-21', 0, NULL, NULL, NULL, 2, 1013, 1, NULL, NULL, '2025-05-05 13:35:38', '2025-05-05 13:35:38', NULL, NULL, NULL),
(2285, 22.29, 'Transferência Pix recebida Marco Antonio Bubola', '2024-11-21', 0, NULL, NULL, NULL, 2, 1013, 1, NULL, NULL, '2025-05-05 13:35:38', '2025-05-05 13:35:38', NULL, NULL, NULL),
(2286, 1600.00, 'Transferência Pix recebida Marco Antonio Bubola', '2024-11-21', 0, NULL, NULL, NULL, 2, 1013, 1, NULL, NULL, '2025-05-05 13:35:38', '2025-06-05 00:49:49', NULL, 34, NULL),
(2287, 1.04, 'Rendimentos', '2024-11-22', 0, NULL, NULL, NULL, 2, 1016, 1, NULL, NULL, '2025-05-05 13:35:38', '2025-05-05 13:35:38', NULL, NULL, NULL),
(2288, 148.00, 'Transferência enviada Caua Araujo Vaz De Lima', '2024-11-22', 0, NULL, NULL, NULL, 2, 1013, 2, NULL, NULL, '2025-05-05 13:35:38', '2025-05-05 13:35:38', NULL, NULL, NULL),
(2289, 0.99, 'Rendimentos', '2024-11-25', 0, NULL, NULL, NULL, 2, 1016, 1, NULL, NULL, '2025-05-05 13:35:38', '2025-05-05 13:35:38', NULL, NULL, NULL),
(2290, 613.00, 'Pagamento de contas Banco Santander (Brasil) S. A.', '2024-11-25', 0, NULL, NULL, NULL, 2, 1014, 2, NULL, NULL, '2025-05-05 13:35:38', '2025-05-05 13:35:38', NULL, NULL, NULL),
(2291, 0.79, 'Rendimentos', '2024-11-26', 0, NULL, NULL, NULL, 2, 1016, 1, NULL, NULL, '2025-05-05 13:35:38', '2025-05-05 13:35:38', NULL, NULL, NULL),
(2292, 0.79, 'Rendimentos', '2024-11-27', 0, NULL, NULL, NULL, 2, 1016, 1, NULL, NULL, '2025-05-05 13:35:38', '2025-05-05 13:35:38', NULL, NULL, NULL),
(2293, 0.78, 'Rendimentos', '2024-11-28', 0, NULL, NULL, NULL, 2, 1016, 1, NULL, NULL, '2025-05-05 13:35:38', '2025-05-05 13:35:38', NULL, NULL, NULL),
(2294, 0.79, 'Rendimentos', '2024-11-29', 0, NULL, NULL, NULL, 2, 1016, 1, NULL, NULL, '2025-05-05 13:35:38', '2025-05-05 13:35:38', NULL, NULL, NULL),
(2295, 800.00, 'Transferência Pix recebida Marco Antonio Bubola', '2024-11-29', 0, NULL, NULL, NULL, 2, 1013, 1, NULL, NULL, '2025-05-05 13:35:38', '2025-05-05 13:35:38', NULL, NULL, NULL),
(2296, 1700.00, 'Transferência Pix recebida MARCO ANTONIO BUBOLA', '2024-11-30', 0, NULL, NULL, NULL, 2, 1013, 1, NULL, NULL, '2025-05-05 13:35:38', '2025-05-05 13:35:38', NULL, NULL, NULL),
(2297, 1.69, 'Rendimentos', '2025-01-02', 0, NULL, NULL, NULL, 2, 1016, 1, NULL, NULL, '2025-05-05 13:41:07', '2025-05-05 13:41:07', NULL, NULL, NULL),
(2298, 1.69, 'Rendimentos', '2025-01-03', 0, NULL, NULL, NULL, 2, 1016, 1, NULL, NULL, '2025-05-05 13:41:07', '2025-05-05 13:41:07', NULL, NULL, NULL),
(2299, 200.00, 'Transferência Pix enviada Eder Goncalves', '2025-01-04', 0, NULL, NULL, NULL, 2, 1013, 2, NULL, NULL, '2025-05-05 13:41:07', '2025-05-05 13:41:07', NULL, NULL, NULL),
(2300, 1.69, 'Rendimentos', '2025-01-06', 0, NULL, NULL, NULL, 2, 1016, 1, NULL, NULL, '2025-05-05 13:41:07', '2025-05-05 13:41:07', NULL, NULL, NULL),
(2301, 1.62, 'Rendimentos', '2025-01-07', 0, NULL, NULL, NULL, 2, 1016, 1, NULL, NULL, '2025-05-05 13:41:07', '2025-05-05 13:41:07', NULL, NULL, NULL),
(2302, 1800.00, 'Transferência Pix recebida Marco Antonio Bubola', '2025-01-07', 0, NULL, NULL, NULL, 2, 1013, 1, NULL, NULL, '2025-05-05 13:41:07', '2025-05-05 13:41:07', NULL, NULL, NULL),
(2303, 2.29, 'Rendimentos', '2025-01-08', 0, NULL, NULL, NULL, 2, 1016, 1, NULL, NULL, '2025-05-05 13:41:07', '2025-05-05 13:41:07', NULL, NULL, NULL),
(2304, 2.28, 'Rendimentos', '2025-01-09', 0, NULL, NULL, NULL, 2, 1016, 1, NULL, NULL, '2025-05-05 13:41:07', '2025-05-05 13:41:07', NULL, NULL, NULL),
(2305, 3.60, 'Transferência Pix recebida MARCO ANTONIO BUBOLA', '2025-01-09', 0, NULL, NULL, NULL, 2, 1013, 1, NULL, NULL, '2025-05-05 13:41:07', '2025-05-05 13:41:07', NULL, NULL, NULL),
(2306, 54.43, 'Transferência Pix recebida Marco Antonio Bubola', '2025-01-09', 0, NULL, NULL, NULL, 2, 1013, 1, NULL, NULL, '2025-05-05 13:41:07', '2025-05-05 13:41:07', NULL, NULL, NULL),
(2307, 2.31, 'Rendimentos', '2025-01-10', 0, NULL, NULL, NULL, 2, 1016, 1, NULL, NULL, '2025-05-05 13:41:07', '2025-05-05 13:41:07', NULL, NULL, NULL),
(2308, 2412.17, 'Pagamento de contas Banco Inter S.A.', '2025-01-10', 0, NULL, NULL, NULL, 2, 1015, 2, NULL, NULL, '2025-05-05 13:41:07', '2025-05-05 13:41:07', NULL, NULL, NULL),
(2309, 31.99, 'Pagamento de parcela Linha de Crédito', '2025-01-11', 0, NULL, NULL, NULL, 2, 1019, 2, NULL, NULL, '2025-05-05 13:41:07', '2025-05-05 13:41:07', NULL, NULL, NULL),
(2310, 88.23, 'Pagamento com QR Pix SEM PARAR INSTITUICAO DE PAGAMENTO LTDA', '2025-01-11', 0, NULL, NULL, NULL, 2, 1013, 2, NULL, NULL, '2025-05-05 13:41:07', '2025-05-05 13:41:07', NULL, NULL, NULL),
(2311, 1.42, 'Rendimentos', '2025-01-13', 0, NULL, NULL, NULL, 2, 1016, 1, NULL, NULL, '2025-05-05 13:41:07', '2025-05-05 13:41:07', NULL, NULL, NULL),
(2312, 1165.95, 'Pagamento de contas Nu Pagamentos S. A.', '2025-01-13', 0, NULL, NULL, NULL, 2, 1010, 2, NULL, NULL, '2025-05-05 13:41:07', '2025-05-05 13:41:07', NULL, NULL, NULL),
(2313, 0.94, 'Rendimentos', '2025-01-14', 0, NULL, NULL, NULL, 2, 1016, 1, NULL, NULL, '2025-05-05 13:41:07', '2025-05-05 13:41:07', NULL, NULL, NULL),
(2314, 0.94, 'Rendimentos', '2025-01-15', 0, NULL, NULL, NULL, 2, 1016, 1, NULL, NULL, '2025-05-05 13:41:07', '2025-05-05 13:41:07', NULL, NULL, NULL),
(2315, 0.94, 'Rendimentos', '2025-01-16', 0, NULL, NULL, NULL, 2, 1016, 1, NULL, NULL, '2025-05-05 13:41:07', '2025-05-05 13:41:07', NULL, NULL, NULL),
(2316, 0.95, 'Rendimentos', '2025-01-17', 0, NULL, NULL, NULL, 2, 1016, 1, NULL, NULL, '2025-05-05 13:41:07', '2025-05-05 13:41:07', NULL, NULL, NULL),
(2317, 200.00, 'Transferência Pix enviada Eder Goncalves', '2025-01-17', 0, NULL, NULL, NULL, 2, 1013, 2, NULL, NULL, '2025-05-05 13:41:07', '2025-05-05 13:41:07', NULL, NULL, NULL),
(2318, 0.94, 'Rendimentos', '2025-01-20', 0, NULL, NULL, NULL, 2, 1016, 1, NULL, NULL, '2025-05-05 13:41:07', '2025-05-05 13:41:07', NULL, NULL, NULL),
(2319, 0.87, 'Rendimentos', '2025-01-21', 0, NULL, NULL, NULL, 2, 1016, 1, NULL, NULL, '2025-05-05 13:41:07', '2025-05-05 13:41:07', NULL, NULL, NULL),
(2320, 0.87, 'Rendimentos', '2025-01-22', 0, NULL, NULL, NULL, 2, 1016, 1, NULL, NULL, '2025-05-05 13:41:07', '2025-05-05 13:41:07', NULL, NULL, NULL),
(2321, 0.86, 'Rendimentos', '2025-01-23', 0, NULL, NULL, NULL, 2, 1016, 1, NULL, NULL, '2025-05-05 13:41:07', '2025-05-05 13:41:07', NULL, NULL, NULL),
(2322, 18.99, 'Pagamento com QR Pix GGMAX TECNOLOGIA DA INFORMACAO LTDA', '2025-01-23', 0, NULL, NULL, NULL, 2, 1013, 2, NULL, NULL, '2025-05-05 13:41:07', '2025-05-05 13:41:07', NULL, NULL, NULL),
(2323, 0.88, 'Rendimentos', '2025-01-24', 0, NULL, NULL, NULL, 2, 1016, 1, NULL, NULL, '2025-05-05 13:41:07', '2025-05-05 13:41:07', NULL, NULL, NULL),
(2324, 0.86, 'Rendimentos', '2025-01-27', 0, NULL, NULL, NULL, 2, 1016, 1, NULL, NULL, '2025-05-05 13:41:07', '2025-05-05 13:41:07', NULL, NULL, NULL),
(2325, 0.86, 'Rendimentos', '2025-01-28', 0, NULL, NULL, NULL, 2, 1016, 1, NULL, NULL, '2025-05-05 13:41:07', '2025-05-05 13:41:07', NULL, NULL, NULL),
(2326, 48.41, 'Pagamento de contas SAAE ITAPIRA', '2025-01-28', 0, NULL, NULL, NULL, 2, 1026, 2, NULL, NULL, '2025-05-05 13:41:07', '2025-05-05 13:41:07', NULL, NULL, NULL),
(2327, 48.41, 'Transferência Pix recebida Marco Antonio Bubola', '2025-01-28', 0, NULL, NULL, NULL, 2, 1013, 1, NULL, NULL, '2025-05-05 13:41:07', '2025-05-05 13:41:07', NULL, NULL, NULL),
(2328, 0.85, 'Rendimentos', '2025-01-29', 0, NULL, NULL, NULL, 2, 1016, 1, NULL, NULL, '2025-05-05 13:41:07', '2025-05-05 13:41:07', NULL, NULL, NULL),
(2329, 0.87, 'Rendimentos', '2025-01-30', 0, NULL, NULL, NULL, 2, 1016, 1, NULL, NULL, '2025-05-05 13:41:07', '2025-05-05 13:41:07', NULL, NULL, NULL),
(2330, 0.94, 'Rendimentos', '2025-01-31', 0, NULL, NULL, NULL, 2, 1016, 1, NULL, NULL, '2025-05-05 13:41:07', '2025-05-05 13:41:07', NULL, NULL, NULL),
(2331, 98.00, 'Transferência enviada Caua Araujo Vaz De Lima', '2025-01-31', 0, NULL, NULL, NULL, 2, 1013, 2, NULL, NULL, '2025-05-05 13:41:07', '2025-05-05 13:41:07', NULL, NULL, NULL),
(2332, 1.06, 'Rendimentos', '2024-12-02', 0, NULL, NULL, NULL, 2, 1016, 1, NULL, NULL, '2025-05-05 13:45:11', '2025-05-05 13:45:11', NULL, NULL, NULL),
(2333, 1.64, 'Rendimentos', '2024-12-03', 0, NULL, NULL, NULL, 2, 1016, 1, NULL, NULL, '2025-05-05 13:45:11', '2025-05-05 13:45:11', NULL, NULL, NULL),
(2334, 1.64, 'Rendimentos', '2024-12-04', 0, NULL, NULL, NULL, 2, 1016, 1, NULL, NULL, '2025-05-05 13:45:11', '2025-05-05 13:45:11', NULL, NULL, NULL),
(2335, 1.64, 'Rendimentos', '2024-12-05', 0, NULL, NULL, NULL, 2, 1016, 1, NULL, NULL, '2025-05-05 13:45:11', '2025-05-05 13:45:11', NULL, NULL, NULL),
(2336, 12.31, 'Pagamento de contas Banco Santander (Brasil) S. A.', '2024-12-05', 0, NULL, NULL, NULL, 2, 1014, 2, NULL, NULL, '2025-05-05 13:45:11', '2025-05-05 13:45:11', NULL, NULL, NULL),
(2337, 200.00, 'Transferência Pix enviada Eder Goncalves', '2024-12-05', 0, NULL, NULL, NULL, 2, 1013, 2, NULL, NULL, '2025-05-05 13:45:11', '2025-05-05 13:45:11', NULL, NULL, NULL),
(2338, 1.63, 'Rendimentos', '2024-12-06', 0, NULL, NULL, NULL, 2, 1016, 1, NULL, NULL, '2025-05-05 13:45:11', '2025-05-05 13:45:11', NULL, NULL, NULL),
(2339, 1800.00, 'Transferência Pix recebida MARCO ANTONIO BUBOLA', '2024-12-07', 0, NULL, NULL, NULL, 2, 1013, 1, NULL, NULL, '2025-05-05 13:45:11', '2025-05-05 13:45:11', NULL, NULL, NULL),
(2340, 1.57, 'Rendimentos', '2024-12-09', 0, NULL, NULL, NULL, 2, 1016, 1, NULL, NULL, '2025-05-05 13:45:11', '2025-05-05 13:45:11', NULL, NULL, NULL),
(2341, 2.18, 'Rendimentos', '2024-12-10', 0, NULL, NULL, NULL, 2, 1016, 1, NULL, NULL, '2025-05-05 13:45:11', '2025-05-05 13:45:11', NULL, NULL, NULL),
(2342, 1501.50, 'Pagamento de contas Banco Inter S.A.', '2024-12-10', 0, NULL, NULL, NULL, 2, 1015, 2, NULL, NULL, '2025-05-05 13:45:11', '2025-05-05 13:45:11', NULL, NULL, NULL),
(2343, 31.98, 'Pagamento de parcela Linha de Crédito', '2024-12-10', 0, NULL, NULL, NULL, 2, 1019, 2, NULL, NULL, '2025-05-05 13:45:12', '2025-05-05 13:45:12', NULL, NULL, NULL),
(2344, 922.13, 'Transferência Pix recebida Marco Antonio Bubola', '2024-12-10', 0, NULL, NULL, NULL, 2, 1013, 1, NULL, NULL, '2025-05-05 13:45:12', '2025-06-05 00:47:58', NULL, 34, NULL),
(2345, 1.66, 'Rendimentos', '2024-12-11', 0, NULL, NULL, NULL, 2, 1016, 1, NULL, NULL, '2025-05-05 13:45:12', '2025-05-05 13:45:12', NULL, NULL, NULL),
(2346, 18.99, 'Pagamento com QR Pix GGMAX TECNOLOGIA DA INFORMACAO LTDA', '2024-12-11', 0, NULL, NULL, NULL, 2, 1013, 2, NULL, NULL, '2025-05-05 13:45:12', '2025-05-05 13:45:12', NULL, NULL, NULL),
(2347, 1.98, 'Rendimentos', '2024-12-12', 0, NULL, NULL, NULL, 2, 1016, 1, NULL, NULL, '2025-05-05 13:45:12', '2025-05-05 13:45:12', NULL, NULL, NULL),
(2348, 2.14, 'Rendimentos', '2024-12-13', 0, NULL, NULL, NULL, 2, 1016, 1, NULL, NULL, '2025-05-05 13:45:12', '2025-05-05 13:45:12', NULL, NULL, NULL),
(2349, 634.52, 'Pagamento de contas Nu Pagamentos S. A.', '2024-12-13', 0, NULL, NULL, NULL, 2, 1010, 2, NULL, NULL, '2025-05-05 13:45:12', '2025-05-05 13:45:12', NULL, NULL, NULL),
(2350, 1.90, 'Rendimentos', '2024-12-16', 0, NULL, NULL, NULL, 2, 1016, 1, NULL, NULL, '2025-05-05 13:45:12', '2025-05-05 13:45:12', NULL, NULL, NULL),
(2351, 1.91, 'Rendimentos', '2024-12-17', 0, NULL, NULL, NULL, 2, 1016, 1, NULL, NULL, '2025-05-05 13:45:12', '2025-05-05 13:45:12', NULL, NULL, NULL),
(2352, 150.00, 'Transferência enviada Caua Araujo Vaz De Lima', '2024-12-17', 0, NULL, NULL, NULL, 2, 1013, 2, NULL, NULL, '2025-05-05 13:45:12', '2025-05-05 13:45:12', NULL, NULL, NULL),
(2353, 15.85, 'Transferência Pix enviada Everton Pereira Nascimento', '2024-12-17', 0, NULL, NULL, NULL, 2, 1013, 2, NULL, NULL, '2025-05-05 13:45:12', '2025-05-05 13:45:12', NULL, NULL, NULL),
(2354, 1.85, 'Rendimentos', '2024-12-18', 0, NULL, NULL, NULL, 2, 1016, 1, NULL, NULL, '2025-05-05 13:45:12', '2025-05-05 13:45:12', NULL, NULL, NULL),
(2355, 1.84, 'Rendimentos', '2024-12-19', 0, NULL, NULL, NULL, 2, 1016, 1, NULL, NULL, '2025-05-05 13:45:12', '2025-05-05 13:45:12', NULL, NULL, NULL),
(2356, 1.84, 'Rendimentos', '2024-12-20', 0, NULL, NULL, NULL, 2, 1016, 1, NULL, NULL, '2025-05-05 13:45:12', '2025-05-05 13:45:12', NULL, NULL, NULL),
(2357, 210.00, 'Transferência Pix enviada MURILO MORAES', '2024-12-20', 0, NULL, NULL, NULL, 2, 1013, 2, NULL, NULL, '2025-05-05 13:45:12', '2025-05-05 13:45:12', NULL, NULL, NULL),
(2358, 1.91, 'Rendimentos', '2024-12-23', 0, NULL, NULL, NULL, 2, 1016, 1, NULL, NULL, '2025-05-05 13:45:12', '2025-05-05 13:45:12', NULL, NULL, NULL),
(2359, 1.78, 'Rendimentos', '2024-12-24', 0, NULL, NULL, NULL, 2, 1016, 1, NULL, NULL, '2025-05-05 13:45:12', '2025-05-05 13:45:12', NULL, NULL, NULL),
(2360, 175.38, 'Transferência Pix recebida Marco Antonio Bubola', '2024-12-24', 0, NULL, NULL, NULL, 2, 1013, 1, NULL, NULL, '2025-05-05 13:45:12', '2025-05-05 13:45:12', NULL, NULL, NULL),
(2361, 1.83, 'Rendimentos', '2024-12-26', 0, NULL, NULL, NULL, 2, 1016, 1, NULL, NULL, '2025-05-05 13:45:12', '2025-05-05 13:45:12', NULL, NULL, NULL),
(2362, 415.40, 'Pagamento de contas Banco Santander (Brasil) S. A.', '2024-12-26', 0, NULL, NULL, NULL, 2, 1014, 2, NULL, NULL, '2025-05-05 13:45:12', '2025-05-05 13:45:12', NULL, NULL, NULL),
(2363, 1.69, 'Rendimentos', '2024-12-27', 0, NULL, NULL, NULL, 2, 1016, 1, NULL, NULL, '2025-05-05 13:45:12', '2025-05-05 13:45:12', NULL, NULL, NULL),
(2364, 1.96, 'Rendimentos', '2024-12-30', 0, NULL, NULL, NULL, 2, 1016, 1, NULL, NULL, '2025-05-05 13:45:12', '2025-05-05 13:45:12', NULL, NULL, NULL),
(2365, 1.69, 'Rendimentos', '2024-12-31', 0, NULL, NULL, NULL, 2, 1016, 1, NULL, NULL, '2025-05-05 13:45:12', '2025-05-05 13:45:12', NULL, NULL, NULL),
(2366, 0.90, 'Rendimentos', '2025-02-03', 0, NULL, NULL, NULL, 2, 1016, 1, NULL, NULL, '2025-05-05 13:53:14', '2025-05-05 13:53:14', NULL, NULL, NULL),
(2367, 36.64, 'Pagamento de contas SAAE ITAPIRA', '2025-02-03', 0, NULL, NULL, NULL, 2, 1026, 2, NULL, NULL, '2025-05-05 13:53:14', '2025-05-05 13:53:14', NULL, NULL, NULL),
(2368, 35.74, 'Pagamento de contas SAAE ITAPIRA', '2025-02-03', 0, NULL, NULL, NULL, 2, 1026, 2, NULL, NULL, '2025-05-05 13:53:14', '2025-05-05 13:53:14', NULL, NULL, NULL),
(2369, 0.85, 'Rendimentos', '2025-02-04', 0, NULL, NULL, NULL, 2, 1016, 1, NULL, NULL, '2025-05-05 13:53:14', '2025-05-05 13:53:14', NULL, NULL, NULL),
(2370, 73.00, 'Transferência Pix recebida Marco Antonio Bubola', '2025-02-04', 0, NULL, NULL, NULL, 2, 1013, 1, NULL, NULL, '2025-05-05 13:53:14', '2025-05-05 13:53:14', NULL, NULL, NULL),
(2371, 3.40, 'Transferência Pix recebida MARCO ANTONIO BUBOLA', '2025-02-04', 0, NULL, NULL, NULL, 2, 1013, 1, NULL, NULL, '2025-05-05 13:53:14', '2025-05-05 13:53:14', NULL, NULL, NULL),
(2372, 0.91, 'Rendimentos', '2025-02-05', 0, NULL, NULL, NULL, 2, 1016, 1, NULL, NULL, '2025-05-05 13:53:14', '2025-05-05 13:53:14', NULL, NULL, NULL),
(2373, 0.89, 'Rendimentos', '2025-02-06', 0, NULL, NULL, NULL, 2, 1016, 1, NULL, NULL, '2025-05-05 13:53:14', '2025-05-05 13:53:14', NULL, NULL, NULL),
(2374, 0.90, 'Rendimentos', '2025-02-07', 0, NULL, NULL, NULL, 2, 1016, 1, NULL, NULL, '2025-05-05 13:53:14', '2025-05-05 13:53:14', NULL, NULL, NULL),
(2375, 1800.00, 'Transferência Pix recebida MARCO ANTONIO BUBOLA', '2025-02-07', 0, NULL, NULL, NULL, 2, 1011, 1, NULL, NULL, '2025-05-05 13:53:14', '2025-05-21 23:11:44', NULL, NULL, NULL),
(2376, 0.90, 'Rendimentos', '2025-02-10', 0, NULL, NULL, NULL, 2, 1016, 1, NULL, NULL, '2025-05-05 13:53:14', '2025-05-05 13:53:14', NULL, NULL, NULL),
(2377, 1891.67, 'Pagamento de contas Banco Inter S.A.', '2025-02-10', 0, NULL, NULL, NULL, 2, 1015, 2, NULL, NULL, '2025-05-05 13:53:14', '2025-05-05 13:53:14', NULL, NULL, NULL),
(2378, 1891.67, 'Pagamento de contas cancelado Banco Inter S.A.', '2025-02-10', 0, NULL, NULL, NULL, 2, 1015, 1, NULL, NULL, '2025-05-05 13:53:14', '2025-05-05 13:53:14', NULL, NULL, NULL),
(2379, 1900.00, 'Pagamento com QR Pix MARCO ANTONIO BUBOLA', '2025-02-10', 0, NULL, NULL, NULL, 2, 1013, 2, NULL, NULL, '2025-05-05 13:53:14', '2025-05-05 13:53:14', NULL, NULL, NULL),
(2380, 8.63, 'Transferência Pix recebida MARCO ANTONIO BUBOLA', '2025-02-10', 0, NULL, NULL, NULL, 2, 1013, 1, NULL, NULL, '2025-05-05 13:53:14', '2025-05-05 13:53:14', NULL, NULL, NULL),
(2381, 0.85, 'Rendimentos', '2025-02-11', 0, NULL, NULL, NULL, 2, 1016, 1, NULL, NULL, '2025-05-05 13:53:14', '2025-05-05 13:53:14', NULL, NULL, NULL),
(2382, 0.86, 'Rendimentos', '2025-02-12', 0, NULL, NULL, NULL, 2, 1016, 1, NULL, NULL, '2025-05-05 13:53:14', '2025-05-05 13:53:14', NULL, NULL, NULL),
(2383, 0.87, 'Rendimentos', '2025-02-13', 0, NULL, NULL, NULL, 2, 1016, 1, NULL, NULL, '2025-05-05 13:53:14', '2025-05-05 13:53:14', NULL, NULL, NULL),
(2384, 739.80, 'Pagamento de contas Nu Pagamentos S. A.', '2025-02-13', 0, NULL, NULL, NULL, 2, 1010, 2, NULL, NULL, '2025-05-05 13:53:14', '2025-05-05 13:53:14', NULL, NULL, NULL),
(2385, 84.21, 'Pagamento com QR Pix SEM PARAR INSTITUICAO DE PAGAMENTO LTDA', '2025-02-13', 0, NULL, NULL, NULL, 2, 1013, 2, NULL, NULL, '2025-05-05 13:53:14', '2025-05-05 13:53:14', NULL, NULL, NULL),
(2386, 1500.00, 'Transferência Pix recebida Marco Antonio Bubola', '2025-02-13', 0, NULL, NULL, NULL, 2, 1013, 1, NULL, NULL, '2025-05-05 13:53:14', '2025-05-21 23:10:32', NULL, 34, NULL),
(2387, 0.57, 'Rendimentos', '2025-02-14', 0, NULL, NULL, NULL, 2, 1016, 1, NULL, NULL, '2025-05-05 13:53:14', '2025-05-05 13:53:14', NULL, NULL, NULL),
(2388, 1.13, 'Rendimentos', '2025-02-17', 0, NULL, NULL, NULL, 2, 1016, 1, NULL, NULL, '2025-05-05 13:53:14', '2025-05-05 13:53:14', NULL, NULL, NULL),
(2389, 83.24, 'Pagamento com QR Pix BOTICARIO PRODUTOS DE BELEZA LTDA', '2025-02-17', 0, NULL, NULL, NULL, 2, 1040, 2, NULL, NULL, '2025-05-05 13:53:14', '2025-05-21 22:57:56', NULL, 35, NULL),
(2390, 83.24, 'Pagamento com código QR Pix - Cancelado BOTICARIO PRODUTOS DE BELEZA LTDA', '2025-02-17', 0, NULL, NULL, NULL, 2, 1013, 1, NULL, NULL, '2025-05-05 13:53:14', '2025-06-05 00:45:13', NULL, 35, NULL),
(2391, 184.23, 'Transferência Pix enviada Marco Antonio Bubola', '2025-02-17', 0, NULL, NULL, NULL, 2, 1013, 2, NULL, NULL, '2025-05-05 13:53:14', '2025-05-05 13:53:14', NULL, NULL, NULL),
(2392, 83.24, 'Pagamento com QR Pix BOTICARIO PRODUTOS DE BELEZA LTDA', '2025-02-17', 0, NULL, NULL, NULL, 2, 1040, 2, NULL, NULL, '2025-05-05 13:53:14', '2025-05-21 23:13:14', NULL, 35, NULL),
(2393, 1.06, 'Rendimentos', '2025-02-18', 0, NULL, NULL, NULL, 2, 1016, 1, NULL, NULL, '2025-05-05 13:53:14', '2025-05-05 13:53:14', NULL, NULL, NULL),
(2394, 1.02, 'Rendimentos', '2025-02-19', 0, NULL, NULL, NULL, 2, 1016, 1, NULL, NULL, '2025-05-05 13:53:14', '2025-05-05 13:53:14', NULL, NULL, NULL),
(2395, 1.02, 'Rendimentos', '2025-02-20', 0, NULL, NULL, NULL, 2, 1016, 1, NULL, NULL, '2025-05-05 13:53:14', '2025-05-05 13:53:14', NULL, NULL, NULL),
(2396, 1.03, 'Rendimentos', '2025-02-21', 0, NULL, NULL, NULL, 2, 1016, 1, NULL, NULL, '2025-05-05 13:53:14', '2025-05-05 13:53:14', NULL, NULL, NULL),
(2397, 19.96, 'Pagamento com QR Pix GGMAX TECNOLOGIA DA INFORMACAO LTDA', '2025-02-23', 0, NULL, NULL, NULL, 2, 1013, 2, NULL, NULL, '2025-05-05 13:53:14', '2025-05-05 13:53:14', NULL, NULL, NULL),
(2398, 40.00, 'Transferência Pix enviada Alessandra Maiara Ferreira de Mello', '2025-02-23', 0, NULL, NULL, NULL, 2, 1013, 2, NULL, NULL, '2025-05-05 13:53:14', '2025-05-05 13:53:14', NULL, NULL, NULL),
(2399, 1.03, 'Rendimentos', '2025-02-24', 0, NULL, NULL, NULL, 2, 1016, 1, NULL, NULL, '2025-05-05 13:53:14', '2025-05-05 13:53:14', NULL, NULL, NULL),
(2400, 1.00, 'Rendimentos', '2025-02-25', 0, NULL, NULL, NULL, 2, 1016, 1, NULL, NULL, '2025-05-05 13:53:14', '2025-05-05 13:53:14', NULL, NULL, NULL),
(2401, 1.01, 'Rendimentos', '2025-02-26', 0, NULL, NULL, NULL, 2, 1016, 1, NULL, NULL, '2025-05-05 13:53:14', '2025-05-05 13:53:14', NULL, NULL, NULL),
(2402, 1.00, 'Rendimentos', '2025-02-27', 0, NULL, NULL, NULL, 2, 1016, 1, NULL, NULL, '2025-05-05 13:53:14', '2025-05-05 13:53:14', NULL, NULL, NULL),
(2403, 1.01, 'Rendimentos', '2025-02-28', 0, NULL, NULL, NULL, 2, 1016, 1, NULL, NULL, '2025-05-05 13:53:14', '2025-05-05 13:53:14', NULL, NULL, NULL),
(2404, 0.62, 'Rendimentos', '2025-04-01', 0, NULL, NULL, NULL, 2, 1016, 1, NULL, NULL, '2025-05-05 13:58:16', '2025-05-05 13:58:16', NULL, NULL, NULL),
(2405, 2000.00, 'Transferência Pix recebida Marco Antonio Bubola', '2025-04-01', 0, NULL, NULL, NULL, 2, 1013, 1, NULL, NULL, '2025-05-05 13:58:16', '2025-06-05 00:22:02', NULL, 34, NULL),
(2406, 0.61, 'Rendimentos', '2025-04-02', 0, NULL, NULL, NULL, 2, 1016, 1, NULL, NULL, '2025-05-05 13:58:16', '2025-05-05 13:58:16', NULL, NULL, NULL),
(2407, 1.68, 'Rendimentos', '2025-04-03', 0, NULL, NULL, NULL, 2, 1016, 1, NULL, NULL, '2025-05-05 13:58:16', '2025-05-05 13:58:16', NULL, NULL, NULL),
(2408, 70.00, 'Transferência enviada Caua Araujo Vaz De Lima', '2025-04-03', 0, NULL, NULL, NULL, 2, 1013, 2, NULL, NULL, '2025-05-05 13:58:16', '2025-05-05 13:58:16', NULL, NULL, NULL),
(2409, 1.44, 'Rendimentos', '2025-04-04', 0, NULL, NULL, NULL, 2, 1016, 1, NULL, NULL, '2025-05-05 13:58:16', '2025-05-05 13:58:16', NULL, NULL, NULL),
(2410, 1.44, 'Rendimentos', '2025-04-07', 0, NULL, NULL, NULL, 2, 1016, 1, NULL, NULL, '2025-05-05 13:58:16', '2025-05-05 13:58:16', NULL, NULL, NULL),
(2411, 1850.00, 'Transferência Pix recebida Marco Antonio Bubola', '2025-04-07', 0, NULL, NULL, NULL, 2, 1011, 1, NULL, NULL, '2025-05-05 13:58:16', '2025-05-21 01:17:08', NULL, NULL, NULL),
(2412, 2.22, 'Rendimentos', '2025-04-08', 0, NULL, NULL, NULL, 2, 1016, 1, NULL, NULL, '2025-05-05 13:58:16', '2025-05-05 13:58:16', NULL, NULL, NULL),
(2413, 2.23, 'Rendimentos', '2025-04-09', 0, NULL, NULL, NULL, 2, 1016, 1, NULL, NULL, '2025-05-05 13:58:16', '2025-05-05 13:58:16', NULL, NULL, NULL),
(2414, 2.23, 'Rendimentos', '2025-04-10', 0, NULL, NULL, NULL, 2, 1016, 1, NULL, NULL, '2025-05-05 13:58:16', '2025-05-05 13:58:16', NULL, NULL, NULL),
(2415, 2925.12, 'Pagamento de contas Banco Inter S.A.', '2025-04-10', 0, NULL, NULL, NULL, 2, 1015, 2, NULL, NULL, '2025-05-05 13:58:16', '2025-05-05 13:58:16', NULL, NULL, NULL),
(2416, 180.82, 'Pagamento de contas Banco Bradesco S.A.', '2025-04-10', 0, NULL, NULL, NULL, 2, 1040, 2, NULL, NULL, '2025-05-05 13:58:16', '2025-06-05 13:04:45', NULL, 35, NULL),
(2417, 81.25, 'Pagamento de contas Banco Bradesco S.A.', '2025-04-10', 0, NULL, NULL, NULL, 2, 1040, 2, NULL, NULL, '2025-05-05 13:58:16', '2025-05-21 01:06:25', NULL, 35, NULL),
(2418, 172.73, 'Pagamento de contas Banco Bradesco S.A.', '2025-04-10', 0, NULL, NULL, NULL, 2, 1040, 2, NULL, NULL, '2025-05-05 13:58:16', '2025-05-21 01:06:37', NULL, 35, NULL),
(2419, 2.23, 'Rendimentos', '2025-04-11', 0, NULL, NULL, NULL, 2, 1016, 1, NULL, NULL, '2025-05-05 13:58:16', '2025-05-05 13:58:16', NULL, NULL, NULL),
(2420, 67.46, 'Pagamento de parcela Empréstimos Mercado Pago', '2025-04-11', 0, NULL, NULL, NULL, 2, 1024, 2, NULL, NULL, '2025-05-05 13:58:16', '2025-05-05 13:58:16', NULL, NULL, NULL),
(2421, 70.00, 'Transferência enviada Caua Araujo Vaz De Lima', '2025-04-11', 0, NULL, NULL, NULL, 2, 1013, 2, NULL, NULL, '2025-05-05 13:58:16', '2025-05-05 13:58:16', NULL, NULL, NULL),
(2422, 1.50, 'Transferência enviada Caua Araujo Vaz De Lima', '2025-04-11', 0, NULL, NULL, NULL, 2, 1013, 2, NULL, NULL, '2025-05-05 13:58:16', '2025-05-05 13:58:16', NULL, NULL, NULL),
(2423, 100.00, 'Transferência Pix enviada VIVIANE BELUCCI', '2025-04-13', 0, NULL, NULL, NULL, 2, 1013, 2, NULL, NULL, '2025-05-05 13:58:16', '2025-05-05 13:58:16', NULL, NULL, NULL),
(2424, 0.74, 'Rendimentos', '2025-04-14', 0, NULL, NULL, NULL, 2, 1016, 1, NULL, NULL, '2025-05-05 13:58:16', '2025-05-05 13:58:16', NULL, NULL, NULL),
(2425, 676.55, 'Pagamento de contas Nu Pagamentos S. A.', '2025-04-14', 0, NULL, NULL, NULL, 2, 1010, 2, NULL, NULL, '2025-05-05 13:58:16', '2025-05-05 13:58:16', NULL, NULL, NULL),
(2426, 0.70, 'Rendimentos', '2025-04-15', 0, NULL, NULL, NULL, 2, 1016, 1, NULL, NULL, '2025-05-05 13:58:16', '2025-05-05 13:58:16', NULL, NULL, NULL),
(2427, 0.41, 'Rendimentos', '2025-04-16', 0, NULL, NULL, NULL, 2, 1016, 1, NULL, NULL, '2025-05-05 13:58:16', '2025-05-05 13:58:16', NULL, NULL, NULL),
(2428, 200.00, 'Transferência Pix enviada Eder Goncalves', '2025-04-16', 0, NULL, NULL, NULL, 2, 1013, 2, NULL, NULL, '2025-05-05 13:58:16', '2025-05-05 13:58:16', NULL, NULL, NULL),
(2429, 0.41, 'Rendimentos', '2025-04-17', 0, NULL, NULL, NULL, 2, 1016, 1, NULL, NULL, '2025-05-05 13:58:16', '2025-05-05 13:58:16', NULL, NULL, NULL),
(2430, 0.33, 'Rendimentos', '2025-04-22', 0, NULL, NULL, NULL, 2, 1016, 1, NULL, NULL, '2025-05-05 13:58:16', '2025-05-05 13:58:16', NULL, NULL, NULL),
(2431, 0.32, 'Rendimentos', '2025-04-23', 0, NULL, NULL, NULL, 2, 1016, 1, NULL, NULL, '2025-05-05 13:58:16', '2025-05-05 13:58:16', NULL, NULL, NULL),
(2432, 0.33, 'Rendimentos', '2025-04-24', 0, NULL, NULL, NULL, 2, 1016, 1, NULL, NULL, '2025-05-05 13:58:16', '2025-05-05 13:58:16', NULL, NULL, NULL),
(2433, 86.38, 'Pagamento com QR Pix BOTICARIO PRODUTOS DE BELEZA LTDA', '2025-04-24', 0, NULL, NULL, NULL, 2, 1040, 2, NULL, NULL, '2025-05-05 13:58:16', '2025-05-21 01:07:13', NULL, 35, NULL),
(2434, 175.00, 'Transferência Pix recebida Marco Antonio Bubola', '2025-04-24', 0, NULL, NULL, NULL, 2, 1013, 1, NULL, NULL, '2025-05-05 13:58:16', '2025-06-05 00:32:21', NULL, 35, NULL),
(2435, 0.37, 'Rendimentos', '2025-04-25', 0, NULL, NULL, NULL, 2, 1016, 1, NULL, NULL, '2025-05-05 13:58:16', '2025-05-05 13:58:16', NULL, NULL, NULL),
(2436, 0.36, 'Rendimentos', '2025-04-28', 0, NULL, NULL, NULL, 2, 1016, 1, NULL, NULL, '2025-05-05 13:58:16', '2025-05-05 13:58:16', NULL, NULL, NULL),
(2437, 0.36, 'Rendimentos', '2025-04-29', 0, NULL, NULL, NULL, 2, 1016, 1, NULL, NULL, '2025-05-05 13:58:16', '2025-05-05 13:58:16', NULL, NULL, NULL),
(2438, 0.37, 'Rendimentos', '2025-04-30', 0, NULL, NULL, NULL, 2, 1016, 1, NULL, NULL, '2025-05-05 13:58:16', '2025-05-05 13:58:16', NULL, NULL, NULL),
(2439, 200.00, 'Transferência Pix enviada Eder Goncalves', '2025-04-30', 0, NULL, NULL, NULL, 2, 1013, 2, NULL, NULL, '2025-05-05 13:58:16', '2025-05-05 13:58:16', NULL, NULL, NULL),
(2440, 1.00, 'Rendimentos', '2025-03-05', 0, NULL, NULL, NULL, 2, 1016, 1, NULL, NULL, '2025-05-05 14:02:13', '2025-05-05 14:02:13', NULL, NULL, NULL),
(2441, 1.01, 'Rendimentos', '2025-03-06', 0, NULL, NULL, NULL, 2, 1016, 1, NULL, NULL, '2025-05-05 14:02:13', '2025-05-05 14:02:13', NULL, NULL, NULL),
(2442, 175.72, 'Pagamento de contas Banco Bradesco S.A.', '2025-03-06', 0, NULL, NULL, NULL, 2, 1040, 2, NULL, NULL, '2025-05-05 14:02:13', '2025-05-21 22:56:31', NULL, 35, NULL),
(2443, 0.94, 'Rendimentos', '2025-03-07', 0, NULL, NULL, NULL, 2, 1016, 1, NULL, NULL, '2025-05-05 14:02:13', '2025-05-05 14:02:13', NULL, NULL, NULL),
(2444, 62.50, 'Transferência enviada Caua Araujo Vaz De Lima', '2025-03-07', 0, NULL, NULL, NULL, 2, 1013, 2, NULL, NULL, '2025-05-05 14:02:13', '2025-05-05 14:02:13', NULL, NULL, NULL),
(2445, 78.96, 'Pagamento de contas Banco Bradesco S.A.', '2025-03-07', 0, NULL, NULL, NULL, 2, 1040, 2, NULL, NULL, '2025-05-05 14:02:13', '2025-05-21 22:59:27', NULL, 35, NULL),
(2446, 0.94, 'Rendimentos', '2025-03-10', 0, NULL, NULL, NULL, 2, 1016, 1, NULL, NULL, '2025-05-05 14:02:13', '2025-05-05 14:02:13', NULL, NULL, NULL),
(2447, 1806.78, 'Pagamento de contas Banco Inter S.A.', '2025-03-10', 0, NULL, NULL, NULL, 2, 1015, 2, NULL, NULL, '2025-05-05 14:02:13', '2025-05-05 14:02:13', NULL, NULL, NULL),
(2448, 172.73, 'Pagamento de contas Banco Bradesco S.A.', '2025-03-10', 0, NULL, NULL, NULL, 2, 1040, 2, NULL, NULL, '2025-05-05 14:02:13', '2025-05-21 22:55:24', NULL, 35, NULL),
(2449, 218.61, 'Transferência Pix recebida Marco Antonio Bubola', '2025-03-10', 0, NULL, NULL, NULL, 2, 1013, 1, NULL, NULL, '2025-05-05 14:02:13', '2025-06-05 00:38:19', NULL, 35, NULL),
(2450, 0.88, 'Rendimentos', '2025-03-11', 0, NULL, NULL, NULL, 2, 1016, 1, NULL, NULL, '2025-05-05 14:02:13', '2025-05-05 14:02:13', NULL, NULL, NULL),
(2451, 0.19, 'Rendimentos', '2025-03-12', 0, NULL, NULL, NULL, 2, 1016, 1, NULL, NULL, '2025-05-05 14:02:13', '2025-05-05 14:02:13', NULL, NULL, NULL),
(2452, 0.19, 'Rendimentos', '2025-03-13', 0, NULL, NULL, NULL, 2, 1016, 1, NULL, NULL, '2025-05-05 14:02:13', '2025-05-05 14:02:13', NULL, NULL, NULL),
(2453, 1244.76, 'Transferência Pix recebida MARCO ANTONIO BUBOLA', '2025-03-13', 0, NULL, NULL, NULL, 2, 1011, 1, NULL, NULL, '2025-05-05 14:02:13', '2025-05-21 23:00:42', NULL, NULL, NULL),
(2454, 0.19, 'Rendimentos', '2025-03-14', 0, NULL, NULL, NULL, 2, 1016, 1, NULL, NULL, '2025-05-05 14:02:13', '2025-05-05 14:02:13', NULL, NULL, NULL),
(2455, 0.68, 'Rendimentos', '2025-03-17', 0, NULL, NULL, NULL, 2, 1016, 1, NULL, NULL, '2025-05-05 14:02:13', '2025-05-05 14:02:13', NULL, NULL, NULL),
(2456, 0.68, 'Rendimentos', '2025-03-18', 0, NULL, NULL, NULL, 2, 1016, 1, NULL, NULL, '2025-05-05 14:02:13', '2025-05-05 14:02:13', NULL, NULL, NULL),
(2457, 0.69, 'Rendimentos', '2025-03-19', 0, NULL, NULL, NULL, 2, 1016, 1, NULL, NULL, '2025-05-05 14:02:13', '2025-05-05 14:02:13', NULL, NULL, NULL),
(2458, 0.68, 'Rendimentos', '2025-03-20', 0, NULL, NULL, NULL, 2, 1016, 1, NULL, NULL, '2025-05-05 14:02:13', '2025-05-05 14:02:13', NULL, NULL, NULL),
(2459, 0.75, 'Rendimentos', '2025-03-21', 0, NULL, NULL, NULL, 2, 1016, 1, NULL, NULL, '2025-05-05 14:02:13', '2025-05-05 14:02:13', NULL, NULL, NULL),
(2460, 0.73, 'Rendimentos', '2025-03-24', 0, NULL, NULL, NULL, 2, 1016, 1, NULL, NULL, '2025-05-05 14:02:13', '2025-05-05 14:02:13', NULL, NULL, NULL),
(2461, 0.74, 'Rendimentos', '2025-03-25', 0, NULL, NULL, NULL, 2, 1016, 1, NULL, NULL, '2025-05-05 14:02:13', '2025-05-05 14:02:13', NULL, NULL, NULL),
(2462, 0.73, 'Rendimentos', '2025-03-26', 0, NULL, NULL, NULL, 2, 1016, 1, NULL, NULL, '2025-05-05 14:02:13', '2025-05-05 14:02:13', NULL, NULL, NULL),
(2463, 86.64, 'Pagamento com QR Pix BOTICARIO PRODUTOS DE BELEZA LTDA', '2025-03-26', 0, NULL, NULL, NULL, 2, 1040, 2, NULL, NULL, '2025-05-05 14:02:13', '2025-05-21 22:55:53', NULL, 35, NULL),
(2464, 200.00, 'Transferência Pix enviada Eder Goncalves', '2025-03-26', 0, NULL, NULL, NULL, 2, 1013, 2, NULL, NULL, '2025-05-05 14:02:13', '2025-05-05 14:02:13', NULL, NULL, NULL),
(2465, 0.71, 'Rendimentos', '2025-03-27', 0, NULL, NULL, NULL, 2, 1016, 1, NULL, NULL, '2025-05-05 14:02:13', '2025-05-05 14:02:13', NULL, NULL, NULL),
(2466, 19.96, 'Pagamento com QR Pix GGMAX TECNOLOGIA DA INFORMACAO LTDA', '2025-03-27', 0, NULL, NULL, NULL, 2, 1013, 2, NULL, NULL, '2025-05-05 14:02:13', '2025-05-05 14:02:13', NULL, NULL, NULL),
(2467, 0.62, 'Rendimentos', '2025-03-28', 0, NULL, NULL, NULL, 2, 1016, 1, NULL, NULL, '2025-05-05 14:02:13', '2025-05-05 14:02:13', NULL, NULL, NULL),
(2468, 9.88, ',venda melidolar', '2025-03-29', 0, NULL, NULL, NULL, 2, 1026, 1, NULL, NULL, '2025-05-05 14:02:13', '2025-05-05 14:02:13', NULL, NULL, NULL),
(2469, 0.60, 'Rendimentos', '2025-03-31', 0, NULL, NULL, NULL, 2, 1016, 1, NULL, NULL, '2025-05-05 14:02:13', '2025-05-05 14:02:13', NULL, NULL, NULL),
(2470, 0.16, 'Rendimentos', '2024-10-01', 0, NULL, NULL, NULL, 2, 1016, 1, NULL, NULL, '2025-05-05 15:20:49', '2025-05-05 15:20:49', NULL, NULL, NULL),
(2471, 160.00, 'Transferência Pix enviada ANA CAROLINA FERREIRA COELHO FREIRE', '2024-10-01', 0, NULL, NULL, NULL, 2, 1013, 2, NULL, NULL, '2025-05-05 15:20:49', '2025-06-05 01:01:28', NULL, 34, NULL),
(2472, 0.11, 'Rendimentos', '2024-10-02', 0, NULL, NULL, NULL, 2, 1016, 1, NULL, NULL, '2025-05-05 15:20:49', '2025-05-05 15:20:49', NULL, NULL, NULL),
(2473, 0.10, 'Rendimentos', '2024-10-03', 0, NULL, NULL, NULL, 2, 1016, 1, NULL, NULL, '2025-05-05 15:20:49', '2025-05-05 15:20:49', NULL, NULL, NULL),
(2474, 0.11, 'Rendimentos', '2024-10-04', 0, NULL, NULL, NULL, 2, 1016, 1, NULL, NULL, '2025-05-05 15:20:49', '2025-05-05 15:20:49', NULL, NULL, NULL),
(2475, 12.23, 'Pagamento de contas Banco Santander (Brasil) S. A.', '2024-10-04', 0, NULL, NULL, NULL, 2, 1014, 2, NULL, NULL, '2025-05-05 15:20:49', '2025-05-05 15:20:49', NULL, NULL, NULL),
(2476, 200.00, 'Transferência Pix enviada ANA CAROLINA FERREIRA COELHO FREIRE', '2024-10-04', 0, NULL, NULL, NULL, 2, 1013, 2, NULL, NULL, '2025-05-05 15:20:49', '2025-06-05 01:01:47', NULL, 34, NULL),
(2477, 1490.26, 'Transferência Pix recebida MARCO ANTONIO BUBOLA', '2024-10-04', 0, NULL, NULL, NULL, 2, 1013, 1, NULL, NULL, '2025-05-05 15:20:49', '2025-05-05 15:20:49', NULL, NULL, NULL),
(2478, 0.54, 'Rendimentos', '2024-10-07', 0, NULL, NULL, NULL, 2, 1016, 1, NULL, NULL, '2025-05-05 15:20:49', '2025-05-05 15:20:49', NULL, NULL, NULL),
(2479, 0.54, 'Rendimentos', '2024-10-08', 0, NULL, NULL, NULL, 2, 1016, 1, NULL, NULL, '2025-05-05 15:20:49', '2025-05-05 15:20:49', NULL, NULL, NULL),
(2480, 1750.00, 'Transferência Pix recebida MARCO ANTONIO BUBOLA', '2024-10-08', 0, NULL, NULL, NULL, 2, 1013, 1, NULL, NULL, '2025-05-05 15:20:49', '2025-05-05 15:20:49', NULL, NULL, NULL),
(2481, 1.14, 'Rendimentos', '2024-10-09', 0, NULL, NULL, NULL, 2, 1016, 1, NULL, NULL, '2025-05-05 15:20:49', '2025-05-05 15:20:49', NULL, NULL, NULL),
(2482, 36.70, 'Pagamento de contas SAAE ITAPIRA', '2024-10-09', 0, NULL, NULL, NULL, 2, 1026, 2, NULL, NULL, '2025-05-05 15:20:49', '2025-05-05 15:20:49', NULL, NULL, NULL),
(2483, 1.12, 'Rendimentos', '2024-10-10', 0, NULL, NULL, NULL, 2, 1016, 1, NULL, NULL, '2025-05-05 15:20:49', '2025-05-05 15:20:49', NULL, NULL, NULL),
(2484, 123.24, 'Pagamento de contas Banco Inter S.A.', '2024-10-10', 0, NULL, NULL, NULL, 2, 1015, 2, NULL, NULL, '2025-05-05 15:20:49', '2025-05-05 15:20:49', NULL, NULL, NULL),
(2485, 25.00, 'Transferência Pix recebida Marco Antonio Bubola', '2024-10-10', 0, NULL, NULL, NULL, 2, 1013, 1, NULL, NULL, '2025-05-05 15:20:49', '2025-05-05 15:20:49', NULL, NULL, NULL),
(2486, 37.00, 'Transferência Pix recebida MARCO ANTONIO BUBOLA', '2024-10-10', 0, NULL, NULL, NULL, 2, 1013, 1, NULL, NULL, '2025-05-05 15:20:49', '2025-05-05 15:20:49', NULL, NULL, NULL),
(2487, 1.10, 'Rendimentos', '2024-10-11', 0, NULL, NULL, NULL, 2, 1016, 1, NULL, NULL, '2025-05-05 15:20:49', '2025-05-05 15:20:49', NULL, NULL, NULL),
(2488, 1.11, 'Rendimentos', '2024-10-14', 0, NULL, NULL, NULL, 2, 1016, 1, NULL, NULL, '2025-05-05 15:20:49', '2025-05-05 15:20:49', NULL, NULL, NULL),
(2489, 603.19, 'Pagamento de contas Nu Pagamentos S. A.', '2024-10-14', 0, NULL, NULL, NULL, 2, 1010, 2, NULL, NULL, '2025-05-05 15:20:49', '2025-05-05 15:20:49', NULL, NULL, NULL),
(2490, 0.91, 'Rendimentos', '2024-10-15', 0, NULL, NULL, NULL, 2, 1016, 1, NULL, NULL, '2025-05-05 15:20:49', '2025-05-05 15:20:49', NULL, NULL, NULL),
(2491, 0.90, 'Rendimentos', '2024-10-16', 0, NULL, NULL, NULL, 2, 1016, 1, NULL, NULL, '2025-05-05 15:20:49', '2025-05-05 15:20:49', NULL, NULL, NULL),
(2492, 0.90, 'Rendimentos', '2024-10-17', 0, NULL, NULL, NULL, 2, 1016, 1, NULL, NULL, '2025-05-05 15:20:49', '2025-05-05 15:20:49', NULL, NULL, NULL),
(2493, 0.90, 'Rendimentos', '2024-10-18', 0, NULL, NULL, NULL, 2, 1016, 1, NULL, NULL, '2025-05-05 15:20:49', '2025-05-05 15:20:49', NULL, NULL, NULL),
(2494, 900.00, 'Transferência Pix recebida Ana Carolina Ferreira Coelho Freire', '2024-10-18', 0, NULL, NULL, NULL, 2, 1013, 1, NULL, NULL, '2025-05-05 15:20:49', '2025-05-05 15:20:49', NULL, NULL, NULL),
(2495, 90.00, 'Transferência enviada Caua Araujo Vaz De Lima', '2024-10-19', 0, NULL, NULL, NULL, 2, 1013, 2, NULL, NULL, '2025-05-05 15:20:49', '2025-05-05 15:20:49', NULL, NULL, NULL),
(2496, 0.90, 'Rendimentos', '2024-10-21', 0, NULL, NULL, NULL, 2, 1016, 1, NULL, NULL, '2025-05-05 15:20:49', '2025-05-05 15:20:49', NULL, NULL, NULL),
(2497, 1.18, 'Rendimentos', '2024-10-22', 0, NULL, NULL, NULL, 2, 1016, 1, NULL, NULL, '2025-05-05 15:20:49', '2025-05-05 15:20:49', NULL, NULL, NULL),
(2498, 1.18, 'Rendimentos', '2024-10-23', 0, NULL, NULL, NULL, 2, 1016, 1, NULL, NULL, '2025-05-05 15:20:49', '2025-05-05 15:20:49', NULL, NULL, NULL),
(2499, 1.18, 'Rendimentos', '2024-10-24', 0, NULL, NULL, NULL, 2, 1016, 1, NULL, NULL, '2025-05-05 15:20:49', '2025-05-05 15:20:49', NULL, NULL, NULL),
(2500, 1.18, 'Rendimentos', '2024-10-25', 0, NULL, NULL, NULL, 2, 1016, 1, NULL, NULL, '2025-05-05 15:20:49', '2025-05-05 15:20:49', NULL, NULL, NULL),
(2501, 733.11, 'Pagamento de contas Banco Santander (Brasil) S. A.', '2024-10-25', 0, NULL, NULL, NULL, 2, 1014, 2, NULL, NULL, '2025-05-05 15:20:49', '2025-05-05 15:20:49', NULL, NULL, NULL),
(2502, 30.00, 'Pagamento com QR Pix MARCO ANTONIO BUBOLA', '2024-10-26', 0, NULL, NULL, NULL, 2, 1013, 2, NULL, NULL, '2025-05-05 15:20:49', '2025-05-05 15:20:49', NULL, NULL, NULL),
(2503, 1.17, 'Rendimentos', '2024-10-28', 0, NULL, NULL, NULL, 2, 1016, 1, NULL, NULL, '2025-05-05 15:20:49', '2025-05-05 15:20:49', NULL, NULL, NULL),
(2504, 0.92, 'Rendimentos', '2024-10-29', 0, NULL, NULL, NULL, 2, 1016, 1, NULL, NULL, '2025-05-05 15:20:49', '2025-05-05 15:20:49', NULL, NULL, NULL),
(2505, 0.93, 'Rendimentos', '2024-10-30', 0, NULL, NULL, NULL, 2, 1016, 1, NULL, NULL, '2025-05-05 15:20:49', '2025-05-05 15:20:49', NULL, NULL, NULL),
(2506, 11.70, 'Transferência Pix recebida MARCO ANTONIO BUBOLA', '2024-10-30', 0, NULL, NULL, NULL, 2, 1013, 1, NULL, NULL, '2025-05-05 15:20:49', '2025-05-05 15:20:49', NULL, NULL, NULL),
(2507, 18.99, 'Pagamento com QR Pix GGMAX TECNOLOGIA DA INFORMACAO LTDA', '2024-10-30', 0, NULL, NULL, NULL, 2, 1013, 2, NULL, NULL, '2025-05-05 15:20:49', '2025-05-05 15:20:49', NULL, NULL, NULL),
(2508, 0.92, 'Rendimentos', '2024-10-31', 0, NULL, NULL, NULL, 2, 1016, 1, NULL, NULL, '2025-05-05 15:20:49', '2025-05-05 15:20:49', NULL, NULL, NULL),
(2509, 95.51, 'Liberação de dinheiro', '2024-06-22', 0, NULL, NULL, NULL, 2, 1026, 1, NULL, NULL, '2025-05-05 15:26:55', '2025-05-05 15:26:55', NULL, NULL, NULL),
(2510, 0.03, 'Rendimentos', '2024-06-25', 0, NULL, NULL, NULL, 2, 1016, 1, NULL, NULL, '2025-05-05 15:26:55', '2025-05-05 15:26:55', NULL, NULL, NULL),
(2511, 0.03, 'Rendimentos', '2024-06-26', 0, NULL, NULL, NULL, 2, 1016, 1, NULL, NULL, '2025-05-05 15:26:55', '2025-05-05 15:26:55', NULL, NULL, NULL),
(2512, 0.03, 'Rendimentos', '2024-06-27', 0, NULL, NULL, NULL, 2, 1016, 1, NULL, NULL, '2025-05-05 15:26:55', '2025-05-05 15:26:55', NULL, NULL, NULL),
(2513, 0.03, 'Rendimentos', '2024-06-28', 0, NULL, NULL, NULL, 2, 1016, 1, NULL, NULL, '2025-05-05 15:26:55', '2025-05-05 15:26:55', NULL, NULL, NULL),
(2514, 34.93, 'Liberação de dinheiro', '2024-06-28', 0, NULL, NULL, NULL, 2, 1026, 1, NULL, NULL, '2025-05-05 15:26:55', '2025-05-05 15:26:55', NULL, NULL, NULL),
(2515, 0.02, 'Rendimentos', '2024-07-01', 0, NULL, NULL, NULL, 2, 1016, 1, NULL, NULL, '2025-05-05 15:28:42', '2025-05-05 15:28:42', NULL, NULL, NULL),
(2516, 130.58, 'Transferência Pix enviada Ana Carolina Ferreira Coelho Freire', '2024-07-01', 0, NULL, NULL, NULL, 2, 1013, 2, NULL, NULL, '2025-05-05 15:28:42', '2025-05-05 15:28:42', NULL, NULL, NULL),
(2517, 839.18, 'Transferência Pix recebida Marco Antonio Bubola', '2024-07-01', 0, NULL, NULL, NULL, 2, 1013, 1, NULL, NULL, '2025-05-05 15:28:42', '2025-05-05 15:28:42', NULL, NULL, NULL),
(2518, 800.00, 'Dinheiro reservado Casa', '2024-07-01', 0, NULL, NULL, NULL, 2, 1026, 2, NULL, NULL, '2025-05-05 15:28:42', '2025-05-05 15:28:42', NULL, NULL, NULL),
(2519, 160.80, 'Transferência Pix recebida Marco Antonio Bubola', '2024-07-01', 0, NULL, NULL, NULL, 2, 1013, 1, NULL, NULL, '2025-05-05 15:28:42', '2025-05-05 15:28:42', NULL, NULL, NULL),
(2520, 1.00, 'Transferência Pix recebida Ana Carolina Ferreira Coelho Freire', '2024-07-01', 0, NULL, NULL, NULL, 2, 1013, 1, NULL, NULL, '2025-05-05 15:28:42', '2025-05-05 15:28:42', NULL, NULL, NULL),
(2521, 200.98, 'Dinheiro reservado Usual', '2024-07-01', 0, NULL, NULL, NULL, 2, 1026, 2, NULL, NULL, '2025-05-05 15:28:42', '2025-05-05 15:28:42', NULL, NULL, NULL),
(2522, 0.04, 'Rendimentos', '2024-07-02', 0, NULL, NULL, NULL, 2, 1016, 1, NULL, NULL, '2025-05-05 15:28:42', '2025-05-05 15:28:42', NULL, NULL, NULL),
(2523, 639.20, 'Transferência Pix recebida Marco Antonio Bubola', '2024-07-02', 0, NULL, NULL, NULL, 2, 1013, 1, NULL, NULL, '2025-05-05 15:28:42', '2025-05-05 15:28:42', NULL, NULL, NULL),
(2524, 639.24, 'Dinheiro reservado Usual', '2024-07-02', 0, NULL, NULL, NULL, 2, 1026, 2, NULL, NULL, '2025-05-05 15:28:42', '2025-05-05 15:28:42', NULL, NULL, NULL),
(2525, 0.01, 'Rendimentos', '2024-07-03', 0, NULL, NULL, NULL, 2, 1016, 1, NULL, NULL, '2025-05-05 15:28:42', '2025-05-05 15:28:42', NULL, NULL, NULL),
(2526, 0.01, 'Rendimentos', '2024-07-04', 0, NULL, NULL, NULL, 2, 1016, 1, NULL, NULL, '2025-05-05 15:28:42', '2025-05-05 15:28:42', NULL, NULL, NULL),
(2527, 0.01, 'Rendimentos', '2024-07-05', 0, NULL, NULL, NULL, 2, 1016, 1, NULL, NULL, '2025-05-05 15:28:42', '2025-05-05 15:28:42', NULL, NULL, NULL),
(2528, 1700.00, 'Transferência Pix recebida Marco Antonio Bubola', '2024-07-05', 0, NULL, NULL, NULL, 2, 1013, 1, NULL, NULL, '2025-05-05 15:28:42', '2025-05-05 15:28:42', NULL, NULL, NULL),
(2529, 89.90, 'Pagamento de contas Banco Inter S.A.', '2024-07-05', 0, NULL, NULL, NULL, 2, 1015, 2, NULL, NULL, '2025-05-05 15:28:42', '2025-05-05 15:28:42', NULL, NULL, NULL),
(2530, 1610.13, 'Dinheiro reservado Usual', '2024-07-05', 0, NULL, NULL, NULL, 2, 1026, 2, NULL, NULL, '2025-05-05 15:28:42', '2025-05-05 15:28:42', NULL, NULL, NULL),
(2531, 0.01, 'Rendimentos', '2024-07-08', 0, NULL, NULL, NULL, 2, 1016, 1, NULL, NULL, '2025-05-05 15:28:42', '2025-05-05 15:28:42', NULL, NULL, NULL),
(2532, 0.01, 'Rendimentos', '2024-07-09', 0, NULL, NULL, NULL, 2, 1016, 1, NULL, NULL, '2025-05-05 15:28:42', '2025-05-05 15:28:42', NULL, NULL, NULL),
(2533, 0.01, 'Rendimentos', '2024-07-10', 0, NULL, NULL, NULL, 2, 1016, 1, NULL, NULL, '2025-05-05 15:28:42', '2025-05-05 15:28:42', NULL, NULL, NULL),
(2534, 600.00, 'Dinheiro retirado Usual', '2024-07-10', 0, NULL, NULL, NULL, 2, 1026, 1, NULL, NULL, '2025-05-05 15:28:42', '2025-05-05 15:28:42', NULL, NULL, NULL),
(2535, 600.00, 'Pagamento de contas Banco Santander (Brasil) S. A.', '2024-07-10', 0, NULL, NULL, NULL, 2, 1014, 2, NULL, NULL, '2025-05-05 15:28:42', '2025-05-05 15:28:42', NULL, NULL, NULL),
(2536, 20.00, 'Dinheiro recebido Individuals_MPB_Banking_Habito', '2024-07-10', 0, NULL, NULL, NULL, 2, 1026, 1, NULL, NULL, '2025-05-05 15:28:42', '2025-05-05 15:28:42', NULL, NULL, NULL),
(2537, 20.03, 'Dinheiro reservado Usual', '2024-07-10', 0, NULL, NULL, NULL, 2, 1026, 2, NULL, NULL, '2025-05-05 15:28:42', '2025-05-05 15:28:42', NULL, NULL, NULL),
(2538, 0.01, 'Rendimentos', '2024-07-11', 0, NULL, NULL, NULL, 2, 1016, 1, NULL, NULL, '2025-05-05 15:28:42', '2025-05-05 15:28:42', NULL, NULL, NULL),
(2539, 0.01, 'Rendimentos', '2024-07-12', 0, NULL, NULL, NULL, 2, 1016, 1, NULL, NULL, '2025-05-05 15:28:42', '2025-05-05 15:28:42', NULL, NULL, NULL),
(2540, 0.01, 'Rendimentos', '2024-07-15', 0, NULL, NULL, NULL, 2, 1016, 1, NULL, NULL, '2025-05-05 15:28:42', '2025-05-05 15:28:42', NULL, NULL, NULL),
(2541, 457.47, 'Dinheiro retirado Usual', '2024-07-15', 0, NULL, NULL, NULL, 2, 1026, 1, NULL, NULL, '2025-05-05 15:28:42', '2025-05-05 15:28:42', NULL, NULL, NULL),
(2542, 457.47, 'Transferência Pix enviada Marco Antonio Bubola', '2024-07-15', 0, NULL, NULL, NULL, 2, 1013, 2, NULL, NULL, '2025-05-05 15:28:42', '2025-05-05 15:28:42', NULL, NULL, NULL),
(2543, 0.01, 'Rendimentos', '2024-07-16', 0, NULL, NULL, NULL, 2, 1016, 1, NULL, NULL, '2025-05-05 15:28:42', '2025-05-05 15:28:42', NULL, NULL, NULL),
(2544, 0.01, 'Rendimentos', '2024-07-17', 0, NULL, NULL, NULL, 2, 1016, 1, NULL, NULL, '2025-05-05 15:28:42', '2025-05-05 15:28:42', NULL, NULL, NULL),
(2545, 0.01, 'Rendimentos', '2024-07-18', 0, NULL, NULL, NULL, 2, 1016, 1, NULL, NULL, '2025-05-05 15:28:42', '2025-05-05 15:28:42', NULL, NULL, NULL),
(2546, 0.01, 'Rendimentos', '2024-07-19', 0, NULL, NULL, NULL, 2, 1016, 1, NULL, NULL, '2025-05-05 15:28:42', '2025-05-05 15:28:42', NULL, NULL, NULL),
(2547, 1222.00, 'Dinheiro retirado Usual', '2024-07-20', 0, NULL, NULL, NULL, 2, 1026, 1, NULL, NULL, '2025-05-05 15:28:42', '2025-05-05 15:28:42', NULL, NULL, NULL),
(2548, 1221.18, 'Pagamento de contas Banco Santander (Brasil) S. A.', '2024-07-20', 0, NULL, NULL, NULL, 2, 1014, 2, NULL, NULL, '2025-05-05 15:28:42', '2025-05-05 15:28:42', NULL, NULL, NULL),
(2549, 0.01, 'Rendimentos', '2024-07-22', 0, NULL, NULL, NULL, 2, 1016, 1, NULL, NULL, '2025-05-05 15:28:42', '2025-05-05 15:28:42', NULL, NULL, NULL),
(2550, 3.00, 'Dinheiro retirado Casa', '2024-07-22', 0, NULL, NULL, NULL, 2, 1026, 1, NULL, NULL, '2025-05-05 15:28:42', '2025-05-05 15:28:42', NULL, NULL, NULL),
(2551, 3.90, 'Dinheiro reservado Usual', '2024-07-22', 0, NULL, NULL, NULL, 2, 1026, 2, NULL, NULL, '2025-05-05 15:28:42', '2025-05-05 15:28:42', NULL, NULL, NULL),
(2552, 200.00, 'Dinheiro retirado Usual', '2024-07-22', 0, NULL, NULL, NULL, 2, 1026, 1, NULL, NULL, '2025-05-05 15:28:42', '2025-05-05 15:28:42', NULL, NULL, NULL),
(2553, 200.00, 'Transferência Pix enviada Marco Antonio Bubola', '2024-07-22', 0, NULL, NULL, NULL, 2, 1013, 2, NULL, NULL, '2025-05-05 15:28:42', '2025-05-05 15:28:42', NULL, NULL, NULL),
(2554, 820.54, 'Transferência Pix recebida Marco Antonio Bubola', '2024-08-06', 0, NULL, NULL, NULL, 2, 1013, 1, NULL, NULL, '2025-05-05 15:29:55', '2025-05-05 15:29:55', NULL, NULL, NULL),
(2555, 123.51, 'Transferência Pix recebida MARCO ANTONIO BUBOLA', '2024-08-07', 0, NULL, NULL, NULL, 2, 1013, 1, NULL, NULL, '2025-05-05 15:29:55', '2025-05-05 15:29:55', NULL, NULL, NULL),
(2556, 944.05, 'Dinheiro reservado Usual', '2024-08-07', 0, NULL, NULL, NULL, 2, 1026, 2, NULL, NULL, '2025-05-05 15:29:55', '2025-05-05 15:29:55', NULL, NULL, NULL),
(2557, 1600.00, 'Transferência Pix recebida Marco Antonio Bubola', '2024-08-07', 0, NULL, NULL, NULL, 2, 1013, 1, NULL, NULL, '2025-05-05 15:29:55', '2025-05-05 15:29:55', NULL, NULL, NULL);
INSERT INTO `cashbook` (`id`, `value`, `description`, `date`, `is_pending`, `attachment`, `inc_datetime`, `edit_datetime`, `user_id`, `category_id`, `type_id`, `note`, `segment_id`, `created_at`, `updated_at`, `id_bank`, `client_id`, `cofrinho_id`) VALUES
(2558, 1600.00, 'Dinheiro reservado Usual', '2024-08-07', 0, NULL, NULL, NULL, 2, 1026, 2, NULL, NULL, '2025-05-05 15:29:55', '2025-05-05 15:29:55', NULL, NULL, NULL),
(2559, 448.42, 'Transferência Pix recebida Marco Antonio Bubola', '2024-08-08', 0, NULL, NULL, NULL, 2, 1013, 1, NULL, NULL, '2025-05-05 15:29:55', '2025-05-05 15:29:55', NULL, NULL, NULL),
(2560, 448.42, 'Dinheiro reservado Usual', '2024-08-08', 0, NULL, NULL, NULL, 2, 1026, 2, NULL, NULL, '2025-05-05 15:29:56', '2025-05-05 15:29:56', NULL, NULL, NULL),
(2561, 89.90, 'Dinheiro retirado Usual', '2024-08-10', 0, NULL, NULL, NULL, 2, 1026, 1, NULL, NULL, '2025-05-05 15:29:56', '2025-05-05 15:29:56', NULL, NULL, NULL),
(2562, 89.90, 'Pagamento de contas Banco Inter S.A.', '2024-08-10', 0, NULL, NULL, NULL, 2, 1015, 2, NULL, NULL, '2025-05-05 15:29:56', '2025-05-05 15:29:56', NULL, NULL, NULL),
(2563, 730.18, 'Dinheiro retirado Usual', '2024-08-14', 0, NULL, NULL, NULL, 2, 1026, 1, NULL, NULL, '2025-05-05 15:29:56', '2025-05-05 15:29:56', NULL, NULL, NULL),
(2564, 730.18, 'Transferência Pix enviada Marco Antonio Bubola', '2024-08-14', 0, NULL, NULL, NULL, 2, 1013, 2, NULL, NULL, '2025-05-05 15:29:56', '2025-05-05 15:29:56', NULL, NULL, NULL),
(2565, 2183.22, 'Dinheiro retirado Usual', '2024-08-23', 0, NULL, NULL, NULL, 2, 1026, 1, NULL, NULL, '2025-05-05 15:29:56', '2025-05-05 15:29:56', NULL, NULL, NULL),
(2566, 806.78, 'Dinheiro retirado Casa', '2024-08-23', 0, NULL, NULL, NULL, 2, 1026, 1, NULL, NULL, '2025-05-05 15:29:56', '2025-05-05 15:29:56', NULL, NULL, NULL),
(2567, 2387.44, 'Pagamento de contas Banco Santander (Brasil) S. A.', '2024-08-23', 0, NULL, NULL, NULL, 2, 1014, 2, NULL, NULL, '2025-05-05 15:29:56', '2025-05-05 15:29:56', NULL, NULL, NULL),
(2568, 0.20, 'Rendimentos', '2024-08-26', 0, NULL, NULL, NULL, 2, 1016, 1, NULL, NULL, '2025-05-05 15:29:56', '2025-05-05 15:29:56', NULL, NULL, NULL),
(2569, 0.19, 'Rendimentos', '2024-08-27', 0, NULL, NULL, NULL, 2, 1016, 1, NULL, NULL, '2025-05-05 15:29:56', '2025-05-05 15:29:56', NULL, NULL, NULL),
(2570, 0.19, 'Rendimentos', '2024-08-28', 0, NULL, NULL, NULL, 2, 1016, 1, NULL, NULL, '2025-05-05 15:29:56', '2025-05-05 15:29:56', NULL, NULL, NULL),
(2571, 0.20, 'Rendimentos', '2024-08-29', 0, NULL, NULL, NULL, 2, 1016, 1, NULL, NULL, '2025-05-05 15:29:56', '2025-05-05 15:29:56', NULL, NULL, NULL),
(2572, 0.19, 'Rendimentos', '2024-08-30', 0, NULL, NULL, NULL, 2, 1016, 1, NULL, NULL, '2025-05-05 15:29:56', '2025-05-05 15:29:56', NULL, NULL, NULL),
(2573, 160.00, 'Transferência Pix enviada ANA CAROLINA FERREIRA COELHO FREIRE', '2024-09-01', 0, NULL, NULL, NULL, 2, 1013, 2, NULL, NULL, '2025-05-05 15:31:18', '2025-05-05 15:31:18', NULL, NULL, NULL),
(2574, 0.20, 'Rendimentos', '2024-09-02', 0, NULL, NULL, NULL, 2, 1016, 1, NULL, NULL, '2025-05-05 15:31:18', '2025-05-05 15:31:18', NULL, NULL, NULL),
(2575, 0.14, 'Rendimentos', '2024-09-03', 0, NULL, NULL, NULL, 2, 1016, 1, NULL, NULL, '2025-05-05 15:31:18', '2025-05-05 15:31:18', NULL, NULL, NULL),
(2576, 0.15, 'Rendimentos', '2024-09-04', 0, NULL, NULL, NULL, 2, 1016, 1, NULL, NULL, '2025-05-05 15:31:18', '2025-05-05 15:31:18', NULL, NULL, NULL),
(2577, 0.14, 'Rendimentos', '2024-09-05', 0, NULL, NULL, NULL, 2, 1016, 1, NULL, NULL, '2025-05-05 15:31:18', '2025-05-05 15:31:18', NULL, NULL, NULL),
(2578, 0.15, 'Rendimentos', '2024-09-06', 0, NULL, NULL, NULL, 2, 1016, 1, NULL, NULL, '2025-05-05 15:31:18', '2025-05-05 15:31:18', NULL, NULL, NULL),
(2579, 1710.00, 'Transferência Pix recebida MARCO ANTONIO BUBOLA', '2024-09-08', 0, NULL, NULL, NULL, 2, 1013, 1, NULL, NULL, '2025-05-05 15:31:18', '2025-05-05 15:31:18', NULL, NULL, NULL),
(2580, 0.15, 'Rendimentos', '2024-09-09', 0, NULL, NULL, NULL, 2, 1016, 1, NULL, NULL, '2025-05-05 15:31:18', '2025-05-05 15:31:18', NULL, NULL, NULL),
(2581, 0.69, 'Rendimentos', '2024-09-10', 0, NULL, NULL, NULL, 2, 1016, 1, NULL, NULL, '2025-05-05 15:31:18', '2025-05-05 15:31:18', NULL, NULL, NULL),
(2582, 89.90, 'Pagamento de contas Banco Inter S.A.', '2024-09-10', 0, NULL, NULL, NULL, 2, 1015, 2, NULL, NULL, '2025-05-05 15:31:18', '2025-05-05 15:31:18', NULL, NULL, NULL),
(2583, 0.68, 'Rendimentos', '2024-09-11', 0, NULL, NULL, NULL, 2, 1016, 1, NULL, NULL, '2025-05-05 15:31:18', '2025-05-05 15:31:18', NULL, NULL, NULL),
(2584, 0.67, 'Rendimentos', '2024-09-12', 0, NULL, NULL, NULL, 2, 1016, 1, NULL, NULL, '2025-05-05 15:31:18', '2025-05-05 15:31:18', NULL, NULL, NULL),
(2585, 0.68, 'Rendimentos', '2024-09-13', 0, NULL, NULL, NULL, 2, 1016, 1, NULL, NULL, '2025-05-05 15:31:18', '2025-05-05 15:31:18', NULL, NULL, NULL),
(2586, 737.23, 'Transferência Pix enviada Marco Antonio Bubola', '2024-09-13', 0, NULL, NULL, NULL, 2, 1013, 2, NULL, NULL, '2025-05-05 15:31:18', '2025-05-05 15:31:18', NULL, NULL, NULL),
(2587, 0.43, 'Rendimentos', '2024-09-16', 0, NULL, NULL, NULL, 2, 1016, 1, NULL, NULL, '2025-05-05 15:31:18', '2025-05-05 15:31:18', NULL, NULL, NULL),
(2588, 0.43, 'Rendimentos', '2024-09-17', 0, NULL, NULL, NULL, 2, 1016, 1, NULL, NULL, '2025-05-05 15:31:18', '2025-05-05 15:31:18', NULL, NULL, NULL),
(2589, 234.00, 'Transferência Pix recebida Marco Antonio Bubola', '2024-09-17', 0, NULL, NULL, NULL, 2, 1013, 1, NULL, NULL, '2025-05-05 15:31:18', '2025-05-05 15:31:18', NULL, NULL, NULL),
(2590, 0.52, 'Rendimentos', '2024-09-18', 0, NULL, NULL, NULL, 2, 1016, 1, NULL, NULL, '2025-05-05 15:31:18', '2025-05-05 15:31:18', NULL, NULL, NULL),
(2591, 0.51, 'Rendimentos', '2024-09-19', 0, NULL, NULL, NULL, 2, 1016, 1, NULL, NULL, '2025-05-05 15:31:18', '2025-05-05 15:31:18', NULL, NULL, NULL),
(2592, 0.52, 'Rendimentos', '2024-09-20', 0, NULL, NULL, NULL, 2, 1016, 1, NULL, NULL, '2025-05-05 15:31:18', '2025-05-05 15:31:18', NULL, NULL, NULL),
(2593, 176.03, 'Pagamento com QR Pix CAIXA ECONOMICA FEDERAL', '2024-09-20', 0, NULL, NULL, NULL, 2, 1013, 2, NULL, NULL, '2025-05-05 15:31:18', '2025-05-05 15:31:18', NULL, NULL, NULL),
(2594, 176.03, 'Transferência Pix recebida MARCO ANTONIO BUBOLA', '2024-09-20', 0, NULL, NULL, NULL, 2, 1013, 1, NULL, NULL, '2025-05-05 15:31:18', '2025-05-05 15:31:18', NULL, NULL, NULL),
(2595, 0.52, 'Rendimentos', '2024-09-23', 0, NULL, NULL, NULL, 2, 1016, 1, NULL, NULL, '2025-05-05 15:31:18', '2025-05-05 15:31:18', NULL, NULL, NULL),
(2596, 0.51, 'Rendimentos', '2024-09-24', 0, NULL, NULL, NULL, 2, 1016, 1, NULL, NULL, '2025-05-05 15:31:19', '2025-05-05 15:31:19', NULL, NULL, NULL),
(2597, 800.00, 'Transferência Pix recebida Marco Antonio Bubola', '2024-09-24', 0, NULL, NULL, NULL, 2, 1013, 1, NULL, NULL, '2025-05-05 15:31:19', '2025-05-05 15:31:19', NULL, NULL, NULL),
(2598, 0.80, 'Rendimentos', '2024-09-25', 0, NULL, NULL, NULL, 2, 1016, 1, NULL, NULL, '2025-05-05 15:31:19', '2025-05-05 15:31:19', NULL, NULL, NULL),
(2599, 1848.52, 'Pagamento de contas Banco Santander (Brasil) S. A.', '2024-09-25', 0, NULL, NULL, NULL, 2, 1014, 2, NULL, NULL, '2025-05-05 15:31:19', '2025-05-05 15:31:19', NULL, NULL, NULL),
(2600, 0.17, 'Rendimentos', '2024-09-26', 0, NULL, NULL, NULL, 2, 1016, 1, NULL, NULL, '2025-05-05 15:31:19', '2025-05-05 15:31:19', NULL, NULL, NULL),
(2601, 0.18, 'Rendimentos', '2024-09-27', 0, NULL, NULL, NULL, 2, 1016, 1, NULL, NULL, '2025-05-05 15:31:19', '2025-05-05 15:31:19', NULL, NULL, NULL),
(2602, 0.17, 'Rendimentos', '2024-09-30', 0, NULL, NULL, NULL, 2, 1016, 1, NULL, NULL, '2025-05-05 15:31:19', '2025-05-05 15:31:19', NULL, NULL, NULL),
(2603, 55.00, 'Transferência enviada Caua Araujo Vaz De Lima', '2024-09-30', 0, NULL, NULL, NULL, 2, 1013, 2, NULL, NULL, '2025-05-05 15:31:19', '2025-05-05 15:31:19', NULL, NULL, NULL),
(2604, 160.00, 'Transferência Pix enviada ANA CAROLINA FERREIRA COELHO FREIRE', '2024-09-01', 0, NULL, NULL, NULL, 2, 1013, 2, NULL, NULL, '2025-05-05 15:32:08', '2025-05-05 15:32:08', NULL, NULL, NULL),
(2605, 0.20, 'Rendimentos', '2024-09-02', 0, NULL, NULL, NULL, 2, 1016, 1, NULL, NULL, '2025-05-05 15:32:08', '2025-05-05 15:32:08', NULL, NULL, NULL),
(2606, 0.14, 'Rendimentos', '2024-09-03', 0, NULL, NULL, NULL, 2, 1016, 1, NULL, NULL, '2025-05-05 15:32:08', '2025-05-05 15:32:08', NULL, NULL, NULL),
(2607, 0.15, 'Rendimentos', '2024-09-04', 0, NULL, NULL, NULL, 2, 1016, 1, NULL, NULL, '2025-05-05 15:32:08', '2025-05-05 15:32:08', NULL, NULL, NULL),
(2608, 0.14, 'Rendimentos', '2024-09-05', 0, NULL, NULL, NULL, 2, 1016, 1, NULL, NULL, '2025-05-05 15:32:08', '2025-05-05 15:32:08', NULL, NULL, NULL),
(2609, 0.15, 'Rendimentos', '2024-09-06', 0, NULL, NULL, NULL, 2, 1016, 1, NULL, NULL, '2025-05-05 15:32:08', '2025-05-05 15:32:08', NULL, NULL, NULL),
(2610, 1710.00, 'Transferência Pix recebida MARCO ANTONIO BUBOLA', '2024-09-08', 0, NULL, NULL, NULL, 2, 1013, 1, NULL, NULL, '2025-05-05 15:32:08', '2025-05-05 15:32:08', NULL, NULL, NULL),
(2611, 0.15, 'Rendimentos', '2024-09-09', 0, NULL, NULL, NULL, 2, 1016, 1, NULL, NULL, '2025-05-05 15:32:08', '2025-05-05 15:32:08', NULL, NULL, NULL),
(2612, 0.69, 'Rendimentos', '2024-09-10', 0, NULL, NULL, NULL, 2, 1016, 1, NULL, NULL, '2025-05-05 15:32:08', '2025-05-05 15:32:08', NULL, NULL, NULL),
(2613, 89.90, 'Pagamento de contas Banco Inter S.A.', '2024-09-10', 0, NULL, NULL, NULL, 2, 1015, 2, NULL, NULL, '2025-05-05 15:32:08', '2025-05-05 15:32:08', NULL, NULL, NULL),
(2614, 0.68, 'Rendimentos', '2024-09-11', 0, NULL, NULL, NULL, 2, 1016, 1, NULL, NULL, '2025-05-05 15:32:08', '2025-05-05 15:32:08', NULL, NULL, NULL),
(2615, 0.67, 'Rendimentos', '2024-09-12', 0, NULL, NULL, NULL, 2, 1016, 1, NULL, NULL, '2025-05-05 15:32:08', '2025-05-05 15:32:08', NULL, NULL, NULL),
(2616, 0.68, 'Rendimentos', '2024-09-13', 0, NULL, NULL, NULL, 2, 1016, 1, NULL, NULL, '2025-05-05 15:32:08', '2025-05-05 15:32:08', NULL, NULL, NULL),
(2617, 737.23, 'Transferência Pix enviada Marco Antonio Bubola', '2024-09-13', 0, NULL, NULL, NULL, 2, 1013, 2, NULL, NULL, '2025-05-05 15:32:08', '2025-05-05 15:32:08', NULL, NULL, NULL),
(2618, 0.43, 'Rendimentos', '2024-09-16', 0, NULL, NULL, NULL, 2, 1016, 1, NULL, NULL, '2025-05-05 15:32:08', '2025-05-05 15:32:08', NULL, NULL, NULL),
(2619, 0.43, 'Rendimentos', '2024-09-17', 0, NULL, NULL, NULL, 2, 1016, 1, NULL, NULL, '2025-05-05 15:32:08', '2025-05-05 15:32:08', NULL, NULL, NULL),
(2620, 234.00, 'Transferência Pix recebida Marco Antonio Bubola', '2024-09-17', 0, NULL, NULL, NULL, 2, 1013, 1, NULL, NULL, '2025-05-05 15:32:08', '2025-05-05 15:32:08', NULL, NULL, NULL),
(2621, 0.52, 'Rendimentos', '2024-09-18', 0, NULL, NULL, NULL, 2, 1016, 1, NULL, NULL, '2025-05-05 15:32:08', '2025-05-05 15:32:08', NULL, NULL, NULL),
(2622, 0.51, 'Rendimentos', '2024-09-19', 0, NULL, NULL, NULL, 2, 1016, 1, NULL, NULL, '2025-05-05 15:32:08', '2025-05-05 15:32:08', NULL, NULL, NULL),
(2623, 0.52, 'Rendimentos', '2024-09-20', 0, NULL, NULL, NULL, 2, 1016, 1, NULL, NULL, '2025-05-05 15:32:08', '2025-05-05 15:32:08', NULL, NULL, NULL),
(2624, 176.03, 'Pagamento com QR Pix CAIXA ECONOMICA FEDERAL', '2024-09-20', 0, NULL, NULL, NULL, 2, 1013, 2, NULL, NULL, '2025-05-05 15:32:08', '2025-05-05 15:32:08', NULL, NULL, NULL),
(2625, 176.03, 'Transferência Pix recebida MARCO ANTONIO BUBOLA', '2024-09-20', 0, NULL, NULL, NULL, 2, 1013, 1, NULL, NULL, '2025-05-05 15:32:08', '2025-05-05 15:32:08', NULL, NULL, NULL),
(2626, 0.52, 'Rendimentos', '2024-09-23', 0, NULL, NULL, NULL, 2, 1016, 1, NULL, NULL, '2025-05-05 15:32:08', '2025-05-05 15:32:08', NULL, NULL, NULL),
(2627, 0.51, 'Rendimentos', '2024-09-24', 0, NULL, NULL, NULL, 2, 1016, 1, NULL, NULL, '2025-05-05 15:32:08', '2025-05-05 15:32:08', NULL, NULL, NULL),
(2628, 800.00, 'Transferência Pix recebida Marco Antonio Bubola', '2024-09-24', 0, NULL, NULL, NULL, 2, 1013, 1, NULL, NULL, '2025-05-05 15:32:08', '2025-05-05 15:32:08', NULL, NULL, NULL),
(2629, 0.80, 'Rendimentos', '2024-09-25', 0, NULL, NULL, NULL, 2, 1016, 1, NULL, NULL, '2025-05-05 15:32:08', '2025-05-05 15:32:08', NULL, NULL, NULL),
(2630, 1848.52, 'Pagamento de contas Banco Santander (Brasil) S. A.', '2024-09-25', 0, NULL, NULL, NULL, 2, 1014, 2, NULL, NULL, '2025-05-05 15:32:08', '2025-05-05 15:32:08', NULL, NULL, NULL),
(2631, 0.17, 'Rendimentos', '2024-09-26', 0, NULL, NULL, NULL, 2, 1016, 1, NULL, NULL, '2025-05-05 15:32:08', '2025-05-05 15:32:08', NULL, NULL, NULL),
(2632, 0.18, 'Rendimentos', '2024-09-27', 0, NULL, NULL, NULL, 2, 1016, 1, NULL, NULL, '2025-05-05 15:32:08', '2025-05-05 15:32:08', NULL, NULL, NULL),
(2633, 0.17, 'Rendimentos', '2024-09-30', 0, NULL, NULL, NULL, 2, 1016, 1, NULL, NULL, '2025-05-05 15:32:08', '2025-05-05 15:32:08', NULL, NULL, NULL),
(2634, 55.00, 'Transferência enviada Caua Araujo Vaz De Lima', '2024-09-30', 0, NULL, NULL, NULL, 2, 1026, 2, NULL, NULL, '2025-05-05 15:32:08', '2025-05-05 15:32:08', NULL, NULL, NULL),
(2642, 33.00, 'pagamentos', '2025-03-10', 0, NULL, NULL, NULL, 2, 1026, 1, NULL, NULL, '2025-06-05 00:40:37', '2025-06-05 00:40:37', NULL, NULL, NULL),
(2643, 350.00, 'Transferência Pix recebida Marco Antonio Bubola', '2025-01-06', 0, NULL, NULL, NULL, 2, 1013, 1, NULL, NULL, '2025-06-05 00:57:42', '2025-06-05 00:57:42', NULL, NULL, NULL),
(2724, 4040.97, 'De  al 31-05-2025Periodo: Entradas: Saidas: DETALHE DOS MOVIMENTOS', '2025-05-01', 0, NULL, NULL, NULL, 1, 1042, 2, NULL, NULL, '2025-06-17 13:33:51', '2025-06-17 13:33:51', NULL, NULL, NULL),
(2725, 0.36, 'Rendimentos', '2025-05-02', 0, NULL, NULL, NULL, 1, 1042, 1, NULL, NULL, '2025-06-17 13:33:51', '2025-06-17 13:33:51', NULL, NULL, NULL),
(2726, 0.28, 'Rendimentos', '2025-05-05', 0, NULL, NULL, NULL, 1, 1042, 1, NULL, NULL, '2025-06-17 13:33:51', '2025-06-17 13:33:51', NULL, NULL, NULL),
(2727, 0.27, 'Rendimentos', '2025-05-06', 0, NULL, NULL, NULL, 1, 1042, 1, NULL, NULL, '2025-06-17 13:33:51', '2025-06-17 13:33:51', NULL, NULL, NULL),
(2728, 0.28, 'Rendimentos', '2025-05-07', 0, NULL, NULL, NULL, 1, 1042, 1, NULL, NULL, '2025-06-17 13:33:51', '2025-06-17 13:33:51', NULL, NULL, NULL),
(2729, 213.10, 'Transferência Pix recebida Marco Antonio Bubola', '2025-05-07', 0, NULL, NULL, NULL, 1, 1042, 1, NULL, NULL, '2025-06-17 13:33:51', '2025-06-17 13:33:51', NULL, NULL, NULL),
(2730, 0.28, 'Rendimentos', '2025-05-08', 0, NULL, NULL, NULL, 1, 1042, 1, NULL, NULL, '2025-06-17 13:33:51', '2025-06-17 13:33:51', NULL, NULL, NULL),
(2731, 0.39, 'Rendimentos', '2025-05-09', 0, NULL, NULL, NULL, 1, 1042, 1, NULL, NULL, '2025-06-17 13:33:51', '2025-06-17 13:33:51', NULL, NULL, NULL),
(2732, 168.84, 'Pagamento de contas Banco Bradesco S.A.', '2025-05-09', 0, NULL, NULL, NULL, 1, 1042, 2, NULL, NULL, '2025-06-17 13:33:51', '2025-06-17 13:33:51', NULL, NULL, NULL),
(2733, 1900.00, 'Transferência Pix recebida Marco Antonio Bubola', '2025-05-11', 0, NULL, NULL, NULL, 1, 1042, 1, NULL, NULL, '2025-06-17 13:33:51', '2025-06-17 13:33:51', NULL, NULL, NULL),
(2734, 2023.18, 'Pagamento de contas Banco Inter S.A.', '2025-05-11', 0, NULL, NULL, NULL, 1, 1042, 2, NULL, NULL, '2025-06-17 13:33:51', '2025-06-17 13:33:51', NULL, NULL, NULL),
(2735, 0.30, 'Rendimentos', '2025-05-12', 0, NULL, NULL, NULL, 1, 1042, 1, NULL, NULL, '2025-06-17 13:33:51', '2025-06-17 13:33:51', NULL, NULL, NULL),
(2736, 67.46, 'Débito por dívida Empréstimos Mercado Pago', '2025-05-12', 0, NULL, NULL, NULL, 1, 1042, 2, NULL, NULL, '2025-06-17 13:33:51', '2025-06-17 13:33:51', NULL, NULL, NULL),
(2737, 200.00, 'Transferência Pix recebida Marco Antonio Bubola', '2025-05-12', 0, NULL, NULL, NULL, 1, 1042, 1, NULL, NULL, '2025-06-17 13:33:51', '2025-06-17 13:33:51', NULL, NULL, NULL),
(2738, 0.23, 'Rendimentos', '2025-05-13', 0, NULL, NULL, NULL, 1, 1042, 1, NULL, NULL, '2025-06-17 13:33:51', '2025-06-17 13:33:51', NULL, NULL, NULL),
(2739, 0.31, 'Rendimentos', '2025-05-14', 0, NULL, NULL, NULL, 1, 1042, 1, NULL, NULL, '2025-06-17 13:33:51', '2025-06-17 13:33:51', NULL, NULL, NULL),
(2740, 0.31, 'Rendimentos', '2025-05-15', 0, NULL, NULL, NULL, 1, 1042, 1, NULL, NULL, '2025-06-17 13:33:51', '2025-06-17 13:33:51', NULL, NULL, NULL),
(2741, 546.64, 'Pagamento de contas Nu Pagamentos S. A.', '2025-05-15', 0, NULL, NULL, NULL, 1, 1042, 2, NULL, NULL, '2025-06-17 13:33:51', '2025-06-17 13:33:51', NULL, NULL, NULL),
(2742, 0.31, 'Rendimentos', '2025-05-16', 0, NULL, NULL, NULL, 1, 1042, 1, NULL, NULL, '2025-06-17 13:33:51', '2025-06-17 13:33:51', NULL, NULL, NULL),
(2743, 96.00, 'Transferência enviada Caua Araujo Vaz De Lima', '2025-05-16', 0, NULL, NULL, NULL, 1, 1042, 2, NULL, NULL, '2025-06-17 13:33:51', '2025-06-17 13:33:51', NULL, NULL, NULL),
(2744, 605.00, 'Transferência Pix recebida Marco Antonio Bubola', '2025-05-18', 0, NULL, NULL, NULL, 1, 1042, 1, NULL, NULL, '2025-06-17 13:33:51', '2025-06-17 13:33:51', NULL, NULL, NULL),
(2745, 605.00, 'Dinheiro reservado Eudora', '2025-05-18', 0, NULL, NULL, NULL, 1, 1042, 2, NULL, NULL, '2025-06-17 13:33:51', '2025-06-17 13:33:51', NULL, NULL, NULL),
(2746, 0.04, 'Rendimentos', '2025-05-19', 0, NULL, NULL, NULL, 1, 1042, 1, NULL, NULL, '2025-06-17 13:33:51', '2025-06-17 13:33:51', NULL, NULL, NULL),
(2747, 0.02, 'Rendimentos', '2025-05-20', 0, NULL, NULL, NULL, 1, 1042, 1, NULL, NULL, '2025-06-17 13:33:51', '2025-06-17 13:33:51', NULL, NULL, NULL),
(2748, 0.02, 'Rendimentos', '2025-05-21', 0, NULL, NULL, NULL, 1, 1042, 1, NULL, NULL, '2025-06-17 13:33:51', '2025-06-17 13:33:51', NULL, NULL, NULL),
(2749, 0.02, 'Rendimentos', '2025-05-22', 0, NULL, NULL, NULL, 1, 1042, 1, NULL, NULL, '2025-06-17 13:33:51', '2025-06-17 13:33:51', NULL, NULL, NULL),
(2750, 13.85, 'Pagamento com QR Pix SEM PARAR INSTITUICAO DE PAGAMENTO LTDA', '2025-05-22', 0, NULL, NULL, NULL, 1, 1042, 2, NULL, NULL, '2025-06-17 13:33:51', '2025-06-17 13:33:51', NULL, NULL, NULL),
(2751, 0.02, 'Rendimentos', '2025-05-23', 0, NULL, NULL, NULL, 1, 1042, 1, NULL, NULL, '2025-06-17 13:33:51', '2025-06-17 13:33:51', NULL, NULL, NULL),
(2752, 80.00, 'Transferência Pix recebida ANA CAROLINA FERREIRA COELHO FREIRE', '2025-05-23', 0, NULL, NULL, NULL, 1, 1042, 1, NULL, NULL, '2025-06-17 13:33:51', '2025-06-17 13:33:51', NULL, NULL, NULL),
(2753, 0.02, 'Rendimentos', '2025-05-26', 0, NULL, NULL, NULL, 1, 1042, 1, NULL, NULL, '2025-06-17 13:33:51', '2025-06-17 13:33:51', NULL, NULL, NULL),
(2754, 100.00, 'Transferência Pix enviada Eder Goncalves', '2025-05-26', 0, NULL, NULL, NULL, 1, 1042, 2, NULL, NULL, '2025-06-17 13:33:51', '2025-06-17 13:33:51', NULL, NULL, NULL),
(2755, 0.05, 'Rendimentos', '2025-05-27', 0, NULL, NULL, NULL, 1, 1042, 1, NULL, NULL, '2025-06-17 13:33:51', '2025-06-17 13:33:51', NULL, NULL, NULL),
(2756, 100.00, 'Transferência Pix recebida ANA CAROLINA FERREIRA COELHO FREIRE', '2025-05-27', 0, NULL, NULL, NULL, 1, 1042, 1, NULL, NULL, '2025-06-17 13:33:51', '2025-06-17 13:33:51', NULL, NULL, NULL),
(2757, 100.00, 'Dinheiro reservado Eudora', '2025-05-27', 0, NULL, NULL, NULL, 1, 1042, 2, NULL, NULL, '2025-06-17 13:33:51', '2025-06-17 13:33:51', NULL, NULL, NULL),
(2758, 0.01, 'Rendimentos', '2025-05-28', 0, NULL, NULL, NULL, 1, 1042, 1, NULL, NULL, '2025-06-17 13:33:51', '2025-06-17 13:33:51', NULL, NULL, NULL),
(2759, 0.01, 'Rendimentos', '2025-05-29', 0, NULL, NULL, NULL, 1, 1042, 1, NULL, NULL, '2025-06-17 13:33:51', '2025-06-17 13:33:51', NULL, NULL, NULL),
(2760, 0.01, 'Rendimentos', '2025-05-30', 0, NULL, NULL, NULL, 1, 1042, 1, NULL, NULL, '2025-06-17 13:33:51', '2025-06-17 13:33:51', NULL, NULL, NULL),
(2761, 160.00, 'Dinheiro retirado Eudora', '2025-05-30', 0, NULL, NULL, NULL, 1, 1042, 1, NULL, NULL, '2025-06-17 13:33:51', '2025-06-17 13:33:51', NULL, NULL, NULL),
(2762, 160.00, 'Transferência enviada Caua Araujo Vaz De Lima', '2025-05-30', 0, NULL, NULL, NULL, 1, 1042, 2, NULL, NULL, '2025-06-17 13:33:51', '2025-06-17 13:33:51', NULL, NULL, NULL),
(2763, 160.00, 'Transferência cancelada Caua Araujo Vaz De Lima', '2025-05-30', 0, NULL, NULL, NULL, 1, 1042, 1, NULL, NULL, '2025-06-17 13:33:51', '2025-06-17 13:33:51', NULL, NULL, NULL),
(2764, 160.00, 'Dinheiro reservado Eudora', '2025-05-30', 0, NULL, NULL, NULL, 1, 1042, 2, NULL, NULL, '2025-06-17 13:33:51', '2025-06-17 13:33:51', NULL, NULL, NULL),
(2765, 4040.97, 'De  al 31-05-2025Periodo: Entradas: Saidas: DETALHE DOS MOVIMENTOS', '2025-05-01', 0, NULL, NULL, NULL, 1, 1042, 2, NULL, NULL, '2025-06-17 13:34:59', '2025-06-17 13:34:59', NULL, NULL, NULL),
(2766, 0.36, 'Rendimentos', '2025-05-02', 0, NULL, NULL, NULL, 1, 1042, 1, NULL, NULL, '2025-06-17 13:34:59', '2025-06-17 13:34:59', NULL, NULL, NULL),
(2767, 0.28, 'Rendimentos', '2025-05-05', 0, NULL, NULL, NULL, 1, 1042, 1, NULL, NULL, '2025-06-17 13:34:59', '2025-06-17 13:34:59', NULL, NULL, NULL),
(2768, 0.27, 'Rendimentos', '2025-05-06', 0, NULL, NULL, NULL, 1, 1042, 1, NULL, NULL, '2025-06-17 13:34:59', '2025-06-17 13:34:59', NULL, NULL, NULL),
(2769, 0.28, 'Rendimentos', '2025-05-07', 0, NULL, NULL, NULL, 1, 1042, 1, NULL, NULL, '2025-06-17 13:34:59', '2025-06-17 13:34:59', NULL, NULL, NULL),
(2770, 213.10, 'Transferência Pix recebida Marco Antonio Bubola', '2025-05-07', 0, NULL, NULL, NULL, 1, 1042, 1, NULL, NULL, '2025-06-17 13:34:59', '2025-06-17 13:34:59', NULL, NULL, NULL),
(2771, 0.28, 'Rendimentos', '2025-05-08', 0, NULL, NULL, NULL, 1, 1042, 1, NULL, NULL, '2025-06-17 13:34:59', '2025-06-17 13:34:59', NULL, NULL, NULL),
(2772, 0.39, 'Rendimentos', '2025-05-09', 0, NULL, NULL, NULL, 1, 1042, 1, NULL, NULL, '2025-06-17 13:34:59', '2025-06-17 13:34:59', NULL, NULL, NULL),
(2773, 168.84, 'Pagamento de contas Banco Bradesco S.A.', '2025-05-09', 0, NULL, NULL, NULL, 1, 1042, 2, NULL, NULL, '2025-06-17 13:34:59', '2025-06-17 13:34:59', NULL, NULL, NULL),
(2774, 1900.00, 'Transferência Pix recebida Marco Antonio Bubola', '2025-05-11', 0, NULL, NULL, NULL, 1, 1042, 1, NULL, NULL, '2025-06-17 13:34:59', '2025-06-17 13:34:59', NULL, NULL, NULL),
(2775, 2023.18, 'Pagamento de contas Banco Inter S.A.', '2025-05-11', 0, NULL, NULL, NULL, 1, 1042, 2, NULL, NULL, '2025-06-17 13:34:59', '2025-06-17 13:34:59', NULL, NULL, NULL),
(2776, 0.30, 'Rendimentos', '2025-05-12', 0, NULL, NULL, NULL, 1, 1042, 1, NULL, NULL, '2025-06-17 13:34:59', '2025-06-17 13:34:59', NULL, NULL, NULL),
(2777, 67.46, 'Débito por dívida Empréstimos Mercado Pago', '2025-05-12', 0, NULL, NULL, NULL, 1, 1042, 2, NULL, NULL, '2025-06-17 13:34:59', '2025-06-17 13:34:59', NULL, NULL, NULL),
(2778, 200.00, 'Transferência Pix recebida Marco Antonio Bubola', '2025-05-12', 0, NULL, NULL, NULL, 1, 1042, 1, NULL, NULL, '2025-06-17 13:34:59', '2025-06-17 13:34:59', NULL, NULL, NULL),
(2779, 0.23, 'Rendimentos', '2025-05-13', 0, NULL, NULL, NULL, 1, 1042, 1, NULL, NULL, '2025-06-17 13:34:59', '2025-06-17 13:34:59', NULL, NULL, NULL),
(2780, 0.31, 'Rendimentos', '2025-05-14', 0, NULL, NULL, NULL, 1, 1042, 1, NULL, NULL, '2025-06-17 13:34:59', '2025-06-17 13:34:59', NULL, NULL, NULL),
(2781, 0.31, 'Rendimentos', '2025-05-15', 0, NULL, NULL, NULL, 1, 1042, 1, NULL, NULL, '2025-06-17 13:34:59', '2025-06-17 13:34:59', NULL, NULL, NULL),
(2782, 546.64, 'Pagamento de contas Nu Pagamentos S. A.', '2025-05-15', 0, NULL, NULL, NULL, 1, 1042, 2, NULL, NULL, '2025-06-17 13:34:59', '2025-06-17 13:34:59', NULL, NULL, NULL),
(2783, 0.31, 'Rendimentos', '2025-05-16', 0, NULL, NULL, NULL, 1, 1042, 1, NULL, NULL, '2025-06-17 13:34:59', '2025-06-17 13:34:59', NULL, NULL, NULL),
(2784, 96.00, 'Transferência enviada Caua Araujo Vaz De Lima', '2025-05-16', 0, NULL, NULL, NULL, 1, 1042, 2, NULL, NULL, '2025-06-17 13:34:59', '2025-06-17 13:34:59', NULL, NULL, NULL),
(2785, 605.00, 'Transferência Pix recebida Marco Antonio Bubola', '2025-05-18', 0, NULL, NULL, NULL, 1, 1042, 1, NULL, NULL, '2025-06-17 13:34:59', '2025-06-17 13:34:59', NULL, NULL, NULL),
(2786, 605.00, 'Dinheiro reservado Eudora', '2025-05-18', 0, NULL, NULL, NULL, 1, 1042, 2, NULL, NULL, '2025-06-17 13:34:59', '2025-06-17 13:34:59', NULL, NULL, NULL),
(2787, 0.04, 'Rendimentos', '2025-05-19', 0, NULL, NULL, NULL, 1, 1042, 1, NULL, NULL, '2025-06-17 13:34:59', '2025-06-17 13:34:59', NULL, NULL, NULL),
(2788, 0.02, 'Rendimentos', '2025-05-20', 0, NULL, NULL, NULL, 1, 1042, 1, NULL, NULL, '2025-06-17 13:34:59', '2025-06-17 13:34:59', NULL, NULL, NULL),
(2789, 0.02, 'Rendimentos', '2025-05-21', 0, NULL, NULL, NULL, 1, 1042, 1, NULL, NULL, '2025-06-17 13:34:59', '2025-06-17 13:34:59', NULL, NULL, NULL),
(2790, 0.02, 'Rendimentos', '2025-05-22', 0, NULL, NULL, NULL, 1, 1042, 1, NULL, NULL, '2025-06-17 13:34:59', '2025-06-17 13:34:59', NULL, NULL, NULL),
(2791, 13.85, 'Pagamento com QR Pix SEM PARAR INSTITUICAO DE PAGAMENTO LTDA', '2025-05-22', 0, NULL, NULL, NULL, 1, 1042, 2, NULL, NULL, '2025-06-17 13:34:59', '2025-06-17 13:34:59', NULL, NULL, NULL),
(2792, 0.02, 'Rendimentos', '2025-05-23', 0, NULL, NULL, NULL, 1, 1042, 1, NULL, NULL, '2025-06-17 13:34:59', '2025-06-17 13:34:59', NULL, NULL, NULL),
(2793, 80.00, 'Transferência Pix recebida ANA CAROLINA FERREIRA COELHO FREIRE', '2025-05-23', 0, NULL, NULL, NULL, 1, 1042, 1, NULL, NULL, '2025-06-17 13:34:59', '2025-06-17 13:34:59', NULL, NULL, NULL),
(2794, 0.02, 'Rendimentos', '2025-05-26', 0, NULL, NULL, NULL, 1, 1042, 1, NULL, NULL, '2025-06-17 13:34:59', '2025-06-17 13:34:59', NULL, NULL, NULL),
(2795, 100.00, 'Transferência Pix enviada Eder Goncalves', '2025-05-26', 0, NULL, NULL, NULL, 1, 1042, 2, NULL, NULL, '2025-06-17 13:34:59', '2025-06-17 13:34:59', NULL, NULL, NULL),
(2796, 0.05, 'Rendimentos', '2025-05-27', 0, NULL, NULL, NULL, 1, 1042, 1, NULL, NULL, '2025-06-17 13:34:59', '2025-06-17 13:34:59', NULL, NULL, NULL),
(2797, 100.00, 'Transferência Pix recebida ANA CAROLINA FERREIRA COELHO FREIRE', '2025-05-27', 0, NULL, NULL, NULL, 1, 1042, 1, NULL, NULL, '2025-06-17 13:34:59', '2025-06-17 13:34:59', NULL, NULL, NULL),
(2798, 100.00, 'Dinheiro reservado Eudora', '2025-05-27', 0, NULL, NULL, NULL, 1, 1042, 2, NULL, NULL, '2025-06-17 13:34:59', '2025-06-17 13:34:59', NULL, NULL, NULL),
(2799, 0.01, 'Rendimentos', '2025-05-28', 0, NULL, NULL, NULL, 1, 1042, 1, NULL, NULL, '2025-06-17 13:34:59', '2025-06-17 13:34:59', NULL, NULL, NULL),
(2800, 0.01, 'Rendimentos', '2025-05-29', 0, NULL, NULL, NULL, 1, 1042, 1, NULL, NULL, '2025-06-17 13:34:59', '2025-06-17 13:34:59', NULL, NULL, NULL),
(2801, 0.01, 'Rendimentos', '2025-05-30', 0, NULL, NULL, NULL, 1, 1042, 1, NULL, NULL, '2025-06-17 13:34:59', '2025-06-17 13:34:59', NULL, NULL, NULL),
(2802, 160.00, 'Dinheiro retirado Eudora', '2025-05-30', 0, NULL, NULL, NULL, 1, 1042, 1, NULL, NULL, '2025-06-17 13:34:59', '2025-06-17 13:34:59', NULL, NULL, NULL),
(2803, 160.00, 'Transferência enviada Caua Araujo Vaz De Lima', '2025-05-30', 0, NULL, NULL, NULL, 1, 1042, 2, NULL, NULL, '2025-06-17 13:34:59', '2025-06-17 13:34:59', NULL, NULL, NULL),
(2804, 160.00, 'Transferência cancelada Caua Araujo Vaz De Lima', '2025-05-30', 0, NULL, NULL, NULL, 1, 1042, 1, NULL, NULL, '2025-06-17 13:34:59', '2025-06-17 13:34:59', NULL, NULL, NULL),
(2805, 160.00, 'Dinheiro reservado Eudora', '2025-05-30', 0, NULL, NULL, NULL, 1, 1042, 2, NULL, NULL, '2025-06-17 13:34:59', '2025-06-17 13:34:59', NULL, NULL, NULL),
(2806, 4040.97, 'De  al 31-05-2025Periodo: Entradas: Saidas: DETALHE DOS MOVIMENTOS', '2025-05-01', 0, NULL, NULL, NULL, 1, 1042, 2, NULL, NULL, '2025-06-17 13:40:23', '2025-06-17 13:40:23', NULL, NULL, NULL),
(2807, 0.36, 'Rendimentos', '2025-05-02', 0, NULL, NULL, NULL, 1, 1042, 1, NULL, NULL, '2025-06-17 13:40:23', '2025-06-17 13:40:23', NULL, NULL, NULL),
(2808, 0.28, 'Rendimentos', '2025-05-05', 0, NULL, NULL, NULL, 1, 1042, 1, NULL, NULL, '2025-06-17 13:40:23', '2025-06-17 13:40:23', NULL, NULL, NULL),
(2809, 0.27, 'Rendimentos', '2025-05-06', 0, NULL, NULL, NULL, 1, 1042, 1, NULL, NULL, '2025-06-17 13:40:23', '2025-06-17 13:40:23', NULL, NULL, NULL),
(2810, 0.28, 'Rendimentos', '2025-05-07', 0, NULL, NULL, NULL, 1, 1042, 1, NULL, NULL, '2025-06-17 13:40:23', '2025-06-17 13:40:23', NULL, NULL, NULL),
(2811, 213.10, 'Transferência Pix recebida Marco Antonio Bubola', '2025-05-07', 0, NULL, NULL, NULL, 1, 1042, 1, NULL, NULL, '2025-06-17 13:40:23', '2025-06-17 13:40:23', NULL, NULL, NULL),
(2812, 0.28, 'Rendimentos', '2025-05-08', 0, NULL, NULL, NULL, 1, 1042, 1, NULL, NULL, '2025-06-17 13:40:23', '2025-06-17 13:40:23', NULL, NULL, NULL),
(2813, 0.39, 'Rendimentos', '2025-05-09', 0, NULL, NULL, NULL, 1, 1042, 1, NULL, NULL, '2025-06-17 13:40:23', '2025-06-17 13:40:23', NULL, NULL, NULL),
(2814, 168.84, 'Pagamento de contas Banco Bradesco S.A.', '2025-05-09', 0, NULL, NULL, NULL, 1, 1042, 2, NULL, NULL, '2025-06-17 13:40:23', '2025-06-17 13:40:23', NULL, NULL, NULL),
(2815, 1900.00, 'Transferência Pix recebida Marco Antonio Bubola', '2025-05-11', 0, NULL, NULL, NULL, 1, 1042, 1, NULL, NULL, '2025-06-17 13:40:23', '2025-06-17 13:40:23', NULL, NULL, NULL),
(2816, 2023.18, 'Pagamento de contas Banco Inter S.A.', '2025-05-11', 0, NULL, NULL, NULL, 1, 1042, 2, NULL, NULL, '2025-06-17 13:40:23', '2025-06-17 13:40:23', NULL, NULL, NULL),
(2817, 0.30, 'Rendimentos', '2025-05-12', 0, NULL, NULL, NULL, 1, 1042, 1, NULL, NULL, '2025-06-17 13:40:23', '2025-06-17 13:40:23', NULL, NULL, NULL),
(2818, 67.46, 'Débito por dívida Empréstimos Mercado Pago', '2025-05-12', 0, NULL, NULL, NULL, 1, 1042, 2, NULL, NULL, '2025-06-17 13:40:23', '2025-06-17 13:40:23', NULL, NULL, NULL),
(2819, 200.00, 'Transferência Pix recebida Marco Antonio Bubola', '2025-05-12', 0, NULL, NULL, NULL, 1, 1042, 1, NULL, NULL, '2025-06-17 13:40:23', '2025-06-17 13:40:23', NULL, NULL, NULL),
(2820, 0.23, 'Rendimentos', '2025-05-13', 0, NULL, NULL, NULL, 1, 1042, 1, NULL, NULL, '2025-06-17 13:40:24', '2025-06-17 13:40:24', NULL, NULL, NULL),
(2821, 0.31, 'Rendimentos', '2025-05-14', 0, NULL, NULL, NULL, 1, 1042, 1, NULL, NULL, '2025-06-17 13:40:24', '2025-06-17 13:40:24', NULL, NULL, NULL),
(2822, 0.31, 'Rendimentos', '2025-05-15', 0, NULL, NULL, NULL, 1, 1042, 1, NULL, NULL, '2025-06-17 13:40:24', '2025-06-17 13:40:24', NULL, NULL, NULL),
(2823, 546.64, 'Pagamento de contas Nu Pagamentos S. A.', '2025-05-15', 0, NULL, NULL, NULL, 1, 1042, 2, NULL, NULL, '2025-06-17 13:40:24', '2025-06-17 13:40:24', NULL, NULL, NULL),
(2824, 0.31, 'Rendimentos', '2025-05-16', 0, NULL, NULL, NULL, 1, 1042, 1, NULL, NULL, '2025-06-17 13:40:24', '2025-06-17 13:40:24', NULL, NULL, NULL),
(2825, 96.00, 'Transferência enviada Caua Araujo Vaz De Lima', '2025-05-16', 0, NULL, NULL, NULL, 1, 1042, 2, NULL, NULL, '2025-06-17 13:40:24', '2025-06-17 13:40:24', NULL, NULL, NULL),
(2826, 605.00, 'Transferência Pix recebida Marco Antonio Bubola', '2025-05-18', 0, NULL, NULL, NULL, 1, 1042, 1, NULL, NULL, '2025-06-17 13:40:24', '2025-06-17 13:40:24', NULL, NULL, NULL),
(2827, 605.00, 'Dinheiro reservado Eudora', '2025-05-18', 0, NULL, NULL, NULL, 1, 1042, 2, NULL, NULL, '2025-06-17 13:40:24', '2025-06-17 13:40:24', NULL, NULL, NULL),
(2828, 0.04, 'Rendimentos', '2025-05-19', 0, NULL, NULL, NULL, 1, 1042, 1, NULL, NULL, '2025-06-17 13:40:24', '2025-06-17 13:40:24', NULL, NULL, NULL),
(2829, 0.02, 'Rendimentos', '2025-05-20', 0, NULL, NULL, NULL, 1, 1042, 1, NULL, NULL, '2025-06-17 13:40:24', '2025-06-17 13:40:24', NULL, NULL, NULL),
(2830, 0.02, 'Rendimentos', '2025-05-21', 0, NULL, NULL, NULL, 1, 1042, 1, NULL, NULL, '2025-06-17 13:40:24', '2025-06-17 13:40:24', NULL, NULL, NULL),
(2831, 0.02, 'Rendimentos', '2025-05-22', 0, NULL, NULL, NULL, 1, 1042, 1, NULL, NULL, '2025-06-17 13:40:24', '2025-06-17 13:40:24', NULL, NULL, NULL),
(2832, 13.85, 'Pagamento com QR Pix SEM PARAR INSTITUICAO DE PAGAMENTO LTDA', '2025-05-22', 0, NULL, NULL, NULL, 1, 1042, 2, NULL, NULL, '2025-06-17 13:40:24', '2025-06-17 13:40:24', NULL, NULL, NULL),
(2833, 0.02, 'Rendimentos', '2025-05-23', 0, NULL, NULL, NULL, 1, 1042, 1, NULL, NULL, '2025-06-17 13:40:24', '2025-06-17 13:40:24', NULL, NULL, NULL),
(2834, 80.00, 'Transferência Pix recebida ANA CAROLINA FERREIRA COELHO FREIRE', '2025-05-23', 0, NULL, NULL, NULL, 1, 1042, 1, NULL, NULL, '2025-06-17 13:40:24', '2025-06-17 13:40:24', NULL, NULL, NULL),
(2835, 0.02, 'Rendimentos', '2025-05-26', 0, NULL, NULL, NULL, 1, 1042, 1, NULL, NULL, '2025-06-17 13:40:24', '2025-06-17 13:40:24', NULL, NULL, NULL),
(2836, 100.00, 'Transferência Pix enviada Eder Goncalves', '2025-05-26', 0, NULL, NULL, NULL, 1, 1042, 2, NULL, NULL, '2025-06-17 13:40:24', '2025-06-17 13:40:24', NULL, NULL, NULL),
(2837, 0.05, 'Rendimentos', '2025-05-27', 0, NULL, NULL, NULL, 1, 1042, 1, NULL, NULL, '2025-06-17 13:40:24', '2025-06-17 13:40:24', NULL, NULL, NULL),
(2838, 100.00, 'Transferência Pix recebida ANA CAROLINA FERREIRA COELHO FREIRE', '2025-05-27', 0, NULL, NULL, NULL, 1, 1042, 1, NULL, NULL, '2025-06-17 13:40:24', '2025-06-17 13:40:24', NULL, NULL, NULL),
(2839, 100.00, 'Dinheiro reservado Eudora', '2025-05-27', 0, NULL, NULL, NULL, 1, 1042, 2, NULL, NULL, '2025-06-17 13:40:24', '2025-06-17 13:40:24', NULL, NULL, NULL),
(2840, 0.01, 'Rendimentos', '2025-05-28', 0, NULL, NULL, NULL, 1, 1042, 1, NULL, NULL, '2025-06-17 13:40:24', '2025-06-17 13:40:24', NULL, NULL, NULL),
(2841, 0.01, 'Rendimentos', '2025-05-29', 0, NULL, NULL, NULL, 1, 1042, 1, NULL, NULL, '2025-06-17 13:40:24', '2025-06-17 13:40:24', NULL, NULL, NULL),
(2842, 0.01, 'Rendimentos', '2025-05-30', 0, NULL, NULL, NULL, 1, 1042, 1, NULL, NULL, '2025-06-17 13:40:24', '2025-06-17 13:40:24', NULL, NULL, NULL),
(2843, 160.00, 'Dinheiro retirado Eudora', '2025-05-30', 0, NULL, NULL, NULL, 1, 1042, 1, NULL, NULL, '2025-06-17 13:40:24', '2025-06-17 13:40:24', NULL, NULL, NULL),
(2844, 160.00, 'Transferência enviada Caua Araujo Vaz De Lima', '2025-05-30', 0, NULL, NULL, NULL, 1, 1042, 2, NULL, NULL, '2025-06-17 13:40:24', '2025-06-17 13:40:24', NULL, NULL, NULL),
(2845, 160.00, 'Transferência cancelada Caua Araujo Vaz De Lima', '2025-05-30', 0, NULL, NULL, NULL, 1, 1042, 1, NULL, NULL, '2025-06-17 13:40:24', '2025-06-17 13:40:24', NULL, NULL, NULL),
(2846, 160.00, 'Dinheiro reservado Eudora', '2025-05-30', 0, NULL, NULL, NULL, 1, 1042, 2, NULL, NULL, '2025-06-17 13:40:24', '2025-06-17 13:40:24', NULL, NULL, NULL),
(2847, 0.36, 'Rendimentos', '2025-05-02', 0, NULL, NULL, NULL, 2, 1016, 1, NULL, NULL, '2025-06-17 15:10:34', '2025-06-17 15:10:34', NULL, NULL, NULL),
(2848, 0.28, 'Rendimentos', '2025-05-05', 0, NULL, NULL, NULL, 2, 1016, 1, NULL, NULL, '2025-06-17 15:10:34', '2025-06-17 15:10:34', NULL, NULL, NULL),
(2849, 0.27, 'Rendimentos', '2025-05-06', 0, NULL, NULL, NULL, 2, 1016, 1, NULL, NULL, '2025-06-17 15:10:34', '2025-06-17 15:10:34', NULL, NULL, NULL),
(2850, 0.28, 'Rendimentos', '2025-05-07', 0, NULL, NULL, NULL, 2, 1016, 1, NULL, NULL, '2025-06-17 15:10:34', '2025-06-17 15:10:34', NULL, NULL, NULL),
(2851, 213.10, 'Transferência Pix recebida Marco Antonio Bubola', '2025-05-07', 0, NULL, NULL, NULL, 2, 1013, 1, NULL, NULL, '2025-06-17 15:10:34', '2025-06-17 15:10:34', NULL, NULL, NULL),
(2852, 0.28, 'Rendimentos', '2025-05-08', 0, NULL, NULL, NULL, 2, 1016, 1, NULL, NULL, '2025-06-17 15:10:34', '2025-06-17 15:10:34', NULL, NULL, NULL),
(2853, 0.39, 'Rendimentos', '2025-05-09', 0, NULL, NULL, NULL, 2, 1016, 1, NULL, NULL, '2025-06-17 15:10:34', '2025-06-17 15:10:34', NULL, NULL, NULL),
(2854, 168.84, 'Pagamento de contas Banco Bradesco S.A.', '2025-05-09', 0, NULL, NULL, NULL, 2, 1040, 2, NULL, NULL, '2025-06-17 15:10:34', '2025-06-17 15:10:34', NULL, 35, NULL),
(2855, 1900.00, 'Transferência Pix recebida Marco Antonio Bubola', '2025-05-11', 0, NULL, NULL, NULL, 2, 1011, 1, NULL, NULL, '2025-06-17 15:10:34', '2025-06-17 15:11:09', NULL, NULL, NULL),
(2856, 2023.18, 'Pagamento de contas Banco Inter S.A.', '2025-05-11', 0, NULL, NULL, NULL, 2, 1015, 2, NULL, NULL, '2025-06-17 15:10:34', '2025-06-17 15:10:34', NULL, NULL, NULL),
(2857, 0.30, 'Rendimentos', '2025-05-12', 0, NULL, NULL, NULL, 2, 1016, 1, NULL, NULL, '2025-06-17 15:10:34', '2025-06-17 15:10:34', NULL, NULL, NULL),
(2858, 67.46, 'Débito por dívida Empréstimos Mercado Pago', '2025-05-12', 0, NULL, NULL, NULL, 2, 1024, 2, NULL, NULL, '2025-06-17 15:10:34', '2025-06-17 15:10:34', NULL, NULL, NULL),
(2859, 200.00, 'Transferência Pix recebida Marco Antonio Bubola', '2025-05-12', 0, NULL, NULL, NULL, 2, 1013, 1, NULL, NULL, '2025-06-17 15:10:34', '2025-06-17 15:10:34', NULL, NULL, NULL),
(2860, 0.23, 'Rendimentos', '2025-05-13', 0, NULL, NULL, NULL, 2, 1016, 1, NULL, NULL, '2025-06-17 15:10:34', '2025-06-17 15:10:34', NULL, NULL, NULL),
(2861, 0.31, 'Rendimentos', '2025-05-14', 0, NULL, NULL, NULL, 2, 1016, 1, NULL, NULL, '2025-06-17 15:10:34', '2025-06-17 15:10:34', NULL, NULL, NULL),
(2862, 0.31, 'Rendimentos', '2025-05-15', 0, NULL, NULL, NULL, 2, 1016, 1, NULL, NULL, '2025-06-17 15:10:34', '2025-06-17 15:10:34', NULL, NULL, NULL),
(2863, 546.64, 'Pagamento de contas Nu Pagamentos S. A.', '2025-05-15', 0, NULL, NULL, NULL, 2, 1010, 2, NULL, NULL, '2025-06-17 15:10:34', '2025-06-17 15:10:34', NULL, NULL, NULL),
(2864, 0.31, 'Rendimentos', '2025-05-16', 0, NULL, NULL, NULL, 2, 1016, 1, NULL, NULL, '2025-06-17 15:10:34', '2025-06-17 15:10:34', NULL, NULL, NULL),
(2865, 96.00, 'Transferência enviada Caua Araujo Vaz De Lima', '2025-05-16', 0, NULL, NULL, NULL, 2, 1013, 2, NULL, NULL, '2025-06-17 15:10:34', '2025-06-17 15:10:34', NULL, NULL, NULL),
(2866, 605.00, 'Transferência Pix recebida Marco Antonio Bubola', '2025-05-18', 0, NULL, NULL, NULL, 2, 1040, 1, NULL, NULL, '2025-06-17 15:10:34', '2025-06-17 15:10:34', NULL, 35, NULL),
(2867, 605.00, 'Dinheiro reservado Eudora', '2025-05-18', 0, NULL, NULL, NULL, 2, 1040, 2, NULL, NULL, '2025-06-17 15:10:34', '2025-06-17 15:10:34', NULL, 35, NULL),
(2868, 0.04, 'Rendimentos', '2025-05-19', 0, NULL, NULL, NULL, 2, 1016, 1, NULL, NULL, '2025-06-17 15:10:34', '2025-06-17 15:10:34', NULL, NULL, NULL),
(2869, 0.02, 'Rendimentos', '2025-05-20', 0, NULL, NULL, NULL, 2, 1016, 1, NULL, NULL, '2025-06-17 15:10:34', '2025-06-17 15:10:34', NULL, NULL, NULL),
(2870, 0.02, 'Rendimentos', '2025-05-21', 0, NULL, NULL, NULL, 2, 1016, 1, NULL, NULL, '2025-06-17 15:10:34', '2025-06-17 15:10:34', NULL, NULL, NULL),
(2871, 0.02, 'Rendimentos', '2025-05-22', 0, NULL, NULL, NULL, 2, 1016, 1, NULL, NULL, '2025-06-17 15:10:34', '2025-06-17 15:10:34', NULL, NULL, NULL),
(2872, 13.85, 'Pagamento com QR Pix SEM PARAR INSTITUICAO DE PAGAMENTO LTDA', '2025-05-22', 0, NULL, NULL, NULL, 2, 1013, 2, NULL, NULL, '2025-06-17 15:10:34', '2025-06-17 15:10:34', NULL, NULL, NULL),
(2873, 0.02, 'Rendimentos', '2025-05-23', 0, NULL, NULL, NULL, 2, 1016, 1, NULL, NULL, '2025-06-17 15:10:34', '2025-06-17 15:10:34', NULL, NULL, NULL),
(2874, 80.00, 'Transferência Pix recebida ANA CAROLINA FERREIRA COELHO FREIRE', '2025-05-23', 0, NULL, NULL, NULL, 2, 1013, 1, NULL, NULL, '2025-06-17 15:10:34', '2025-06-17 15:10:34', NULL, 35, NULL),
(2875, 0.02, 'Rendimentos', '2025-05-26', 0, NULL, NULL, NULL, 2, 1016, 1, NULL, NULL, '2025-06-17 15:10:34', '2025-06-17 15:10:34', NULL, NULL, NULL),
(2876, 100.00, 'Transferência Pix enviada Eder Goncalves', '2025-05-26', 0, NULL, NULL, NULL, 2, 1013, 2, NULL, NULL, '2025-06-17 15:10:34', '2025-06-17 15:10:34', NULL, NULL, NULL),
(2877, 0.05, 'Rendimentos', '2025-05-27', 0, NULL, NULL, NULL, 2, 1016, 1, NULL, NULL, '2025-06-17 15:10:34', '2025-06-17 15:10:34', NULL, NULL, NULL),
(2878, 100.00, 'Transferência Pix recebida ANA CAROLINA FERREIRA COELHO FREIRE', '2025-05-27', 0, NULL, NULL, NULL, 2, 1013, 1, NULL, NULL, '2025-06-17 15:10:34', '2025-06-17 15:10:34', NULL, 34, NULL),
(2879, 100.00, 'Dinheiro reservado Eudora', '2025-05-27', 0, NULL, NULL, NULL, 2, 1040, 2, NULL, NULL, '2025-06-17 15:10:34', '2025-06-17 15:10:34', NULL, 35, NULL),
(2880, 0.01, 'Rendimentos', '2025-05-28', 0, NULL, NULL, NULL, 2, 1016, 1, NULL, NULL, '2025-06-17 15:10:34', '2025-06-17 15:10:34', NULL, NULL, NULL),
(2881, 0.01, 'Rendimentos', '2025-05-29', 0, NULL, NULL, NULL, 2, 1016, 1, NULL, NULL, '2025-06-17 15:10:35', '2025-06-17 15:10:35', NULL, NULL, NULL),
(2882, 0.01, 'Rendimentos', '2025-05-30', 0, NULL, NULL, NULL, 2, 1016, 1, NULL, NULL, '2025-06-17 15:10:35', '2025-06-17 15:10:35', NULL, NULL, NULL),
(2883, 214.87, 'teste', '2025-06-20', 0, NULL, NULL, NULL, 1, 1042, 1, NULL, NULL, '2025-06-20 13:24:08', '2025-06-20 13:33:46', NULL, 42, 1),
(2884, 2444.00, 'sasdasas', '2025-06-20', 0, NULL, NULL, NULL, 1, 1042, 1, NULL, NULL, '2025-06-20 13:44:39', '2025-06-20 13:53:37', NULL, 42, 1),
(2885, 214.87, 'teste', '2025-06-20', 0, NULL, NULL, NULL, 1, 1042, 2, NULL, NULL, '2025-06-20 14:20:40', '2025-06-20 14:20:40', NULL, 42, 1),
(2886, 214.87, 'teste', '2025-06-20', 0, NULL, NULL, NULL, 1, 1042, 2, NULL, NULL, '2025-06-20 14:20:41', '2025-06-20 14:20:41', NULL, 42, 1);

-- --------------------------------------------------------

--
-- Estrutura para tabela `category`
--

CREATE TABLE `category` (
  `id_category` int NOT NULL,
  `parent_id` int DEFAULT NULL,
  `name` varchar(100) CHARACTER SET utf8mb4 COLLATE utf8mb4_unicode_ci NOT NULL,
  `desc_category` varchar(100) CHARACTER SET utf8mb3 COLLATE utf8mb3_general_ci DEFAULT NULL,
  `hexcolor_category` varchar(45) CHARACTER SET utf8mb3 COLLATE utf8mb3_unicode_ci DEFAULT NULL,
  `icone` varchar(100) CHARACTER SET utf8mb3 COLLATE utf8mb3_unicode_ci DEFAULT NULL,
  `descricao_detalhada` text CHARACTER SET utf8mb3 COLLATE utf8mb3_unicode_ci,
  `tipo` enum('gasto','receita','ambos') CHARACTER SET utf8mb3 COLLATE utf8mb3_unicode_ci DEFAULT 'ambos',
  `limite_orcamento` decimal(10,2) DEFAULT NULL,
  `compartilhavel` tinyint(1) DEFAULT '0',
  `tags` varchar(255) CHARACTER SET utf8mb3 COLLATE utf8mb3_unicode_ci DEFAULT NULL,
  `regras_auto_categorizacao` json DEFAULT NULL,
  `id_bank` int DEFAULT NULL,
  `id_clients` int DEFAULT NULL,
  `id_produtos_clientes` int DEFAULT NULL,
  `historico_alteracoes` text CHARACTER SET utf8mb3 COLLATE utf8mb3_unicode_ci,
  `is_active` int NOT NULL DEFAULT '1',
  `description` text CHARACTER SET utf8mb4 COLLATE utf8mb4_unicode_ci,
  `user_id` bigint UNSIGNED NOT NULL,
  `type` enum('product','transaction') CHARACTER SET utf8mb4 COLLATE utf8mb4_unicode_ci DEFAULT 'product',
  `created_at` timestamp NOT NULL DEFAULT CURRENT_TIMESTAMP,
  `updated_at` timestamp NOT NULL DEFAULT CURRENT_TIMESTAMP ON UPDATE CURRENT_TIMESTAMP
) ENGINE=InnoDB DEFAULT CHARSET=utf8mb4 COLLATE=utf8mb4_unicode_ci COMMENT='transaction';

--
-- Despejando dados para a tabela `category`
--

INSERT INTO `category` (`id_category`, `parent_id`, `name`, `desc_category`, `hexcolor_category`, `icone`, `descricao_detalhada`, `tipo`, `limite_orcamento`, `compartilhavel`, `tags`, `regras_auto_categorizacao`, `id_bank`, `id_clients`, `id_produtos_clientes`, `historico_alteracoes`, `is_active`, `description`, `user_id`, `type`, `created_at`, `updated_at`) VALUES
(1, NULL, 'Perfume', 'Categoria de teste', '#ff0a0a', 'icons8-perfume', 'Descrição detalhada da categoria', 'gasto', 1000.00, 0, 'tag1,tag2,tag3', '{\"rule1\": \"value1\", \"rule2\": \"value2\"}', NULL, NULL, NULL, 'Nenhuma alteração', 1, 'Descrição padrão', 2, 'product', '2025-04-21 15:45:51', '2025-05-08 04:32:03'),
(1010, 1017, 'Nubank', NULL, '#9900ff', 'icons8-nubank', NULL, 'ambos', NULL, 0, NULL, NULL, NULL, NULL, NULL, NULL, 1, NULL, 2, 'transaction', '2025-04-21 15:45:51', '2025-05-21 00:06:03'),
(1011, NULL, 'Salario', NULL, '#8e7cc3', 'icons8-pagamento', NULL, 'ambos', NULL, 0, NULL, NULL, NULL, NULL, NULL, NULL, 1, NULL, 2, 'transaction', '2025-04-21 15:45:51', '2025-05-07 02:20:02'),
(1012, NULL, 'Pagamento', NULL, '#ff0000', 'icons8-pagamento', NULL, 'ambos', NULL, 0, NULL, '\"\"', NULL, NULL, NULL, '\nAtualizado em: 2024-10-31 21:34:17 por marco', 1, NULL, 2, 'transaction', '2025-04-21 15:45:51', '2025-05-07 02:19:55'),
(1013, 1012, 'Pix', NULL, '#0055ff', 'icons8-pix', NULL, 'ambos', NULL, 0, NULL, NULL, NULL, NULL, NULL, NULL, 1, NULL, 2, 'transaction', '2025-04-21 15:45:51', '2025-05-07 02:47:05'),
(1014, NULL, 'Xp', NULL, '#000000', 'icons8-xp', NULL, 'ambos', NULL, 0, NULL, '\"\"', NULL, NULL, NULL, '\nAtualizado em: 2024-11-13 03:19:25 por marco', 1, NULL, 2, 'transaction', '2025-04-21 15:45:51', '2025-05-07 02:27:06'),
(1015, 1017, 'Inter', NULL, '#ff9900', 'icons8-inter', NULL, 'ambos', NULL, 0, NULL, NULL, NULL, NULL, NULL, NULL, 1, NULL, 2, 'transaction', '2025-04-21 15:45:51', '2025-05-05 21:29:08'),
(1016, 1012, 'Rendimento', NULL, '#93c47d', 'icons8-rendimento', NULL, 'ambos', NULL, 0, NULL, NULL, NULL, NULL, NULL, NULL, 1, NULL, 2, 'transaction', '2025-04-21 15:45:51', '2025-05-07 02:29:32'),
(1018, 1020, 'Bares e Restaurantes', NULL, '#0000ff', 'icons8-restaurante', NULL, 'ambos', NULL, 0, NULL, '\"\"', NULL, NULL, NULL, '\nAtualizado em: 2024-11-12 17:53:10 por marco', 1, NULL, 2, 'transaction', '2025-04-21 15:45:51', '2025-04-21 23:27:45'),
(1019, 1020, 'Compras e Beleza', NULL, '#ef0bc7', 'icons8-beleza', NULL, 'ambos', NULL, 0, NULL, '\"\"', NULL, NULL, NULL, '\nAtualizado em: 2024-11-12 17:52:05 por marco', 1, NULL, 2, 'transaction', '2025-04-21 15:45:51', '2025-04-21 23:32:11'),
(1020, NULL, 'Cartao', NULL, '#ffff00', 'icons8-cartao', NULL, 'ambos', NULL, NULL, NULL, '\"\"', NULL, NULL, NULL, 'Categoria criada em: 2024-11-07 03:03:00 por marco', 1, NULL, 2, 'transaction', '2025-04-21 15:45:51', '2025-05-07 02:31:30'),
(1021, 1020, 'Supermercados e Alimentação', NULL, '#00ff00', 'icons8-supermercado', NULL, 'ambos', NULL, NULL, NULL, NULL, NULL, NULL, NULL, 'Categoria criada em: 2024-11-12 17:54:04 por marco', 1, NULL, 2, 'transaction', '2025-04-21 15:45:51', '2025-05-07 02:33:24'),
(1022, 1020, 'Combustíveis e Postos', NULL, '#ffff00', 'icons8-posto', NULL, 'ambos', NULL, NULL, NULL, NULL, NULL, NULL, NULL, 'Categoria criada em: 2024-11-12 17:55:05 por marco', 1, NULL, 2, 'transaction', '2025-04-21 15:45:51', '2025-05-07 02:35:51'),
(1023, 1020, 'Farmácias e Saúde', NULL, '#ff7b00', 'icons8-farmacia', NULL, 'ambos', NULL, NULL, NULL, NULL, NULL, NULL, NULL, 'Categoria criada em: 2024-11-12 17:55:44 por marco', 1, NULL, 2, 'transaction', '2025-04-21 15:45:51', '2025-05-07 02:47:26'),
(1024, 1020, 'Compras Online', NULL, '#45818e', 'icons8-online', NULL, 'ambos', NULL, NULL, NULL, NULL, NULL, NULL, NULL, 'Categoria criada em: 2024-11-12 17:56:25 por marco', 1, NULL, 2, 'transaction', '2025-04-21 15:45:51', '2025-05-07 02:37:49'),
(1025, 1020, 'Transferências e Pagamentos', NULL, '#f6b26b', 'icons8-transferencia', NULL, 'ambos', NULL, NULL, NULL, NULL, NULL, NULL, NULL, 'Categoria criada em: 2024-11-12 17:57:07 por marco', 1, NULL, 2, 'transaction', '2025-04-21 15:45:51', '2025-05-07 02:39:56'),
(1026, 1020, 'Outros', NULL, '#f6b26b', 'icons8-restaurante', NULL, 'ambos', NULL, NULL, NULL, NULL, NULL, NULL, NULL, 'Categoria criada em: 2024-11-12 17:57:47 por marco', 1, NULL, 2, 'transaction', '2025-04-21 15:45:51', '2025-05-06 00:18:24'),
(1027, 1020, 'Hospedagem e Viagens', NULL, '#9fc5e8', 'icons8-viagem', NULL, 'ambos', NULL, NULL, NULL, NULL, NULL, NULL, NULL, 'Categoria criada em: 2024-11-12 18:09:03 por marco', 1, NULL, 2, 'transaction', '2025-04-21 15:45:51', '2025-04-21 23:41:18'),
(1028, 1020, 'Academia', NULL, '#ff0000', 'icons8-academia', NULL, 'ambos', NULL, NULL, NULL, '\"\"', NULL, NULL, NULL, 'Categoria criada em: 2024-11-29 15:42:42 por marco a\nAtualizado em: 2024-11-29 15:50:53 por marco a', 1, NULL, 2, 'transaction', '2025-04-21 15:45:51', '2025-05-01 14:06:37'),
(1029, 1020, 'streaming', NULL, '#a2c4c9', 'icons8-steaming', NULL, 'ambos', NULL, NULL, NULL, NULL, NULL, NULL, NULL, 'Categoria criada em: 2024-11-29 15:51:52 por marco a', 1, NULL, 2, 'transaction', '2025-04-21 15:45:51', '2025-04-21 23:43:01'),
(1030, 1020, 'Mecânico', NULL, '#000000', 'icons8-academia', NULL, 'ambos', NULL, NULL, NULL, NULL, NULL, NULL, NULL, 'Categoria criada em: 2024-11-29 16:23:11 por marco a', 1, NULL, 2, 'transaction', '2025-04-21 15:45:51', '2025-05-21 03:06:27'),
(1031, 1020, 'Drop 3', NULL, '#000000', 'bi-cart-check', NULL, 'ambos', NULL, NULL, NULL, NULL, NULL, NULL, NULL, 'Categoria criada em: 2024-11-29 16:33:12 por marco a', 1, NULL, 2, 'transaction', '2025-04-21 15:45:51', '2025-05-21 00:06:03'),
(1033, NULL, 'teste', 'teste', '#ff0000', 'bi-cart-check', NULL, 'ambos', 11.00, NULL, NULL, NULL, NULL, NULL, NULL, NULL, 1, NULL, 2, 'transaction', '2025-04-21 18:46:40', '2025-05-21 00:06:03'),
(1034, NULL, 'Nubank', 'banco nubank', '#d400ff', 'icons8-nubank', NULL, NULL, NULL, NULL, NULL, NULL, NULL, NULL, NULL, NULL, 1, NULL, 2, 'transaction', '2025-04-21 20:25:35', '2025-05-07 02:46:08'),
(1036, NULL, 'kit', 'kit', '#707070', 'icons8-box', 'te', NULL, NULL, NULL, NULL, NULL, NULL, NULL, NULL, NULL, 1, NULL, 2, 'product', '2025-04-21 20:50:32', '2025-05-07 02:50:50'),
(1037, NULL, 'Urso', NULL, '#ffffff', 'icons8-urso', NULL, 'ambos', NULL, 0, NULL, NULL, NULL, NULL, NULL, NULL, 1, NULL, 2, 'product', '2025-04-21 22:02:08', '2025-04-21 22:35:34'),
(1038, NULL, 'teste', 'teste', '#ba4040', 'bi-headphones', NULL, 'ambos', NULL, 0, NULL, NULL, NULL, NULL, NULL, NULL, 1, NULL, 2, 'product', '2025-04-25 16:32:03', '2025-04-25 16:32:03'),
(1039, NULL, 'Seguro', 'seguro', '#95eef4', 'bi-geo', NULL, 'ambos', NULL, 0, NULL, NULL, NULL, NULL, NULL, NULL, 1, NULL, 2, 'transaction', '2025-05-21 02:51:20', '2025-05-21 02:51:20'),
(1040, NULL, 'Eudora & boticario', 'Eudora & boticario', '#ee1bab', 'bi-file-earmark', NULL, 'ambos', NULL, 0, NULL, NULL, NULL, NULL, NULL, NULL, 1, NULL, 2, 'transaction', '2025-05-21 02:56:54', '2025-05-21 02:56:54'),
(1041, NULL, 'Sorveteria', NULL, '#000000', NULL, NULL, 'ambos', NULL, 0, NULL, NULL, NULL, NULL, NULL, NULL, 1, NULL, 2, 'transaction', '2025-05-21 03:54:20', '2025-05-21 03:54:20'),
(1042, NULL, 'teste', NULL, '#000000', 'icons8-transferencia', NULL, 'ambos', NULL, 0, NULL, NULL, NULL, NULL, NULL, NULL, 1, NULL, 1, 'transaction', '2025-06-09 16:10:08', '2025-06-09 16:10:08'),
(1043, NULL, 'beers/maco', NULL, '#00ff1e', NULL, NULL, 'ambos', NULL, 0, NULL, NULL, NULL, NULL, NULL, NULL, 1, NULL, 2, 'transaction', '2025-06-09 16:21:45', '2025-06-09 16:21:45');

-- --------------------------------------------------------

--
-- Estrutura para tabela `clients`
--

CREATE TABLE `clients` (
  `id` int NOT NULL,
  `name` varchar(100) NOT NULL,
  `email` varchar(255) DEFAULT NULL,
  `phone` varchar(16) DEFAULT NULL,
  `address` text,
  `caminho_foto` varchar(255) DEFAULT NULL COMMENT 'Caminho para a foto do cliente',
  `user_id` bigint UNSIGNED NOT NULL,
  `created_at` timestamp NULL DEFAULT CURRENT_TIMESTAMP,
  `updated_at` timestamp NULL DEFAULT CURRENT_TIMESTAMP ON UPDATE CURRENT_TIMESTAMP
) ENGINE=InnoDB DEFAULT CHARSET=utf8mb4 COLLATE=utf8mb4_0900_ai_ci;

--
-- Despejando dados para a tabela `clients`
--

INSERT INTO `clients` (`id`, `name`, `email`, `phone`, `address`, `caminho_foto`, `user_id`, `created_at`, `updated_at`) VALUES
(7, 'Jessica', 'marcobubola@hotmail.com', '19984122111', 'casa', 'https://avataaars.io/?avatarStyle=Circle&topType=LongHairStraight2&hairColor=Auburn&clotheType=BlazerShirt&eyeType=Default&eyebrowType=Default&mouthType=Smile&skinColor=Pale', 2, '2025-03-19 01:17:24', '2025-06-19 14:01:35'),
(8, 'Pricila', NULL, NULL, NULL, 'https://avataaars.io/?avatarStyle=Circle&topType=LongHairStraight&hairColor=Black&clotheType=Hoodie&eyeType=Happy&eyebrowType=RaisedExcited&mouthType=Smile&skinColor=Brown', 2, '2025-03-19 01:50:01', '2025-06-19 06:57:33'),
(9, 'Filho pricila', NULL, NULL, NULL, NULL, 2, '2025-03-19 03:21:32', '2025-03-19 03:21:32'),
(10, 'kaue', NULL, NULL, NULL, 'https://avataaars.io/?avatarStyle=Circle&topType=ShortHairShortFlat&hairColor=Brown&clotheType=BlazerShirt&eyeType=Default&eyebrowType=Default&mouthType=Smile&skinColor=Light', 2, '2025-03-19 03:22:29', '2025-06-19 14:02:38'),
(11, 'alexandra', NULL, NULL, NULL, NULL, 2, '2025-03-19 03:25:43', '2025-03-19 03:25:43'),
(12, 'Rafa', NULL, NULL, NULL, NULL, 2, '2025-03-19 03:27:14', '2025-03-19 03:27:14'),
(13, 'juninho', NULL, NULL, NULL, NULL, 2, '2025-03-19 03:35:28', '2025-03-19 03:35:28'),
(15, 'joana', NULL, NULL, NULL, NULL, 2, '2025-03-19 03:36:22', '2025-03-19 03:36:22'),
(16, 'luana', NULL, NULL, NULL, NULL, 2, '2025-03-19 03:36:28', '2025-03-19 03:36:28'),
(17, 'fran', NULL, NULL, NULL, NULL, 2, '2025-03-19 03:36:36', '2025-03-19 03:36:36'),
(18, 'julia', NULL, NULL, NULL, NULL, 2, '2025-03-19 03:36:41', '2025-03-19 03:36:41'),
(19, 'vilma', NULL, NULL, NULL, NULL, 2, '2025-03-19 03:40:45', '2025-03-19 03:40:45'),
(20, 'luciana', NULL, NULL, NULL, NULL, 2, '2025-03-19 03:41:21', '2025-03-19 03:41:21'),
(21, 'ketilin', NULL, NULL, NULL, NULL, 2, '2025-03-19 03:41:33', '2025-03-19 03:41:33'),
(22, 'aoki', NULL, NULL, NULL, NULL, 2, '2025-03-19 03:41:38', '2025-03-19 03:41:38'),
(23, 'miriam', NULL, NULL, NULL, NULL, 2, '2025-03-19 03:42:36', '2025-03-19 03:42:36'),
(24, 'teste', NULL, NULL, NULL, NULL, 2, '2025-03-19 05:40:47', '2025-03-19 05:40:47'),
(25, 'lidia', NULL, NULL, NULL, NULL, 2, '2025-03-26 05:29:15', '2025-03-26 05:29:15'),
(27, 'alessandra', NULL, NULL, NULL, NULL, 2, '2025-04-03 04:24:56', '2025-04-03 04:24:56'),
(29, 'marco bubola', 'marcobubola@hotmail.com', '(19) 98412-2111', 'Rua Nhambiquara de Tupã', NULL, 2, '2025-04-25 03:12:45', '2025-04-25 03:12:45'),
(31, 'lucas', NULL, NULL, NULL, NULL, 2, '2025-05-13 22:30:14', '2025-05-13 22:30:14'),
(32, 'luiz antonio', NULL, NULL, NULL, NULL, 2, '2025-05-13 22:31:34', '2025-05-13 22:31:34'),
(33, 'marisol', NULL, NULL, NULL, NULL, 2, '2025-05-13 22:33:08', '2025-05-13 22:33:08'),
(34, 'Aninha', NULL, NULL, NULL, NULL, 2, '2025-05-21 02:49:51', '2025-05-21 02:49:51'),
(35, 'eudora', NULL, NULL, NULL, NULL, 2, '2025-05-21 02:53:29', '2025-05-21 02:53:29'),
(36, 'jaira', NULL, NULL, NULL, NULL, 2, '2025-06-19 02:29:38', '2025-06-19 02:29:38'),
(37, 'suzana', NULL, NULL, NULL, NULL, 2, '2025-06-19 02:33:21', '2025-06-19 02:33:21'),
(38, 'silvana', NULL, NULL, NULL, NULL, 2, '2025-06-19 02:34:14', '2025-06-19 02:34:14'),
(39, 'ramaties', NULL, NULL, NULL, NULL, 2, '2025-06-19 02:36:10', '2025-06-19 02:36:10'),
(40, 'carol tecnica', NULL, NULL, NULL, NULL, 2, '2025-06-19 02:37:48', '2025-06-19 02:38:12'),
(41, 'suelem', NULL, NULL, NULL, NULL, 2, '2025-06-19 02:47:08', '2025-06-19 02:47:08'),
(42, 'marco bubola', 'marcobubola@hotmail.com', '(19) 98412-2111', NULL, 'https://avataaars.io/?avatarStyle=Circle&topType=ShortHairShortFlat&hairColor=Brown&clotheType=BlazerShirt&eyeType=Default&eyebrowType=Default&mouthType=Smile&skinColor=Light', 1, '2025-06-19 14:51:21', '2025-06-19 14:51:21');

-- --------------------------------------------------------

--
-- Estrutura para tabela `cofrinhos`
--

CREATE TABLE `cofrinhos` (
  `id` int NOT NULL,
  `user_id` bigint UNSIGNED NOT NULL,
  `nome` varchar(255) COLLATE utf8mb4_unicode_ci NOT NULL,
  `meta_valor` decimal(10,2) DEFAULT NULL,
  `status` enum('ativo','arquivado') COLLATE utf8mb4_unicode_ci NOT NULL DEFAULT 'ativo',
  `created_at` timestamp NULL DEFAULT CURRENT_TIMESTAMP,
  `updated_at` timestamp NULL DEFAULT CURRENT_TIMESTAMP ON UPDATE CURRENT_TIMESTAMP,
  `icone` varchar(50) COLLATE utf8mb4_unicode_ci DEFAULT 'fa-piggy-bank'
) ENGINE=InnoDB DEFAULT CHARSET=utf8mb4 COLLATE=utf8mb4_unicode_ci;

--
-- Despejando dados para a tabela `cofrinhos`
--

INSERT INTO `cofrinhos` (`id`, `user_id`, `nome`, `meta_valor`, `status`, `created_at`, `updated_at`, `icone`) VALUES
(1, 1, 'teste', 10000.00, 'ativo', '2025-06-20 16:33:29', '2025-06-23 13:34:32', 'fa-piggy-bank'),
(2, 1, 'marco', 44444444.00, 'ativo', '2025-06-20 16:34:28', '2025-06-20 16:34:28', 'fa-piggy-bank'),
(4, 1, 'Viagem dos sonhos', 500.00, 'ativo', '2025-06-23 13:38:09', '2025-06-23 13:38:09', 'fa-piggy-bank'),
(5, 1, 'Viagem dos sonhos', 1000.00, 'ativo', '2025-06-23 13:59:53', '2025-06-23 13:59:53', 'fa-piggy-bank');

-- --------------------------------------------------------

--
-- Estrutura para tabela `events`
--

CREATE TABLE `events` (
  `id` bigint NOT NULL,
  `title` varchar(255) NOT NULL,
  `start` datetime NOT NULL,
  `end` datetime DEFAULT NULL,
  `created_at` timestamp NULL DEFAULT CURRENT_TIMESTAMP,
  `updated_at` timestamp NULL DEFAULT CURRENT_TIMESTAMP ON UPDATE CURRENT_TIMESTAMP
) ENGINE=InnoDB DEFAULT CHARSET=utf8mb4 COLLATE=utf8mb4_0900_ai_ci;

--
-- Despejando dados para a tabela `events`
--

INSERT INTO `events` (`id`, `title`, `start`, `end`, `created_at`, `updated_at`) VALUES
(1, 'teste', '2025-04-10 00:00:00', '2025-04-11 00:00:00', '2025-04-10 02:50:37', '2025-04-10 02:50:37'),
(2, 'teste', '2025-04-02 00:00:00', '2025-04-03 00:00:00', '2025-04-10 02:58:57', '2025-04-10 02:58:57'),
(3, 'teste', '2025-03-30 00:00:00', '2025-03-31 00:00:00', '2025-04-10 03:00:45', '2025-04-10 03:00:45'),
(4, 'teste', '2025-03-31 00:00:00', '2025-04-01 00:00:00', '2025-04-10 03:11:43', '2025-04-10 03:11:43'),
(5, 'teste', '2025-04-01 00:00:00', '2025-04-02 00:00:00', '2025-04-10 03:12:03', '2025-04-10 03:12:03'),
(6, 'teste', '2025-04-02 00:00:00', '2025-04-03 00:00:00', '2025-04-10 03:14:19', '2025-04-10 03:14:19'),
(7, 'teste', '2025-04-03 00:00:00', '2025-04-04 00:00:00', '2025-04-10 03:18:04', '2025-04-10 03:18:04'),
(8, 'teste', '2025-04-02 00:00:00', NULL, '2025-04-10 03:39:06', '2025-04-10 03:39:06');

-- --------------------------------------------------------

--
-- Estrutura para tabela `failed_jobs`
--

CREATE TABLE `failed_jobs` (
  `id` bigint UNSIGNED NOT NULL,
  `uuid` varchar(255) CHARACTER SET utf8mb4 COLLATE utf8mb4_unicode_ci NOT NULL,
  `connection` text CHARACTER SET utf8mb4 COLLATE utf8mb4_unicode_ci NOT NULL,
  `queue` text CHARACTER SET utf8mb4 COLLATE utf8mb4_unicode_ci NOT NULL,
  `payload` longtext CHARACTER SET utf8mb4 COLLATE utf8mb4_unicode_ci NOT NULL,
  `exception` longtext CHARACTER SET utf8mb4 COLLATE utf8mb4_unicode_ci NOT NULL,
  `failed_at` timestamp NOT NULL DEFAULT CURRENT_TIMESTAMP
) ENGINE=InnoDB DEFAULT CHARSET=utf8mb4 COLLATE=utf8mb4_unicode_ci;

-- --------------------------------------------------------

--
-- Estrutura para tabela `invoice`
--

CREATE TABLE `invoice` (
  `id_invoice` int NOT NULL,
  `id_bank` int NOT NULL,
  `description` varchar(255) NOT NULL,
  `installments` varchar(255) NOT NULL,
  `value` decimal(10,2) NOT NULL,
  `invoice_date` date NOT NULL,
  `user_id` bigint UNSIGNED NOT NULL,
  `category_id` int NOT NULL,
  `created_at` timestamp NULL DEFAULT CURRENT_TIMESTAMP,
  `updated_at` timestamp NULL DEFAULT CURRENT_TIMESTAMP ON UPDATE CURRENT_TIMESTAMP,
  `client_id` int DEFAULT NULL,
  `dividida` tinyint(1) DEFAULT '0'
) ENGINE=InnoDB DEFAULT CHARSET=utf8mb4 COLLATE=utf8mb4_0900_ai_ci;

--
-- Despejando dados para a tabela `invoice`
--

INSERT INTO `invoice` (`id_invoice`, `id_bank`, `description`, `installments`, `value`, `invoice_date`, `user_id`, `category_id`, `created_at`, `updated_at`, `client_id`, `dividida`) VALUES
(209, 8, 'SosBeer                ITAPIRA       BRA', 'Compra à vista', 4.00, '2024-12-02', 2, 1018, '2025-05-01 18:28:23', '2025-05-01 18:28:23', NULL, 0),
(210, 8, 'AGRO CUBATAO           ITAPIRA       BRA', 'Compra à vista', 50.00, '2024-12-02', 2, 1021, '2025-05-01 18:28:23', '2025-05-01 18:28:23', NULL, 0),
(211, 8, '49237538MariaInes      SERRA NEGRA   BRA', 'Compra à vista', 27.00, '2024-12-01', 2, 1026, '2025-05-01 18:28:23', '2025-06-04 04:28:20', 34, 1),
(212, 8, '57559680Maria          SERRA NEGRA   BRA', 'Compra à vista', 11.00, '2024-12-01', 2, 1026, '2025-05-01 18:28:23', '2025-06-04 04:28:16', 34, 1),
(213, 8, 'SUPERMERCADO MIX CENTE ITAPIRA       BRA', 'Compra à vista', 7.13, '2024-11-30', 2, 1021, '2025-05-01 18:28:23', '2025-05-01 18:28:23', NULL, 0),
(214, 8, 'Zeferinoltda           ITAPIRA       BRA', 'Compra à vista', 82.26, '2024-11-30', 2, 1026, '2025-05-01 18:28:23', '2025-06-04 04:28:18', 34, 1),
(215, 8, 'AUTO POSTO ARENA DE I  ITAPIRA       BRA', 'Compra à vista', 52.37, '2024-11-29', 2, 1022, '2025-05-01 18:28:23', '2025-05-01 18:28:23', NULL, 0),
(216, 8, 'Burger King App        Barueri       BRA', 'Compra à vista', 66.90, '2024-11-29', 2, 1018, '2025-05-01 18:28:23', '2025-06-04 04:28:20', 34, 1),
(217, 8, 'MOGI CHOCOLATERIA      MOGI GUACU    BRA', 'Compra à vista', 23.51, '2024-11-29', 2, 1041, '2025-05-01 18:28:23', '2025-06-04 04:28:18', 34, 1),
(218, 8, 'AyltonCeragioli        ITAPIRA       BRA', 'Compra à vista', 13.00, '2024-11-29', 2, 1026, '2025-05-01 18:28:23', '2025-05-01 18:28:23', NULL, 0),
(219, 8, 'ANTONELLI SUPERMERCA   ITAPIRA       BRA', 'Compra à vista', 22.92, '2024-11-28', 2, 1021, '2025-05-01 18:28:23', '2025-05-01 18:28:23', NULL, 0),
(220, 8, 'SUPERM PENHA CENTER    ITAPIRA       BRA', 'Compra à vista', 16.40, '2024-11-27', 2, 1021, '2025-05-01 18:28:23', '2025-05-01 18:28:23', NULL, 0),
(221, 8, 'SosBeer                ITAPIRA       BRA', 'Compra à vista', 9.00, '2024-11-26', 2, 1018, '2025-05-01 18:28:23', '2025-05-01 18:28:23', NULL, 0),
(222, 8, 'FuzueSorvetesLtda      ITAPIRA       BRA', 'Compra à vista', 40.60, '2024-11-24', 2, 1041, '2025-05-01 18:28:23', '2025-06-04 04:28:19', 34, 1),
(223, 8, 'SosBeer                ITAPIRA       BRA', 'Compra à vista', 18.00, '2024-11-24', 2, 1018, '2025-05-01 18:28:23', '2025-05-01 18:28:23', NULL, 0),
(224, 8, 'TOURO S BURGUER        ITAPIRA       BRA', 'Compra à vista', 52.00, '2024-11-23', 2, 1018, '2025-05-01 18:28:23', '2025-06-04 04:28:23', 34, 1),
(225, 8, 'Reginaldo              ITAPIRA       BRA', 'Compra à vista', 14.00, '2024-11-22', 2, 1026, '2025-05-01 18:28:23', '2025-05-01 18:28:23', NULL, 0),
(226, 8, 'SUPERM PENHA CENTER    ITAPIRA       BRA', 'Compra à vista', 14.66, '2024-11-22', 2, 1021, '2025-05-01 18:28:23', '2025-05-01 18:28:23', NULL, 0),
(227, 8, 'FOXMOTO COM BIC E PECA ITAPIRA       BRA', 'Compra à vista', 44.90, '2024-11-21', 2, 1030, '2025-05-01 18:28:23', '2025-05-01 18:28:23', NULL, 0),
(228, 8, 'CP PARC SHOPPING INTER', 'Parcela 1/10 da compra', 470.79, '2024-11-19', 2, 1024, '2025-05-01 18:28:23', '2025-05-01 18:28:23', NULL, 0),
(229, 8, 'SosBeer                ITAPIRA       BRA', 'Compra à vista', 32.00, '2024-11-15', 2, 1018, '2025-05-01 18:28:23', '2025-05-01 18:28:23', NULL, 0),
(230, 8, 'Zeferino               ITAPIRA       BRA', 'Compra à vista', 31.60, '2024-11-15', 2, 1019, '2025-05-01 18:28:23', '2025-05-01 18:28:23', NULL, 0),
(231, 8, 'AUTO POSTO N  R        ITAPIRA       BRA', 'Compra à vista', 60.00, '2024-11-14', 2, 1022, '2025-05-01 18:28:23', '2025-05-01 18:28:23', NULL, 0),
(232, 8, 'AUTO POSTO ARENA DE I  ITAPIRA       BRA', 'Compra à vista', 50.83, '2024-11-13', 2, 1022, '2025-05-01 18:28:23', '2025-05-01 18:28:23', NULL, 0),
(233, 8, 'TABACARIA JB 05        ITAPIRA       BRA', 'Compra à vista', 26.90, '2024-11-12', 2, 1018, '2025-05-01 18:28:23', '2025-05-01 18:28:23', NULL, 0),
(234, 8, 'AGRO CUBATAO           ITAPIRA       BRA', 'Compra à vista', 36.00, '2024-11-11', 2, 1021, '2025-05-01 18:28:23', '2025-05-01 18:28:23', NULL, 0),
(235, 8, 'AUTO POSTO N  R        ITAPIRA       BRA', 'Compra à vista', 30.00, '2024-11-10', 2, 1022, '2025-05-01 18:28:23', '2025-05-01 18:28:23', NULL, 0),
(236, 8, 'Zeferinoltda           ITAPIRA       BRA', 'Compra à vista', 150.56, '2024-11-09', 2, 1026, '2025-05-01 18:28:23', '2025-06-04 04:28:24', 34, 1),
(237, 8, 'SosBeer                ITAPIRA       BRA', 'Compra à vista', 5.00, '2024-11-09', 2, 1018, '2025-05-01 18:28:23', '2025-05-01 18:28:23', NULL, 0),
(238, 8, 'ROFATTO SUPERMERCADOS  ITAPIRA       BRA', 'Compra à vista', 38.17, '2024-11-06', 2, 1021, '2025-05-01 18:28:23', '2025-05-01 18:28:23', NULL, 0),
(239, 8, 'ABAST SHELL BOX', 'Compra à vista', 30.00, '2025-01-01', 2, 1022, '2025-05-01 19:40:45', '2025-05-01 19:40:45', NULL, 0),
(240, 8, 'SUPERMERCADO           ITAPIRA       BRA', 'Compra à vista', 311.67, '2024-12-31', 2, 1021, '2025-05-01 19:40:45', '2025-06-04 04:27:55', 34, 1),
(241, 8, 'FARMACIA SANTA CRUZ    Itapira       BRA', 'Compra à vista', 53.90, '2024-12-30', 2, 1023, '2025-05-01 19:40:45', '2025-06-05 03:19:15', 34, 1),
(242, 8, 'SUPERMERCADO           ITAPIRA       BRA', 'Compra à vista', 39.51, '2024-12-29', 2, 1021, '2025-05-01 19:40:45', '2025-05-01 19:40:45', NULL, 0),
(243, 8, '1A99                   ITAPIRA       BRA', 'Compra à vista', 32.93, '2024-12-28', 2, 1021, '2025-05-01 19:40:45', '2025-05-01 19:40:45', NULL, 0),
(244, 8, 'MP  BARAODASPIZZA      OSASCO        BRA', 'Compra à vista', 39.25, '2024-12-28', 2, 1018, '2025-05-01 19:40:45', '2025-06-05 03:19:46', 34, 1),
(245, 8, 'BARAODASPIZZA          Itapira       BRA', 'Compra à vista', 86.50, '2024-12-28', 2, 1018, '2025-05-01 19:40:45', '2025-06-05 03:19:53', 34, 1),
(246, 8, 'SUPERMERCADO           ITAPIRA       BRA', 'Compra à vista', 19.96, '2024-12-28', 2, 1021, '2025-05-01 19:40:45', '2025-05-01 19:40:45', NULL, 0),
(247, 8, 'BARAODASPIZZA          Itapira       BRA', 'Compra à vista', 62.50, '2024-12-27', 2, 1018, '2025-05-01 19:40:45', '2025-06-04 04:28:07', 34, 1),
(248, 8, 'ABAST SHELL BOX', 'Compra à vista', 50.00, '2024-12-25', 2, 1022, '2025-05-01 19:40:45', '2025-05-01 19:40:45', NULL, 0),
(249, 8, 'Zeferinoltda           ITAPIRA       BRA', 'Compra à vista', 77.84, '2024-12-24', 2, 1026, '2025-05-01 19:40:45', '2025-06-04 04:28:00', 34, 1),
(250, 8, 'TABACARIA JB 05        ITAPIRA       BRA', 'Compra à vista', 42.80, '2024-12-23', 2, 1018, '2025-05-01 19:40:45', '2025-05-01 19:40:45', NULL, 0),
(251, 8, 'SUPERMERCADO           ITAPIRA       BRA', 'Compra à vista', 101.89, '2024-12-23', 2, 1021, '2025-05-01 19:40:45', '2025-06-04 04:28:07', 34, 1),
(252, 8, 'SUPERM PENHA CENTER    ITAPIRA       BRA', 'Compra à vista', 34.09, '2024-12-23', 2, 1021, '2025-05-01 19:40:45', '2025-05-01 19:40:45', NULL, 0),
(253, 8, 'JAPONESA COSMETICOS    ITAPIRA       BRA', 'Compra à vista', 97.89, '2024-12-22', 2, 1019, '2025-05-01 19:40:45', '2025-06-04 03:56:31', 29, 0),
(254, 8, 'RAIA262                ITAPIRA       BRA', 'Compra à vista', 22.07, '2024-12-22', 2, 1023, '2025-05-01 19:40:45', '2025-05-01 19:40:45', NULL, 0),
(255, 8, 'CleusaAparecidaDa      ITAPIRA       BRA', 'Compra à vista', 24.00, '2024-12-22', 2, 1018, '2025-05-01 19:40:45', '2025-06-04 04:28:01', 34, 1),
(256, 8, 'SUPERMERCADO MIX CENTE ITAPIRA       BRA', 'Compra à vista', 24.94, '2024-12-21', 2, 1021, '2025-05-01 19:40:45', '2025-05-01 19:40:45', NULL, 0),
(257, 8, 'BF  MEGA MOTOS         ITAPIRA       BRA', 'Compra à vista', 80.00, '2024-12-18', 2, 1030, '2025-05-01 19:40:45', '2025-05-01 19:40:45', NULL, 0),
(258, 8, 'ROFATTO SUPERMERCADOS  ITAPIRA       BRA', 'Compra à vista', 50.01, '2024-12-18', 2, 1021, '2025-05-01 19:40:45', '2025-05-01 19:40:45', NULL, 0),
(259, 8, 'AyltonCeragioli        ITAPIRA       BRA', 'Compra à vista', 34.00, '2024-12-17', 2, 1026, '2025-05-01 19:40:45', '2025-05-01 19:40:45', NULL, 0),
(260, 8, 'SUPERM PENHA CENTER    ITAPIRA       BRA', 'Compra à vista', 10.58, '2024-12-17', 2, 1021, '2025-05-01 19:40:45', '2025-05-01 19:40:45', NULL, 0),
(261, 8, 'SORV SABOR VANILLA II  ITAPIRA       BRA', 'Compra à vista', 29.70, '2024-12-15', 2, 1041, '2025-05-01 19:40:45', '2025-06-04 04:28:12', 34, 1),
(262, 8, 'DROGARIA SAO PAULO SA  ITAPIRA       BRA', 'Compra à vista', 51.88, '2024-12-15', 2, 1023, '2025-05-01 19:40:45', '2025-06-04 03:53:56', 34, 0),
(263, 8, 'SORV SABOR VANILLA II  ITAPIRA       BRA', 'Compra à vista', 24.04, '2024-12-15', 2, 1041, '2025-05-01 19:40:45', '2025-06-04 04:28:11', 34, 1),
(264, 8, 'SUPERMERCADO           ITAPIRA       BRA', 'Compra à vista', 118.63, '2024-12-14', 2, 1021, '2025-05-01 19:40:45', '2025-06-04 04:28:14', 34, 1),
(265, 8, 'AUTO POSTO ARENA DE I  ITAPIRA       BRA', 'Compra à vista', 20.00, '2024-12-11', 2, 1022, '2025-05-01 19:40:45', '2025-05-01 19:40:45', NULL, 0),
(266, 8, 'EST DEB AUTOM PARCIAL MAN', 'Compra à vista', 2.50, '2024-12-11', 2, 1026, '2025-05-01 19:40:45', '2025-05-01 19:40:45', NULL, 0),
(267, 8, 'SosBeer                ITAPIRA       BRA', 'Compra à vista', 10.00, '2024-12-11', 2, 1018, '2025-05-01 19:40:45', '2025-05-01 19:40:45', NULL, 0),
(268, 8, 'DEB AUT PARCIAL', 'Compra à vista', 2.50, '2024-12-10', 2, 1026, '2025-05-01 19:40:45', '2025-05-01 19:40:45', NULL, 0),
(269, 8, 'SUPERMERCADOS POPULAR  ITAPIRA       BRA', 'Compra à vista', 52.94, '2024-12-08', 2, 1021, '2025-05-01 19:40:45', '2025-06-04 04:28:12', 34, 1),
(270, 8, 'ABAST SHELL BOX', 'Compra à vista', 50.00, '2024-12-07', 2, 1022, '2025-05-01 19:40:45', '2025-05-01 19:40:45', NULL, 0),
(271, 8, 'CarnivorosMind         MOGI GUACU    BRA', 'Compra à vista', 126.66, '2024-12-07', 2, 1018, '2025-05-01 19:40:45', '2025-06-04 04:28:13', 34, 1),
(272, 8, '1A99                   ITAPIRA       BRA', 'Compra à vista', 46.92, '2024-12-07', 2, 1021, '2025-05-01 19:40:45', '2025-05-01 19:40:45', NULL, 0),
(273, 8, 'AyltonCeragioli        ITAPIRA       BRA', 'Compra à vista', 4.50, '2024-12-06', 2, 1026, '2025-05-01 19:40:45', '2025-05-01 19:40:45', NULL, 0),
(274, 8, 'ROFATTO SUPERMERCADOS  ITAPIRA       BRA', 'Compra à vista', 22.37, '2024-12-05', 2, 1021, '2025-05-01 19:40:45', '2025-05-01 19:40:45', NULL, 0),
(275, 8, 'SUPERM PENHA CENTER    ITAPIRA       BRA', 'Compra à vista', 19.61, '2024-12-04', 2, 1021, '2025-05-01 19:40:45', '2025-05-01 19:40:45', NULL, 0),
(276, 8, 'TABACARIA JB 05        ITAPIRA       BRA', 'Compra à vista', 37.80, '2024-12-04', 2, 1018, '2025-05-01 19:40:45', '2025-05-01 19:40:45', NULL, 0),
(277, 8, 'CP PARC SHOPPING INTER', '2', 470.79, '2024-12-03', 2, 1024, '2025-05-01 19:40:45', '2025-05-01 19:56:21', NULL, 0),
(278, 8, 'ABAST SHELL BOX', 'Compra à vista', 30.00, '2025-02-02', 2, 1022, '2025-05-01 19:43:55', '2025-05-01 19:43:55', NULL, 0),
(279, 8, 'PAULO SERGIO PELLIZARI ITAPIRA       BRA', 'Compra à vista', 67.00, '2025-02-01', 2, 1018, '2025-05-01 19:43:55', '2025-06-04 04:27:39', 34, 1),
(280, 8, 'TABACARIA JB 05        ITAPIRA       BRA', 'Compra à vista', 17.90, '2025-01-31', 2, 1018, '2025-05-01 19:43:55', '2025-05-01 19:43:55', NULL, 0),
(281, 8, 'AUTO POSTO ARENA DE I  ITAPIRA       BRA', 'Compra à vista', 48.72, '2025-01-29', 2, 1022, '2025-05-01 19:43:55', '2025-05-01 19:43:55', NULL, 0),
(282, 8, 'SILVANA B GONCALVES    ITAPIRA       BRA', 'Compra à vista', 9.20, '2025-01-27', 2, 1026, '2025-05-01 19:43:55', '2025-05-01 19:43:55', NULL, 0),
(283, 8, 'ABAST SHELL BOX', 'Compra à vista', 30.00, '2025-01-26', 2, 1022, '2025-05-01 19:43:55', '2025-05-01 19:43:55', NULL, 0),
(284, 8, 'TuttibomAcaiE          ITAPIRA       BRA', 'Compra à vista', 32.89, '2025-01-26', 2, 1041, '2025-05-01 19:43:55', '2025-06-04 04:27:35', 34, 1),
(285, 8, '1A99                   ITAPIRA       BRA', 'Compra à vista', 46.38, '2025-01-25', 2, 1021, '2025-05-01 19:43:55', '2025-05-01 19:43:55', NULL, 0),
(286, 8, 'ANTONELLI SUPERMERCA   ITAPIRA       BRA', 'Compra à vista', 142.92, '2025-01-25', 2, 1021, '2025-05-01 19:43:55', '2025-06-04 04:27:40', 34, 1),
(287, 8, 'SUPERMERCADO JARDIM P  ITAPIRA       BRA', 'Compra à vista', 10.60, '2025-01-25', 2, 1021, '2025-05-01 19:43:55', '2025-05-01 19:43:55', NULL, 0),
(288, 8, 'CUBATAO                ITAPIRA       BRA', 'Compra à vista', 83.24, '2025-01-22', 2, 1021, '2025-05-01 19:43:55', '2025-06-04 04:27:44', 34, 1),
(289, 8, 'SUPERM PENHA CENTER    ITAPIRA       BRA', 'Compra à vista', 29.38, '2025-01-21', 2, 1021, '2025-05-01 19:43:55', '2025-05-01 19:43:55', NULL, 0),
(290, 8, 'ABAST SHELL BOX', 'Compra à vista', 30.00, '2025-01-19', 2, 1022, '2025-05-01 19:43:55', '2025-05-01 19:43:55', NULL, 0),
(291, 8, 'SUPERMERCADO           ITAPIRA       BRA', 'Compra à vista', 59.25, '2025-01-18', 2, 1021, '2025-05-01 19:43:55', '2025-06-04 04:27:46', 34, 1),
(292, 8, 'MarcosalemFirmino      MOGI GUACU    BRA', 'Compra à vista', 49.90, '2025-01-18', 2, 1026, '2025-05-01 19:43:55', '2025-06-04 04:27:45', 34, 1),
(293, 8, 'MP  PIZZARIA           OSASCO        BRA', 'Compra à vista', 50.50, '2025-01-18', 2, 1018, '2025-05-01 19:43:55', '2025-06-04 04:27:47', 34, 1),
(294, 8, 'FLC PASTEIS E SALGADOS ITAPIRA       BRA', 'Compra à vista', 33.00, '2025-01-17', 2, 1018, '2025-05-01 19:43:55', '2025-06-04 04:27:46', 34, 1),
(295, 8, 'AyltonCeragioli        ITAPIRA       BRA', 'Compra à vista', 28.00, '2025-01-17', 2, 1026, '2025-05-01 19:43:55', '2025-05-01 19:43:55', NULL, 0),
(296, 8, 'SosBeer                ITAPIRA       BRA', 'Compra à vista', 6.00, '2025-01-16', 2, 1018, '2025-05-01 19:43:55', '2025-05-01 19:43:55', NULL, 0),
(297, 8, 'AUTO CENTER PENHA      ITAPIRA       BRA', 'Compra à vista', 70.00, '2025-01-15', 2, 1030, '2025-05-01 19:43:55', '2025-06-04 03:24:42', NULL, 0),
(298, 8, 'AyltonCeragioli        ITAPIRA       BRA', 'Compra à vista', 18.00, '2025-01-14', 2, 1026, '2025-05-01 19:43:55', '2025-05-01 19:43:55', NULL, 0),
(299, 8, 'SUPERM PENHA CENTER    ITAPIRA       BRA', 'Compra à vista', 33.16, '2025-01-13', 2, 1021, '2025-05-01 19:43:55', '2025-05-01 19:43:55', NULL, 0),
(300, 8, 'AGRO CUBATAO           ITAPIRA       BRA', 'Compra à vista', 36.00, '2025-01-13', 2, 1021, '2025-05-01 19:43:55', '2025-05-01 19:43:55', NULL, 0),
(301, 8, 'TuttibomAcaiE          ITAPIRA       BRA', 'Compra à vista', 42.22, '2025-01-12', 2, 1041, '2025-05-01 19:43:55', '2025-06-04 04:27:54', 34, 1),
(302, 8, 'TABACARIA JB 05        ITAPIRA       BRA', 'Compra à vista', 15.90, '2025-01-11', 2, 1018, '2025-05-01 19:43:55', '2025-05-01 19:43:55', NULL, 0),
(303, 8, 'ABAST SHELL BOX', 'Compra à vista', 50.00, '2025-01-11', 2, 1022, '2025-05-01 19:43:55', '2025-05-01 19:43:55', NULL, 0),
(304, 8, 'SUPERMERCADO           ITAPIRA       BRA', 'Compra à vista', 31.96, '2025-01-10', 2, 1021, '2025-05-01 19:43:55', '2025-05-01 19:43:55', NULL, 0),
(305, 8, 'AUTO POSTO ARENA DE I  ITAPIRA       BRA', 'Compra à vista', 45.78, '2025-01-09', 2, 1022, '2025-05-01 19:43:55', '2025-05-01 19:43:55', NULL, 0),
(306, 8, 'AyltonCeragioli        ITAPIRA       BRA', 'Compra à vista', 10.00, '2025-01-09', 2, 1026, '2025-05-01 19:43:55', '2025-05-01 19:43:55', NULL, 0),
(307, 8, 'SosBeer                ITAPIRA       BRA', 'Compra à vista', 4.00, '2025-01-06', 2, 1018, '2025-05-01 19:43:55', '2025-05-01 19:43:55', NULL, 0),
(308, 8, 'HRM COMERCIO ALIMENTIC ITAPIRA       BRA', 'Compra à vista', 38.00, '2025-01-05', 2, 1041, '2025-05-01 19:43:55', '2025-06-04 04:27:56', 34, 1),
(309, 8, 'ABAST SHELL BOX', 'Compra à vista', 30.00, '2025-01-05', 2, 1022, '2025-05-01 19:43:55', '2025-05-01 19:43:55', NULL, 0),
(310, 8, '1A99                   ITAPIRA       BRA', 'Compra à vista', 34.92, '2025-01-04', 2, 1021, '2025-05-01 19:43:55', '2025-05-01 19:43:55', NULL, 0),
(311, 8, 'SMC SUPERMERCADOS      ITAPIRA       BRA', 'Compra à vista', 112.21, '2025-01-04', 2, 1021, '2025-05-01 19:43:55', '2025-06-04 04:27:55', 34, 1),
(312, 8, 'SUPERM PENHA CENTER    ITAPIRA       BRA', 'Compra à vista', 13.78, '2025-01-03', 2, 1021, '2025-05-01 19:43:55', '2025-05-01 19:43:55', NULL, 0),
(313, 8, 'SUPERMERCADO           ITAPIRA       BRA', 'Compra à vista', 30.07, '2025-01-03', 2, 1021, '2025-05-01 19:43:55', '2025-05-01 19:43:55', NULL, 0),
(314, 8, 'CP PARC SHOPPING INTER', 'Parcela 3/10 da compra', 470.79, '2025-01-03', 2, 1024, '2025-05-01 19:43:55', '2025-05-01 19:43:55', NULL, 0),
(315, 8, 'BURGER KING            MOGI GUACU    BRA', 'Compra à vista', 17.99, '2025-03-01', 2, 1018, '2025-05-01 19:55:02', '2025-06-04 04:27:16', 34, 1),
(316, 8, 'BURGER KING            MOGI GUACU    BRA', 'Compra à vista', 87.89, '2025-03-01', 2, 1018, '2025-05-01 19:55:02', '2025-06-04 04:27:23', 34, 1),
(317, 8, 'GuiomarAparecida       ITAPIRA       BRA', 'Compra à vista', 46.00, '2025-02-28', 2, 1026, '2025-05-01 19:55:02', '2025-06-04 04:27:17', 34, 1),
(318, 8, 'ComitivaLanch          ITAPIRA       BRA', 'Compra à vista', 6.00, '2025-02-28', 2, 1018, '2025-05-01 19:55:02', '2025-05-01 19:55:02', NULL, 0),
(319, 8, 'SUPERMERCADO PENHA CE  ITAPIRA       BRA', 'Compra à vista', 12.46, '2025-02-27', 2, 1021, '2025-05-01 19:55:02', '2025-05-01 19:55:02', NULL, 0),
(320, 8, 'SUPERMERCADO POPULAR D ITAPIRA       BRA', 'Compra à vista', 28.97, '2025-02-26', 2, 1021, '2025-05-01 19:55:02', '2025-05-01 19:55:02', NULL, 0),
(321, 8, 'AGRO CUBATAO           ITAPIRA       BRA', 'Compra à vista', 47.00, '2025-02-25', 2, 1021, '2025-05-01 19:55:02', '2025-05-01 19:55:02', NULL, 0),
(322, 8, 'SUPERMERCADO PENHA CE  ITAPIRA       BRA', 'Compra à vista', 15.77, '2025-02-24', 2, 1021, '2025-05-01 19:55:02', '2025-05-01 19:55:02', NULL, 0),
(323, 8, 'ABAST SHELL BOX', 'Compra à vista', 30.00, '2025-02-23', 2, 1022, '2025-05-01 19:55:02', '2025-05-01 19:55:02', NULL, 0),
(324, 8, 'SPASSO SABORES         ITAPIRA       BRA', 'Compra à vista', 40.60, '2025-02-23', 2, 1018, '2025-05-01 19:55:02', '2025-06-04 04:27:21', 34, 1),
(325, 8, 'SPASSO SABORES         ITAPIRA       BRA', 'Compra à vista', 14.49, '2025-02-23', 2, 1018, '2025-05-01 19:55:02', '2025-06-04 04:27:18', 34, 1),
(326, 8, 'AUTO POSTO SANTA MARTA ITAPIRA       BRA', 'Compra à vista', 20.00, '2025-02-23', 2, 1022, '2025-05-01 19:55:02', '2025-05-01 19:55:02', NULL, 0),
(327, 8, 'TuttibomAcaiE          ITAPIRA       BRA', 'Compra à vista', 26.72, '2025-02-23', 2, 1041, '2025-05-01 19:55:02', '2025-06-04 04:27:22', 34, 1),
(328, 8, 'CLEUSA DOS SANTOS LEME ITAPIRA       BRA', 'Compra à vista', 28.00, '2025-02-22', 2, 1018, '2025-05-01 19:55:02', '2025-06-04 04:27:26', 34, 1),
(329, 8, 'AyltonCeragioli        ITAPIRA       BRA', 'Compra à vista', 31.00, '2025-02-21', 2, 1026, '2025-05-01 19:55:02', '2025-05-01 19:55:02', NULL, 0),
(330, 8, 'ITAPIRENSE COMBUSTIVEI ITAPIRA       BRA', 'Compra à vista', 20.00, '2025-02-17', 2, 1022, '2025-05-01 19:55:02', '2025-05-01 19:55:02', NULL, 0),
(331, 8, 'ABAST SHELL BOX', 'Compra à vista', 50.00, '2025-02-16', 2, 1022, '2025-05-01 19:55:02', '2025-05-01 19:55:02', NULL, 0),
(332, 8, 'SORV SABOR VANILLA II  ITAPIRA       BRA', 'Compra à vista', 23.80, '2025-02-16', 2, 1041, '2025-05-01 19:55:02', '2025-05-21 05:00:06', 34, 1),
(333, 8, 'IzukySushiBar          ITAPIRA       BRA', 'Compra à vista', 285.75, '2025-02-15', 2, 1018, '2025-05-01 19:55:02', '2025-06-05 03:17:26', 34, 1),
(334, 8, 'DROGARIA SAO PAULO SA  ITAPIRA       BRA', 'Compra à vista', 37.56, '2025-02-15', 2, 1023, '2025-05-01 19:55:02', '2025-06-05 03:17:57', 34, 1),
(335, 8, 'AyltonCeragioli        ITAPIRA       BRA', 'Compra à vista', 18.00, '2025-02-14', 2, 1026, '2025-05-01 19:55:02', '2025-05-01 19:55:02', NULL, 0),
(336, 8, 'SosBeer                ITAPIRA       BRA', 'Compra à vista', 22.00, '2025-02-13', 2, 1018, '2025-05-01 19:55:02', '2025-05-01 19:55:02', NULL, 0),
(337, 8, 'SUPERMERCADO PENHA CE  ITAPIRA       BRA', 'Compra à vista', 21.22, '2025-02-12', 2, 1021, '2025-05-01 19:55:02', '2025-05-01 19:55:02', NULL, 0),
(338, 8, 'SUPERMERCADO PENHA CE  ITAPIRA       BRA', 'Compra à vista', 4.03, '2025-02-12', 2, 1021, '2025-05-01 19:55:02', '2025-05-01 19:55:02', NULL, 0),
(339, 8, 'AyltonCeragioli        ITAPIRA       BRA', 'Compra à vista', 31.00, '2025-02-11', 2, 1026, '2025-05-01 19:55:02', '2025-05-01 19:55:02', NULL, 0),
(340, 8, 'ABAST SHELL BOX', 'Compra à vista', 30.00, '2025-02-09', 2, 1022, '2025-05-01 19:55:02', '2025-05-01 19:55:02', NULL, 0),
(341, 8, 'CUBATAO                ITAPIRA       BRA', 'Compra à vista', 79.04, '2025-02-08', 2, 1021, '2025-05-01 19:55:02', '2025-06-04 04:27:30', 34, 1),
(342, 8, 'TENDA ATACADO S A      SAO CARLOS    BRA', 'Compra à vista', 84.21, '2025-02-07', 2, 1021, '2025-05-01 19:55:02', '2025-06-04 04:27:34', 34, 1),
(343, 8, 'IKI LANCHES            ITAPIRA       BRA', 'Compra à vista', 31.00, '2025-02-07', 2, 1018, '2025-05-01 19:55:02', '2025-06-04 04:27:38', 34, 1),
(344, 8, 'BURGER KING            MOGI GUACU    BRA', 'Compra à vista', 17.99, '2025-02-07', 2, 1018, '2025-05-01 19:55:02', '2025-05-21 05:03:33', 34, 1),
(345, 8, 'AyltonCeragioli        ITAPIRA       BRA', 'Compra à vista', 28.00, '2025-02-05', 2, 1026, '2025-05-01 19:55:02', '2025-05-01 19:55:02', NULL, 0),
(346, 8, 'AGRO CUBATAO           ITAPIRA       BRA', 'Compra à vista', 38.00, '2025-02-04', 2, 1021, '2025-05-01 19:55:02', '2025-05-01 19:55:02', NULL, 0),
(347, 8, 'SHOPEE  EVTECSTORE     SAO PAULO     BRA', 'Parcela 1/2 da compra', 61.50, '2025-02-03', 2, 1024, '2025-05-01 19:55:02', '2025-05-01 19:55:02', NULL, 0),
(348, 8, 'CP PARC SHOPPING INTER', '4', 470.79, '2025-02-03', 2, 1024, '2025-05-01 19:55:02', '2025-05-01 19:55:53', NULL, 0),
(349, 8, 'ENCARGOS ROTATIVO', '1', 0.03, '2025-04-02', 2, 1026, '2025-05-01 19:59:46', '2025-05-01 20:00:54', NULL, 0),
(350, 8, 'IOF ADICIONAL DB PF', '1', 0.02, '2025-04-02', 2, 1026, '2025-05-01 19:59:46', '2025-05-01 20:01:07', NULL, 0),
(351, 8, 'AyltonCeragioli        ITAPIRA       BRA', 'Compra à vista', 5.00, '2025-03-30', 2, 1026, '2025-05-01 19:59:46', '2025-05-01 19:59:46', NULL, 0),
(352, 8, 'ABAST SHELL BOX', 'Compra à vista', 30.00, '2025-03-30', 2, 1022, '2025-05-01 19:59:46', '2025-05-01 19:59:46', NULL, 0),
(353, 8, 'TUTTIBOM ACAITERIA     ITAPIRA       BRA', 'Compra à vista', 23.00, '2025-03-30', 2, 1041, '2025-05-01 19:59:46', '2025-06-05 03:12:27', 34, 1),
(354, 8, 'SUPERMERCADO PENHA CE  ITAPIRA       BRA', 'Compra à vista', 8.96, '2025-03-29', 2, 1021, '2025-05-01 19:59:46', '2025-05-01 19:59:46', NULL, 0),
(355, 8, 'CUBATAO                ITAPIRA       BRA', 'Compra à vista', 41.33, '2025-03-29', 2, 1021, '2025-05-01 19:59:46', '2025-05-26 16:59:36', 34, 1),
(356, 8, '1A99                   ITAPIRA       BRA', 'Compra à vista', 31.94, '2025-03-29', 2, 1021, '2025-05-01 19:59:46', '2025-05-01 19:59:46', NULL, 0),
(357, 8, 'AyltonCeragioli        ITAPIRA       BRA', 'Compra à vista', 5.00, '2025-03-28', 2, 1026, '2025-05-01 19:59:46', '2025-05-01 19:59:46', NULL, 0),
(358, 8, 'SUPERMERCADO PENHA CE  ITAPIRA       BRA', 'Compra à vista', 27.74, '2025-03-27', 2, 1021, '2025-05-01 19:59:46', '2025-05-01 19:59:46', NULL, 0),
(359, 8, 'AGRO CUBATAO           ITAPIRA       BRA', 'Compra à vista', 38.50, '2025-03-27', 2, 1021, '2025-05-01 19:59:46', '2025-05-01 19:59:46', NULL, 0),
(360, 8, 'SHOPEE  HerberTEletrni S o Paulo     BRA', 'Parcela 1/2 da compra', 35.70, '2025-03-25', 2, 1024, '2025-05-01 19:59:46', '2025-05-01 19:59:46', NULL, 0),
(361, 8, 'AUTO POSTO ARENA DE I  ITAPIRA       BRA', 'Compra à vista', 52.35, '2025-03-24', 2, 1022, '2025-05-01 19:59:46', '2025-05-01 19:59:46', NULL, 0),
(362, 8, 'SUPERMERCADO POPULAR D ITAPIRA       BRA', 'Compra à vista', 8.98, '2025-03-23', 2, 1021, '2025-05-01 19:59:46', '2025-06-04 04:26:48', 34, 1),
(363, 8, 'ANTONELLI SUPERMERCA   ITAPIRA       BRA', 'Compra à vista', 21.14, '2025-03-22', 2, 1021, '2025-05-01 19:59:46', '2025-05-01 19:59:46', NULL, 0),
(364, 8, 'CLEUSA DOS SANTOS LEME ITAPIRA       BRA', 'Compra à vista', 28.00, '2025-03-22', 2, 1018, '2025-05-01 19:59:46', '2025-05-01 19:59:46', NULL, 0),
(365, 8, 'AndreRicardoDe         ITAPIRA       BRA', 'Compra à vista', 29.00, '2025-03-22', 2, 1026, '2025-05-01 19:59:46', '2025-05-01 19:59:46', NULL, 0),
(366, 8, 'CUBATAO                ITAPIRA       BRA', 'Compra à vista', 38.41, '2025-03-22', 2, 1021, '2025-05-01 19:59:46', '2025-06-04 04:26:51', 34, 1),
(367, 8, 'DROGARIA DA LETICIA    ITAPIRA       BRA', 'Compra à vista', 97.05, '2025-03-22', 2, 1023, '2025-05-01 19:59:46', '2025-06-04 04:28:33', 34, 0),
(368, 8, 'TABACARIA ALI   CIA    ITAPIRA       BRA', 'Compra à vista', 42.90, '2025-03-21', 2, 1018, '2025-05-01 19:59:46', '2025-05-01 19:59:46', NULL, 0),
(369, 8, 'FARMACIA SANTA CRUZ    ITAPIRA       BRA', 'Compra à vista', 35.40, '2025-03-19', 2, 1023, '2025-05-01 19:59:46', '2025-06-04 04:28:32', 34, 0),
(370, 8, 'SosBeer                ITAPIRA       BRA', 'Compra à vista', 11.75, '2025-03-19', 2, 1018, '2025-05-01 19:59:46', '2025-05-01 19:59:46', NULL, 0),
(371, 8, 'SosBeer                ITAPIRA       BRA', 'Compra à vista', 11.00, '2025-03-19', 2, 1018, '2025-05-01 19:59:46', '2025-05-01 19:59:46', NULL, 0),
(372, 8, 'SUPERMERCADO POPULAR D ITAPIRA       BRA', 'Compra à vista', 13.18, '2025-03-18', 2, 1021, '2025-05-01 19:59:46', '2025-05-01 19:59:46', NULL, 0),
(373, 8, 'AyltonCeragioli        ITAPIRA       BRA', 'Compra à vista', 5.00, '2025-03-18', 2, 1026, '2025-05-01 19:59:46', '2025-05-01 19:59:46', NULL, 0),
(374, 8, 'STAR 175  DOM PEDRO LE CAMPINAS      BRA', 'Compra à vista', 48.00, '2025-03-16', 2, 1027, '2025-05-01 19:59:46', '2025-05-22 02:07:12', 34, 1),
(375, 8, 'Indigo                 CAMPINAS      BRA', 'Compra à vista', 12.00, '2025-03-16', 2, 1021, '2025-05-01 19:59:46', '2025-05-22 02:07:20', 34, 1),
(376, 8, 'ASSB COM  VAREJISTA DE CAMPINAS      BRA', 'Compra à vista', 31.94, '2025-03-16', 2, 1021, '2025-05-01 19:59:46', '2025-05-22 02:07:23', 34, 1),
(377, 8, 'OUTBACK PARQUE DAS BAN CAMPINAS      BRA', 'Compra à vista', 278.32, '2025-03-15', 2, 1018, '2025-05-01 19:59:46', '2025-05-21 04:59:50', 34, 1),
(378, 8, 'LUNGA SUPERMERCADO     CAMPINAS      BRA', 'Compra à vista', 29.43, '2025-03-15', 2, 1021, '2025-05-01 19:59:46', '2025-05-21 04:59:51', 34, 1),
(379, 8, 'LAZER HOPI HARI        Itupeva       BRA', 'Compra à vista', 35.00, '2025-03-15', 2, 1027, '2025-05-01 19:59:46', '2025-05-21 04:59:53', 34, 1),
(380, 8, 'HOPI HARI              VINHEDO       BRA', 'Compra à vista', 10.00, '2025-03-15', 2, 1027, '2025-05-01 19:59:46', '2025-05-21 04:59:52', 34, 1),
(381, 8, 'HOPI HARI              VINHEDO       BRA', 'Compra à vista', 27.80, '2025-03-15', 2, 1027, '2025-05-01 19:59:46', '2025-05-21 04:59:54', 34, 1),
(382, 8, 'HOPI HARI              VINHEDO       BRA', 'Compra à vista', 15.00, '2025-03-15', 2, 1027, '2025-05-01 19:59:46', '2025-05-21 04:59:55', 34, 1),
(383, 8, 'SONDA CAMPINAS         CAMPINAS      BRA', 'Compra à vista', 65.32, '2025-03-15', 2, 1021, '2025-05-01 19:59:46', '2025-05-21 04:59:58', 34, 1),
(384, 8, 'SONDA CAMPINAS         CAMPINAS      BRA', 'Compra à vista', 7.44, '2025-03-15', 2, 1021, '2025-05-01 19:59:46', '2025-05-21 04:59:57', 34, 1),
(385, 8, 'JSRosaPneusLtda        MOGI MIRIM    BRA', 'Parcela 1/4 da compra', 93.75, '2025-03-14', 2, 1030, '2025-05-01 19:59:46', '2025-06-05 03:14:31', 34, 0),
(386, 8, 'REI DO REAL            CAMPINAS      BRA', 'Compra à vista', 102.98, '2025-03-14', 2, 1021, '2025-05-01 19:59:46', '2025-05-21 05:00:00', 34, 1),
(387, 8, 'SUPERMERCADO PENHA CE  ITAPIRA       BRA', 'Compra à vista', 8.89, '2025-03-13', 2, 1021, '2025-05-01 19:59:46', '2025-05-01 19:59:46', NULL, 0),
(388, 8, 'MEGA MOTOS             ITAPIRA       BRA', 'Compra à vista', 42.00, '2025-03-13', 2, 1030, '2025-05-01 19:59:46', '2025-05-01 19:59:46', NULL, 0),
(389, 8, 'SUPERMERCADO PENHA CE  ITAPIRA       BRA', 'Compra à vista', 10.43, '2025-03-12', 2, 1021, '2025-05-01 19:59:46', '2025-05-01 19:59:46', NULL, 0),
(390, 8, 'HOPI HARI              VINHEDO       BRA', 'Parcela 1/6 da compra', 76.65, '2025-03-12', 2, 1027, '2025-05-01 19:59:46', '2025-05-21 05:03:22', 34, 1),
(391, 8, 'AyltonCeragioli        ITAPIRA       BRA', 'Compra à vista', 7.50, '2025-03-11', 2, 1026, '2025-05-01 19:59:46', '2025-05-01 19:59:46', NULL, 0),
(392, 8, '55027322Josiara        ITAPIRA       BRA', 'Compra à vista', 10.00, '2025-03-09', 2, 1026, '2025-05-01 19:59:46', '2025-05-01 19:59:46', NULL, 0),
(393, 8, 'ABAST SHELL BOX', 'Compra à vista', 30.00, '2025-03-09', 2, 1022, '2025-05-01 19:59:46', '2025-05-01 19:59:46', NULL, 0),
(394, 8, 'SUPERMERCADO POPULAR D ITAPIRA       BRA', 'Compra à vista', 34.66, '2025-03-09', 2, 1021, '2025-05-01 19:59:46', '2025-06-04 04:27:06', 34, 1),
(395, 8, 'CUBATAO                ITAPIRA       BRA', 'Compra à vista', 40.76, '2025-03-08', 2, 1021, '2025-05-01 19:59:46', '2025-06-04 04:27:04', 34, 1),
(396, 8, 'SORV SABOR VANILLA II  ITAPIRA       BRA', 'Compra à vista', 43.20, '2025-03-08', 2, 1041, '2025-05-01 19:59:46', '2025-05-21 05:00:03', 34, 1),
(397, 8, 'BEEF BURGUER           ITAPIRA       BRA', 'Compra à vista', 103.95, '2025-03-08', 2, 1018, '2025-05-01 19:59:46', '2025-05-21 05:00:02', 34, 1),
(398, 8, 'SosBeer                ITAPIRA       BRA', 'Compra à vista', 5.00, '2025-03-07', 2, 1018, '2025-05-01 19:59:46', '2025-05-01 19:59:46', NULL, 0),
(399, 8, 'AyltonCeragioli        ITAPIRA       BRA', 'Compra à vista', 7.50, '2025-03-06', 2, 1026, '2025-05-01 19:59:46', '2025-05-01 19:59:46', NULL, 0),
(400, 8, 'SosBeer                ITAPIRA       BRA', 'Compra à vista', 5.00, '2025-03-05', 2, 1018, '2025-05-01 19:59:46', '2025-05-01 19:59:46', NULL, 0),
(401, 8, 'DROGARIA DA LETICIA    ITAPIRA       BRA', 'Compra à vista', 38.89, '2025-03-04', 2, 1023, '2025-05-01 19:59:46', '2025-06-04 02:40:13', 34, 0),
(402, 8, 'AIRBNB   HM49QQ5NED    SAO PAULO     BRA', 'Parcela 1/4 da compra', 278.70, '2025-03-03', 2, 1027, '2025-05-01 19:59:46', '2025-05-22 02:15:43', 34, 1),
(403, 8, 'HOPI HARI              VINHEDO       BRA', 'Parcela 1/2 da compra', 60.00, '2025-03-03', 2, 1027, '2025-05-01 19:59:46', '2025-05-21 05:00:05', 34, 1),
(404, 8, 'AyltonCeragioli        ITAPIRA       BRA', 'Compra à vista', 18.50, '2025-03-03', 2, 1026, '2025-05-01 19:59:46', '2025-05-01 19:59:46', NULL, 0),
(405, 8, 'SUPERMERCADO           ITAPIRA       BRA', 'Compra à vista', 49.18, '2025-03-02', 2, 1021, '2025-05-01 19:59:46', '2025-06-04 04:27:12', 34, 1),
(406, 8, 'PIZZARIA               ITAPIRA       BRA', 'Compra à vista', 53.00, '2025-03-01', 2, 1018, '2025-05-01 19:59:46', '2025-06-04 04:27:13', 34, 1),
(407, 8, 'AUTO POSTO ARENA DE I  ITAPIRA       BRA', 'Compra à vista', 53.66, '2025-03-01', 2, 1022, '2025-05-01 19:59:46', '2025-05-01 19:59:46', NULL, 0),
(408, 8, 'LeSBeer                MOGI GUACU    BRA', 'Compra à vista', 17.00, '2025-03-01', 2, 1018, '2025-05-01 19:59:46', '2025-05-01 19:59:46', NULL, 0),
(409, 8, 'SHOPEE  EVTECSTORE     SAO PAULO     BRA', 'Parcela 2/2 da compra', 61.50, '2025-03-03', 2, 1024, '2025-05-01 19:59:46', '2025-06-04 02:52:28', NULL, 0),
(410, 8, 'CP PARC SHOPPING INTER', 'Parcela 5/10 da compra', 470.79, '2025-03-03', 2, 1024, '2025-05-01 19:59:46', '2025-05-21 03:13:10', NULL, 0),
(424, 3, 'Mp *Melimais', '-', 27.99, '2024-11-06', 2, 1029, '2025-05-05 15:52:07', '2025-05-21 03:09:02', NULL, 0),
(425, 3, 'Skyfit Itapira', '2 de 12', 99.90, '2024-11-06', 2, 1028, '2025-05-05 15:52:07', '2025-05-05 15:52:07', NULL, 0),
(426, 3, 'Bf *Mega Motos', '2 de 6', 57.82, '2024-11-06', 2, 1030, '2025-05-05 15:52:07', '2025-05-05 15:52:07', NULL, 0),
(427, 3, 'Lojaehcases', '9 de 10', 55.00, '2024-11-06', 2, 1024, '2025-05-05 15:52:07', '2025-05-05 15:52:07', NULL, 0),
(428, 3, 'Claro *19984122111', '-', 49.90, '2024-11-09', 2, 1029, '2025-05-05 15:52:07', '2025-05-05 15:52:07', NULL, 0),
(429, 3, 'Bike Cia Itapira', '-', 105.00, '2024-11-12', 2, 1030, '2025-05-05 15:52:07', '2025-05-05 15:52:07', NULL, 0),
(430, 3, 'Zeferino', '-', 24.53, '2024-11-16', 2, 1026, '2025-05-05 15:52:07', '2025-05-05 15:52:07', NULL, 0),
(431, 3, 'Posto Conceicao', '-', 50.00, '2024-11-20', 2, 1022, '2025-05-05 15:52:07', '2025-05-05 15:52:07', NULL, 0),
(432, 3, 'Padaria Nosso Pao', '-', 32.09, '2025-11-20', 2, 1018, '2025-05-05 15:52:07', '2025-05-05 15:52:07', NULL, 0),
(433, 3, 'Fabioluizdagnoni', '-', 16.00, '2024-11-21', 2, 1026, '2025-05-05 15:52:07', '2025-05-05 15:52:07', NULL, 0),
(434, 3, 'Dm*Spotify', '-', 11.90, '2024-11-21', 2, 1029, '2025-05-05 15:52:07', '2025-05-05 15:52:07', NULL, 0),
(435, 3, 'Shopee *Herberteletrni', '1 de 2', 74.39, '2024-11-22', 2, 1024, '2025-05-05 15:52:07', '2025-05-05 15:52:07', NULL, 0),
(436, 3, 'Kombice', '-', 30.00, '2024-12-02', 2, 1026, '2025-05-05 15:52:07', '2025-05-05 15:52:07', NULL, 0),
(437, 3, 'Skyfit Itapira', '3 de 12', 99.90, '2024-12-06', 2, 1028, '2025-05-05 15:55:17', '2025-05-05 15:55:17', NULL, 0),
(438, 3, 'Bf *Mega Motos', '3 de 6', 57.82, '2024-12-06', 2, 1030, '2025-05-05 15:55:17', '2025-05-05 15:55:17', NULL, 0),
(439, 3, 'Shopee *Herberteletrni', '2 de 2', 74.39, '2024-12-06', 2, 1024, '2025-05-05 15:55:17', '2025-05-05 15:55:17', NULL, 0),
(440, 3, 'Lojaehcases', '10 de 10', 55.00, '2024-12-06', 2, 1024, '2025-05-05 15:55:17', '2025-05-05 15:55:17', NULL, 0),
(441, 3, 'Melimais', '-', 27.99, '2024-12-07', 2, 1029, '2025-05-05 15:55:17', '2025-05-21 03:08:13', NULL, 0),
(442, 3, 'Top Freios Borracharia', '-', 80.00, '2024-12-08', 2, 1030, '2025-05-05 15:55:17', '2025-05-05 15:55:17', NULL, 0),
(443, 3, 'Agro Cubatao', '-', 19.40, '2024-12-08', 2, 1021, '2025-05-05 15:55:17', '2025-05-05 15:55:17', NULL, 0),
(444, 3, 'Claro *19984122111', '-', 49.90, '2024-12-09', 2, 1029, '2025-05-05 15:55:17', '2025-05-05 15:55:17', NULL, 0),
(445, 3, 'Ayltonceragioli', '-', 7.00, '2024-12-13', 2, 1018, '2025-05-05 15:55:17', '2025-05-05 15:55:17', NULL, 0),
(446, 3, 'Supermercado', '-', 11.96, '2024-12-15', 2, 1021, '2025-05-05 15:55:17', '2025-05-05 15:55:17', NULL, 0),
(447, 3, 'Supermercado Popular D', '-', 4.85, '2024-12-15', 2, 1021, '2025-05-05 15:55:17', '2025-05-05 15:55:17', NULL, 0),
(448, 3, 'Sosbeer', '-', 14.00, '2024-12-16', 2, 1018, '2025-05-05 15:55:17', '2025-05-05 15:55:17', NULL, 0),
(449, 3, 'Supermercado', '-', 6.99, '2024-12-16', 2, 1021, '2025-05-05 15:55:17', '2025-05-05 15:55:17', NULL, 0),
(450, 3, 'Mapfre*Pcl', '1 de 10', 121.95, '2024-12-17', 2, 1039, '2025-05-05 15:55:17', '2025-06-05 03:19:34', 34, 0),
(451, 3, 'Hna*Oboticario', '1 de 4', 214.89, '2024-12-20', 2, 1040, '2025-05-05 15:55:17', '2025-05-21 03:08:35', 35, 0),
(452, 3, 'Dm *Spotify', '-', 11.90, '2024-12-21', 2, 1029, '2025-05-05 15:55:17', '2025-05-05 15:55:17', NULL, 0),
(453, 3, 'Auto Center Penha', '-', 30.00, '2024-12-21', 2, 1021, '2025-05-05 15:55:17', '2025-05-05 15:55:17', NULL, 0),
(454, 3, 'Auto Posto Arena de I', '-', 49.15, '2024-12-22', 2, 1022, '2025-05-05 15:55:17', '2025-05-05 15:55:17', NULL, 0),
(455, 3, 'Agro Cubatao', '-', 43.00, '2024-12-22', 2, 1021, '2025-05-05 15:55:17', '2025-05-05 15:55:17', NULL, 0),
(456, 3, 'Antonelli Supermerca', '-', 148.96, '2024-12-22', 2, 1021, '2025-05-05 15:55:17', '2025-05-05 15:55:17', NULL, 0),
(457, 3, 'Apple.Com/Bill', '-', 14.90, '2024-12-24', 2, 1029, '2025-05-05 15:55:17', '2025-05-05 15:55:17', NULL, 0),
(458, 3, 'Sosbeer', '-', 22.00, '2024-12-28', 2, 1018, '2025-05-05 15:55:17', '2025-05-05 15:55:17', NULL, 0),
(459, 3, 'Skyfit Itapira', '4 de 12', 99.90, '2025-01-06', 2, 1028, '2025-05-05 15:57:57', '2025-05-05 15:57:57', NULL, 0),
(460, 3, 'Bf *Mega Motos', '4 de 6', 57.82, '2025-01-06', 2, 1030, '2025-05-05 15:57:58', '2025-05-05 15:57:58', NULL, 0),
(461, 3, 'Hna*Oboticario', '2 de 4', 214.87, '2025-01-06', 2, 1040, '2025-05-05 15:57:58', '2025-05-21 02:59:59', 35, 0),
(462, 3, 'Melimais', '-', 27.99, '2025-01-06', 2, 1029, '2025-05-05 15:57:58', '2025-05-21 03:01:17', NULL, 0),
(463, 3, 'Claro *19984122111', '-', 49.90, '2025-01-09', 2, 1029, '2025-05-05 15:57:58', '2025-05-05 15:57:58', NULL, 0),
(464, 3, 'Mapfre*Pcl', '2 de 10', 121.95, '2025-01-13', 2, 1039, '2025-05-05 15:57:58', '2025-05-21 05:03:06', 34, 0),
(465, 3, 'Dm*Spotify', '-', 11.90, '2025-01-21', 2, 1029, '2025-05-05 15:57:58', '2025-05-05 15:57:58', NULL, 0),
(466, 3, 'Ayltonceragioli', '-', 28.00, '2025-01-28', 2, 1026, '2025-05-05 15:57:58', '2025-05-05 15:57:58', NULL, 0),
(467, 3, 'Cubatao', '-', 99.48, '2025-02-02', 2, 1021, '2025-05-05 15:57:58', '2025-05-05 15:57:58', NULL, 0),
(468, 3, 'Mp *Melimais', '-', 27.99, '2025-02-04', 2, 1029, '2025-05-05 15:57:58', '2025-05-21 03:07:15', NULL, 0),
(469, 3, 'Skyfit Itapira', '5 de 12', 99.90, '2025-02-06', 2, 1028, '2025-05-05 15:59:50', '2025-05-05 15:59:50', NULL, 0),
(470, 3, 'Hna*Oboticario', '3 de 4', 214.87, '2025-02-06', 2, 1040, '2025-05-05 15:59:50', '2025-05-21 03:00:28', 35, 0),
(471, 3, 'Bf *Mega Motos', '5 de 6', 57.82, '2025-02-06', 2, 1030, '2025-05-05 15:59:50', '2025-05-05 15:59:50', NULL, 0),
(472, 3, 'Claro *19984122111', '-', 49.90, '2025-02-09', 2, 1029, '2025-05-05 15:59:50', '2025-05-05 15:59:50', NULL, 0),
(473, 3, 'Mapfre*Pcl', '3 de 10', 121.95, '2025-02-13', 2, 1039, '2025-05-05 15:59:50', '2025-05-21 05:03:03', 34, 0),
(474, 3, 'Dm*Spotify', '-', 11.90, '2025-02-21', 2, 1029, '2025-05-05 15:59:50', '2025-05-05 15:59:50', NULL, 0),
(475, 3, 'Skyfit Itapira', '6 de 12', 99.90, '2025-03-06', 2, 1028, '2025-05-05 16:01:24', '2025-05-05 16:01:24', NULL, 0),
(476, 3, 'Hna*Oboticario', '4 de 4', 214.87, '2025-03-06', 2, 1040, '2025-05-05 16:01:24', '2025-05-21 02:57:17', 35, 0),
(477, 3, 'Bf *Mega Motos', '6 de 6', 57.82, '2025-03-06', 2, 1030, '2025-05-05 16:01:24', '2025-05-05 16:01:24', NULL, 0),
(478, 3, 'Melimais', '-', 27.99, '2025-03-06', 2, 1029, '2025-05-05 16:01:24', '2025-05-21 02:59:30', NULL, 0),
(479, 3, 'Claro *19984122111', '-', 49.90, '2025-03-09', 2, 1029, '2025-05-05 16:01:24', '2025-05-21 03:48:54', 24, 1),
(480, 3, 'Mapfre*Pcl', '4 de 10', 121.95, '2025-03-13', 2, 1039, '2025-05-05 16:01:24', '2025-05-21 05:03:01', 34, 0),
(481, 3, 'Dm *Spotify', '-', 11.90, '2025-03-21', 2, 1029, '2025-05-05 16:01:24', '2025-05-05 16:01:24', NULL, 0),
(482, 3, 'Antonelli Supermerca', '-', 62.32, '2025-04-03', 2, 1021, '2025-05-05 16:01:24', '2025-05-05 16:01:24', NULL, 0),
(483, 3, 'Sosbeer', '-', 5.00, '2025-04-05', 2, 1018, '2025-05-05 16:01:24', '2025-05-05 16:01:24', NULL, 0),
(484, 3, 'Mp *Melimais', '-', 24.90, '2025-04-05', 2, 1029, '2025-05-05 16:01:24', '2025-05-21 03:11:07', NULL, 0),
(561, 8, 'ANTONELLI SUPERMERCA   ITAPIRA       BRA', 'Compra à vista', 33.43, '2025-04-30', 2, 1021, '2025-06-09 16:19:36', '2025-06-09 16:19:36', NULL, 0),
(562, 8, 'TABACARIA ALI   CIA    ITAPIRA       BRA', 'Compra à vista', 35.80, '2025-04-29', 2, 1018, '2025-06-09 16:19:36', '2025-06-09 16:19:36', NULL, 0),
(563, 8, 'ABAST SHELL BOX', 'Compra à vista', 30.00, '2025-04-27', 2, 1022, '2025-06-09 16:19:36', '2025-06-09 16:19:36', NULL, 0),
(564, 8, 'ANTONELLI SUPERMERCA   ITAPIRA       BRA', 'Compra à vista', 3.79, '2025-04-26', 2, 1021, '2025-06-09 16:19:36', '2025-06-09 16:19:36', NULL, 0),
(565, 8, '1A99                   ITAPIRA       BRA', 'Compra à vista', 58.91, '2025-04-26', 2, 1021, '2025-06-09 16:19:36', '2025-06-09 16:19:36', NULL, 0),
(566, 8, 'ANTONELLI SUPERMERCA   ITAPIRA       BRA', 'Compra à vista', 130.63, '2025-04-26', 2, 1021, '2025-06-09 16:19:36', '2025-06-09 17:14:18', 34, 1),
(567, 8, 'SosBeer                ITAPIRA       BRA', 'Compra à vista', 10.00, '2025-04-25', 2, 1018, '2025-06-09 16:19:36', '2025-06-09 16:19:36', NULL, 0),
(568, 8, 'ABAST SHELL BOX', 'Compra à vista', 30.00, '2025-04-21', 2, 1022, '2025-06-09 16:19:36', '2025-06-09 16:19:36', NULL, 0),
(569, 8, 'TOURO S BURGUER        ITAPIRA       BRA', 'Compra à vista', 16.00, '2025-04-20', 2, 1018, '2025-06-09 16:19:36', '2025-06-09 17:14:23', 34, 1),
(570, 8, 'TUTTIBOM ACAITERIA     ITAPIRA       BRA', 'Compra à vista', 37.38, '2025-04-20', 2, 1041, '2025-06-09 16:19:36', '2025-06-09 17:14:26', 34, 1),
(571, 8, 'CUBATAO                ITAPIRA       BRA', 'Compra à vista', 97.08, '2025-04-19', 2, 1021, '2025-06-09 16:19:36', '2025-06-09 17:14:24', 34, 1),
(572, 8, 'SUPERMERCADO POPULAR D ITAPIRA       BRA', 'Compra à vista', 24.16, '2025-04-16', 2, 1021, '2025-06-09 16:19:36', '2025-06-09 16:19:36', NULL, 0),
(573, 8, '1A99                   ITAPIRA       BRA', 'Compra à vista', 33.43, '2025-04-12', 2, 1021, '2025-06-09 16:19:36', '2025-06-09 16:19:36', NULL, 0),
(574, 8, 'SUPERMERCADO           ITAPIRA       BRA', 'Compra à vista', 120.75, '2025-04-12', 2, 1021, '2025-06-09 16:19:36', '2025-06-09 16:19:36', 34, 0),
(575, 8, 'SUPERMERCADO           ITAPIRA       BRA', 'Compra à vista', 16.98, '2025-04-12', 2, 1021, '2025-06-09 16:19:36', '2025-06-09 16:19:36', NULL, 0),
(576, 8, 'AyltonCeragioli        ITAPIRA       BRA', 'Compra à vista', 53.00, '2025-04-12', 2, 1043, '2025-06-09 16:19:36', '2025-06-09 16:22:19', NULL, 0),
(577, 8, 'SosBeer                ITAPIRA       BRA', 'Compra à vista', 14.50, '2025-04-12', 2, 1018, '2025-06-09 16:19:36', '2025-06-09 16:19:36', NULL, 0),
(578, 8, 'TABACARIA ALI   CIA    ITAPIRA       BRA', 'Compra à vista', 32.30, '2025-04-12', 2, 1018, '2025-06-09 16:19:36', '2025-06-09 16:19:36', NULL, 0),
(579, 8, 'ROFATTO SUPERMERCADOS  ITAPIRA       BRA', 'Compra à vista', 6.79, '2025-04-12', 2, 1021, '2025-06-09 16:19:36', '2025-06-09 16:19:36', NULL, 0),
(580, 8, 'FROGPAY AUTO POSTO SAO ITAPETININGA  BRA', 'Compra à vista', 50.00, '2025-04-11', 2, 1022, '2025-06-09 16:19:36', '2025-06-09 16:19:36', NULL, 0),
(581, 8, 'ComitivaLanch          ITAPIRA       BRA', 'Compra à vista', 6.00, '2025-04-11', 2, 1018, '2025-06-09 16:19:36', '2025-06-09 16:20:39', NULL, 0),
(582, 8, 'AyltonCeragioli        ITAPIRA       BRA', 'Compra à vista', 7.50, '2025-04-11', 2, 1043, '2025-06-09 16:19:36', '2025-06-09 16:22:05', NULL, 0),
(583, 8, 'SosBeer                ITAPIRA       BRA', 'Compra à vista', 5.00, '2025-04-07', 2, 1018, '2025-06-09 16:19:36', '2025-06-09 16:19:36', NULL, 0),
(584, 8, 'HUB NETSHOES           SAO PAULO     BRA', 'Parcela 1/4 da compra', 69.75, '2025-04-07', 2, 1024, '2025-06-09 16:19:36', '2025-06-09 16:20:19', NULL, 0),
(585, 8, 'AUTO POSTO ARENA DE I  ITAPIRA       BRA', 'Compra à vista', 52.01, '2025-04-07', 2, 1022, '2025-06-09 16:19:36', '2025-06-09 16:19:36', NULL, 0),
(586, 8, 'SUPERMERCADO           ITAPIRA       BRA', 'Compra à vista', 32.45, '2025-04-04', 2, 1021, '2025-06-09 16:19:36', '2025-06-09 16:19:36', NULL, 0),
(587, 8, 'SHOPEE  HerberTEletrni S o Paulo     BRA', 'Parcela 2/2 da compra', 35.70, '2025-03-25', 2, 1024, '2025-06-09 16:19:36', '2025-06-09 16:19:36', NULL, 0),
(588, 8, 'JSRosaPneusLtda        MOGI MIRIM    BRA', 'Parcela 2/4 da compra', 93.75, '2025-04-14', 2, 1030, '2025-06-09 16:19:36', '2025-06-09 16:19:36', 34, 0),
(589, 8, 'HOPI HARI              VINHEDO       BRA', 'Parcela 2/6 da compra', 76.63, '2025-04-12', 2, 1027, '2025-06-09 16:19:36', '2025-06-09 17:14:25', 34, 1),
(590, 8, 'HOPI HARI              VINHEDO       BRA', 'Parcela 2/2 da compra', 59.99, '2025-04-03', 2, 1027, '2025-06-09 16:19:36', '2025-06-09 17:14:45', 34, 1),
(591, 8, 'AIRBNB   HM49QQ5NED    SAO PAULO     BRA', 'Parcela 2/4 da compra', 278.68, '2025-04-03', 2, 1027, '2025-06-09 16:19:36', '2025-06-09 17:14:35', 34, 1),
(592, 8, 'CP PARC SHOPPING INTER', 'Parcela 6/10 da compra', 470.79, '2025-04-19', 2, 1024, '2025-06-09 16:19:36', '2025-06-09 16:19:36', NULL, 0),
(593, 8, 'AyltonCeragioli        ITAPIRA       BRA', 'Compra à vista', 24.00, '2025-06-01', 2, 1043, '2025-06-09 16:37:30', '2025-06-09 16:37:30', NULL, 0),
(594, 8, '1A99                   ITAPIRA       BRA', 'Compra à vista', 53.93, '2025-05-31', 2, 1021, '2025-06-09 16:37:30', '2025-06-09 16:37:30', NULL, 0),
(595, 8, 'ElianaCristinaDos      ITAPIRA       BRA', 'Compra à vista', 50.90, '2025-05-31', 2, 1026, '2025-06-09 16:37:30', '2025-06-09 16:41:16', 34, 1),
(596, 8, 'PIZZARIA               ITAPIRA       BRA', 'Compra à vista', 76.50, '2025-05-31', 2, 1021, '2025-06-09 16:37:30', '2025-06-09 16:41:15', 34, 1),
(597, 8, 'SUPERMERCADO           ITAPIRA       BRA', 'Compra à vista', 31.56, '2025-05-31', 2, 1021, '2025-06-09 16:37:30', '2025-06-09 16:41:08', 34, 1),
(598, 8, 'ANTONELLI SUPERMERCA   ITAPIRA       BRA', 'Compra à vista', 66.51, '2025-05-28', 2, 1021, '2025-06-09 16:37:30', '2025-06-09 16:37:30', NULL, 0),
(599, 8, 'SosBeer                ITAPIRA       BRA', 'Compra à vista', 7.00, '2025-05-27', 2, 1043, '2025-06-09 16:37:30', '2025-06-09 16:37:30', NULL, 0),
(600, 8, 'SUPERMERCADO JARDIM P  ITAPIRA       BRA', 'Compra à vista', 30.00, '2025-05-25', 2, 1021, '2025-06-09 16:37:30', '2025-06-09 16:37:30', NULL, 0),
(601, 8, 'AUTO POSTO N  R        ITAPIRA       BRA', 'Compra à vista', 50.00, '2025-05-25', 2, 1022, '2025-06-09 16:37:31', '2025-06-09 16:37:31', NULL, 0),
(602, 8, 'SUPERMERCADO JARDIM P  ITAPIRA       BRA', 'Compra à vista', 42.50, '2025-05-24', 2, 1021, '2025-06-09 16:37:31', '2025-06-09 16:41:10', 34, 1),
(603, 8, 'BURGER KING            MOGI GUACU    BRA', 'Compra à vista', 68.79, '2025-05-24', 2, 1018, '2025-06-09 16:37:31', '2025-06-09 16:41:10', 34, 1),
(604, 8, 'CINEMARK MOGI GUACU    MOGI GUACU    BRA', 'Compra à vista', 63.00, '2025-05-24', 2, 1026, '2025-06-09 16:37:31', '2025-06-09 16:41:19', 34, 1),
(605, 8, 'AutoPostoVoxLtda       NOVA ODESSA   BRA', 'Compra à vista', 51.00, '2025-05-24', 2, 1022, '2025-06-09 16:37:31', '2025-06-09 16:37:31', NULL, 0),
(606, 8, 'PauloCesarDe           ITAPIRA       BRA', 'Compra à vista', 6.00, '2025-05-23', 2, 1026, '2025-06-09 16:37:31', '2025-06-09 16:37:31', NULL, 0),
(607, 8, '1A99                   ITAPIRA       BRA', 'Compra à vista', 26.96, '2025-05-23', 2, 1021, '2025-06-09 16:37:31', '2025-06-09 16:37:31', NULL, 0),
(608, 8, 'SosBeer                ITAPIRA       BRA', 'Compra à vista', 5.00, '2025-05-19', 2, 1043, '2025-06-09 16:37:31', '2025-06-09 16:37:31', NULL, 0),
(609, 8, 'FROGPAY AUTO POSTO SAO ITAPETININGA  BRA', 'Compra à vista', 30.00, '2025-05-19', 2, 1022, '2025-06-09 16:37:31', '2025-06-09 16:37:31', NULL, 0),
(610, 8, 'SUPERMERCADO           ITAPIRA       BRA', 'Compra à vista', 95.84, '2025-05-17', 2, 1021, '2025-06-09 16:37:31', '2025-06-09 17:14:06', 34, 1),
(611, 8, '1A99                   ITAPIRA       BRA', 'Compra à vista', 33.95, '2025-05-17', 2, 1021, '2025-06-09 16:37:31', '2025-06-09 16:37:31', NULL, 0),
(612, 8, 'SUPERMERCADO PENHA CE  ITAPIRA       BRA', 'Compra à vista', 10.13, '2025-05-17', 2, 1021, '2025-06-09 16:37:31', '2025-06-09 16:37:31', NULL, 0),
(613, 8, 'TABACARIA ALI   CIA    ITAPIRA       BRA', 'Compra à vista', 38.30, '2025-05-15', 2, 1043, '2025-06-09 16:37:31', '2025-06-09 16:37:31', NULL, 0),
(614, 8, 'CLEUSA DOS SANTOS LEME ITAPIRA       BRA', 'Compra à vista', 34.00, '2025-05-13', 2, 1018, '2025-06-09 16:37:31', '2025-06-09 17:14:11', 34, 1),
(615, 8, 'Ednaaraujocosta        ITAPIRA       BRA', 'Compra à vista', 25.74, '2025-05-13', 2, 1018, '2025-06-09 16:37:31', '2025-06-09 17:14:07', 34, 1),
(616, 8, 'ElianaCristinaDos      ITAPIRA       BRA', 'Compra à vista', 32.00, '2025-05-12', 2, 1018, '2025-06-09 16:37:31', '2025-06-09 16:37:31', 34, 0),
(617, 8, 'AyltonCeragioli        ITAPIRA       BRA', 'Compra à vista', 11.00, '2025-05-12', 2, 1043, '2025-06-09 16:37:31', '2025-06-09 16:37:31', NULL, 0),
(618, 8, 'NATHALIAFERREIRARIBEI  Praia Grande  BRA', 'Compra à vista', 15.00, '2025-05-12', 2, 1018, '2025-06-09 16:37:31', '2025-06-09 17:14:10', 34, 1),
(619, 8, 'IOF INTERNACIONAL', 'Compra à vista', 0.02, '2025-05-12', 2, 1026, '2025-06-09 16:37:31', '2025-06-09 16:37:31', NULL, 0),
(620, 8, 'StuDocuCOM             Amsterdam     NLD', 'Compra à vista', 0.50, '2025-05-11', 2, 1018, '2025-06-09 16:37:31', '2025-06-09 16:37:31', NULL, 0),
(621, 8, 'BRUNA HELENA SILVA ALT ITAPIRA       BRA', 'Compra à vista', 10.00, '2025-05-10', 2, 1018, '2025-06-09 16:37:31', '2025-06-09 16:37:31', NULL, 0),
(622, 8, 'ANDREIA                Itapira       BRA', 'Compra à vista', 20.00, '2025-05-10', 2, 1018, '2025-06-09 16:37:31', '2025-06-09 16:37:31', NULL, 0),
(623, 8, 'ParatyFoodTruck        AMPARO        BRA', 'Compra à vista', 105.00, '2025-05-10', 2, 1026, '2025-06-09 16:37:31', '2025-06-09 17:14:16', 34, 1),
(624, 8, 'SosBeer                ITAPIRA       BRA', 'Compra à vista', 5.00, '2025-05-09', 2, 1018, '2025-06-09 16:37:31', '2025-06-09 16:37:31', NULL, 0),
(625, 8, 'JoseCarlosDestro       ITAPIRA       BRA', 'Compra à vista', 45.00, '2025-05-09', 2, 1018, '2025-06-09 16:37:31', '2025-06-09 17:14:19', 34, 1),
(626, 8, 'AutoPostoVoxLtda       NOVA ODESSA   BRA', 'Compra à vista', 54.02, '2025-05-08', 2, 1022, '2025-06-09 16:37:31', '2025-06-09 16:37:31', NULL, 0),
(627, 8, 'OSMAR DA SILVEIRA MALT RIO CLARO     BRA', 'Compra à vista', 20.00, '2025-05-08', 2, 1018, '2025-06-09 16:37:31', '2025-06-09 16:37:31', NULL, 0),
(628, 8, 'KIGOSTOSO              Itapira       BRA', 'Compra à vista', 10.00, '2025-05-07', 2, 1026, '2025-06-09 16:37:31', '2025-06-09 16:37:31', NULL, 0),
(629, 8, 'AUTO POSTO N  R        ITAPIRA       BRA', 'Compra à vista', 30.00, '2025-05-04', 2, 1022, '2025-06-09 16:37:31', '2025-06-09 16:37:31', NULL, 0),
(630, 8, '55027322Josiara        ITAPIRA       BRA', 'Compra à vista', 9.00, '2025-05-03', 2, 1026, '2025-06-09 16:37:31', '2025-06-09 16:37:31', NULL, 0),
(631, 8, '1A99                   ITAPIRA       BRA', 'Compra à vista', 32.43, '2025-05-03', 2, 1021, '2025-06-09 16:37:31', '2025-06-09 16:37:31', NULL, 0),
(632, 8, 'SUPERMERCADO           ITAPIRA       BRA', 'Compra à vista', 83.99, '2025-05-03', 2, 1021, '2025-06-09 16:37:31', '2025-06-09 17:14:17', 34, 1),
(633, 8, 'A POSTO PANORAMA LTDA  ITAPIRA       BRA', 'Compra à vista', 20.00, '2025-05-02', 2, 1022, '2025-06-09 16:37:31', '2025-06-09 16:37:31', NULL, 0),
(634, 8, 'AyltonCeragioli        ITAPIRA       BRA', 'Compra à vista', 10.00, '2025-05-02', 2, 1043, '2025-06-09 16:37:31', '2025-06-09 16:37:31', NULL, 0),
(635, 8, 'HUB NETSHOES           SAO PAULO     BRA', 'Parcela 2/4 da compra', 69.75, '2025-05-07', 2, 1024, '2025-06-09 16:37:31', '2025-06-09 16:37:31', NULL, 0),
(636, 8, 'JSRosaPneusLtda        MOGI MIRIM    BRA', 'Parcela 3/4 da compra', 93.75, '2025-05-14', 2, 1030, '2025-06-09 16:37:31', '2025-06-09 16:37:31', 34, 0),
(637, 8, 'HOPI HARI              VINHEDO       BRA', 'Parcela 3/6 da compra', 76.63, '2025-05-12', 2, 1026, '2025-06-09 16:37:31', '2025-06-09 17:14:15', 34, 1);
INSERT INTO `invoice` (`id_invoice`, `id_bank`, `description`, `installments`, `value`, `invoice_date`, `user_id`, `category_id`, `created_at`, `updated_at`, `client_id`, `dividida`) VALUES
(638, 8, 'AIRBNB   HM49QQ5NED    SAO PAULO     BRA', 'Parcela 3/4 da compra', 278.68, '2025-05-03', 2, 1027, '2025-06-09 16:37:31', '2025-06-09 16:37:31', NULL, 0),
(639, 8, 'CP PARC SHOPPING INTER', 'Parcela 7/10 da compra', 470.79, '2025-05-19', 2, 1026, '2025-06-09 16:37:31', '2025-06-09 16:37:31', NULL, 0),
(640, 3, 'Skyfit Itapira', '7 de 12', 99.90, '2025-04-06', 2, 1028, '2025-06-09 17:09:28', '2025-06-09 17:09:28', NULL, 0),
(641, 3, 'Supermercado Popular D', '-', 47.67, '2025-04-06', 2, 1021, '2025-06-09 17:09:29', '2025-06-09 17:14:29', 34, 1),
(642, 3, '1a99', '-', 31.94, '2025-04-06', 2, 1021, '2025-06-09 17:09:29', '2025-06-09 17:20:48', 29, 1),
(643, 3, 'Smash Burger', '-', 82.50, '2025-04-06', 2, 1018, '2025-06-09 17:09:29', '2025-06-09 17:14:33', 34, 1),
(644, 3, 'Tuttibom Acaiteria', '-', 24.08, '2025-04-07', 2, 1041, '2025-06-09 17:09:29', '2025-06-09 17:14:34', 34, 1),
(645, 3, 'Auto Posto N. R.', '-', 30.00, '2025-04-07', 2, 1022, '2025-06-09 17:09:29', '2025-06-09 17:09:29', NULL, 0),
(646, 3, 'Claro *19984122111', '-', 49.90, '2025-04-09', 2, 1029, '2025-06-09 17:09:29', '2025-06-09 17:09:29', NULL, 0),
(647, 3, 'Mapfre*Pcl', '5 de 10', 121.95, '2025-04-13', 2, 1039, '2025-06-09 17:09:29', '2025-06-09 17:09:29', 34, 0),
(648, 3, 'Dm *Spotify', '-', 11.90, '2025-04-21', 2, 1029, '2025-06-09 17:09:29', '2025-06-09 17:09:29', NULL, 0),
(649, 3, 'Apple.Com/Bill', '-', 21.90, '2025-04-24', 2, 1029, '2025-06-09 17:09:29', '2025-06-09 17:09:29', NULL, 0),
(650, 3, 'Mp *Melimais', '-', 24.90, '2025-05-05', 2, 1025, '2025-06-09 17:09:29', '2025-06-09 17:09:29', NULL, 0),
(651, 3, 'Skyfit Itapira', '8 de 12', 99.90, '2025-05-06', 2, 1028, '2025-06-09 17:11:55', '2025-06-09 17:11:55', NULL, 0),
(652, 3, 'Claro *19984122111', '-', 49.90, '2025-05-09', 2, 1029, '2025-06-09 17:11:55', '2025-06-09 17:11:55', NULL, 0),
(653, 3, 'Mapfre*Pcl', '6 de 10', 121.95, '2025-05-13', 2, 1039, '2025-06-09 17:11:55', '2025-06-09 17:11:55', 34, 0),
(654, 3, 'Dm *Spotify', '-', 21.90, '2025-05-21', 2, 1029, '2025-06-09 17:11:55', '2025-06-09 17:11:55', NULL, 0),
(655, 3, 'Apple.Com/Bill', '-', 21.90, '2025-05-24', 2, 1029, '2025-06-09 17:11:55', '2025-06-09 17:11:55', NULL, 0),
(656, 3, 'Mp *Melimais', '-', 24.90, '2025-06-04', 2, 1025, '2025-06-09 17:11:55', '2025-06-09 17:11:55', NULL, 0);

-- --------------------------------------------------------

--
-- Estrutura para tabela `lancamentos_recorrentes`
--

CREATE TABLE `lancamentos_recorrentes` (
  `id` bigint UNSIGNED NOT NULL,
  `user_id` bigint UNSIGNED NOT NULL,
  `descricao` varchar(255) COLLATE utf8mb4_unicode_ci NOT NULL,
  `valor` decimal(10,2) NOT NULL,
  `type_id` int NOT NULL COMMENT 'FK para a tabela type (receita/despesa)',
  `category_id` int NOT NULL,
  `frequencia` enum('diaria','semanal','mensal','anual') COLLATE utf8mb4_unicode_ci NOT NULL,
  `data_inicio` date NOT NULL,
  `proximo_vencimento` date NOT NULL COMMENT 'Controla a proxima vez que deve ser lancado',
  `data_fim` date DEFAULT NULL COMMENT 'Opcional: data para parar a recorrencia',
  `ativo` tinyint(1) NOT NULL DEFAULT '1',
  `created_at` timestamp NULL DEFAULT CURRENT_TIMESTAMP,
  `updated_at` timestamp NULL DEFAULT CURRENT_TIMESTAMP ON UPDATE CURRENT_TIMESTAMP
) ENGINE=InnoDB DEFAULT CHARSET=utf8mb4 COLLATE=utf8mb4_unicode_ci;

-- --------------------------------------------------------

--
-- Estrutura para tabela `migrations`
--

CREATE TABLE `migrations` (
  `id` int UNSIGNED NOT NULL,
  `migration` varchar(255) CHARACTER SET utf8mb4 COLLATE utf8mb4_unicode_ci NOT NULL,
  `batch` int NOT NULL
) ENGINE=InnoDB DEFAULT CHARSET=utf8mb4 COLLATE=utf8mb4_unicode_ci;

--
-- Despejando dados para a tabela `migrations`
--

INSERT INTO `migrations` (`id`, `migration`, `batch`) VALUES
(1, '2014_10_12_000000_create_users_table', 1),
(2, '2014_10_12_100000_create_password_resets_table', 1),
(3, '2019_08_19_000000_create_failed_jobs_table', 1),
(4, '2019_12_14_000001_create_personal_access_tokens_table', 1);

-- --------------------------------------------------------

--
-- Estrutura para tabela `orcamentos`
--

CREATE TABLE `orcamentos` (
  `id` bigint UNSIGNED NOT NULL,
  `user_id` bigint UNSIGNED NOT NULL,
  `category_id` int NOT NULL,
  `valor` decimal(10,2) NOT NULL COMMENT 'Valor maximo orcado para o periodo',
  `mes` int NOT NULL COMMENT 'Mes (1-12)',
  `ano` int NOT NULL COMMENT 'Ano (ex: 2025)',
  `created_at` timestamp NULL DEFAULT CURRENT_TIMESTAMP,
  `updated_at` timestamp NULL DEFAULT CURRENT_TIMESTAMP ON UPDATE CURRENT_TIMESTAMP
) ENGINE=InnoDB DEFAULT CHARSET=utf8mb4 COLLATE=utf8mb4_unicode_ci;

-- --------------------------------------------------------

--
-- Estrutura para tabela `password_resets`
--

CREATE TABLE `password_resets` (
  `email` varchar(255) CHARACTER SET utf8mb4 COLLATE utf8mb4_unicode_ci NOT NULL,
  `token` varchar(255) CHARACTER SET utf8mb4 COLLATE utf8mb4_unicode_ci NOT NULL,
  `created_at` timestamp NULL DEFAULT NULL
) ENGINE=InnoDB DEFAULT CHARSET=utf8mb4 COLLATE=utf8mb4_unicode_ci;

--
-- Despejando dados para a tabela `password_resets`
--

INSERT INTO `password_resets` (`email`, `token`, `created_at`) VALUES
('marcobubola@hotmail.com', '$2y$10$zQMqdrEmn2HOGZ0uDJeMAuwuRW5BMhepYPisej.8P/ZQ/gDWzZaNa', '2025-04-30 03:32:39');

-- --------------------------------------------------------

--
-- Estrutura para tabela `personal_access_tokens`
--

CREATE TABLE `personal_access_tokens` (
  `id` bigint UNSIGNED NOT NULL,
  `tokenable_type` varchar(255) CHARACTER SET utf8mb4 COLLATE utf8mb4_unicode_ci NOT NULL,
  `tokenable_id` bigint UNSIGNED NOT NULL,
  `name` varchar(255) CHARACTER SET utf8mb4 COLLATE utf8mb4_unicode_ci NOT NULL,
  `token` varchar(64) CHARACTER SET utf8mb4 COLLATE utf8mb4_unicode_ci NOT NULL,
  `abilities` text CHARACTER SET utf8mb4 COLLATE utf8mb4_unicode_ci,
  `last_used_at` timestamp NULL DEFAULT NULL,
  `created_at` timestamp NULL DEFAULT NULL,
  `updated_at` timestamp NULL DEFAULT NULL
) ENGINE=InnoDB DEFAULT CHARSET=utf8mb4 COLLATE=utf8mb4_unicode_ci;

-- --------------------------------------------------------

--
-- Estrutura para tabela `products`
--

CREATE TABLE `products` (
  `id` int NOT NULL,
  `name` varchar(255) NOT NULL,
  `description` text,
  `price` decimal(10,2) NOT NULL,
  `price_sale` decimal(10,2) NOT NULL,
  `custos_adicionais` decimal(10,2) NOT NULL DEFAULT '0.00' COMMENT 'Custos fixos extras para kits (mao de obra, etc)',
  `stock_quantity` int DEFAULT '0',
  `category_id` int NOT NULL,
  `user_id` bigint UNSIGNED NOT NULL,
  `product_code` varchar(100) NOT NULL,
  `image` varchar(255) DEFAULT NULL,
  `status` enum('ativo','inativo','descontinuado') DEFAULT 'ativo',
  `tipo` enum('simples','kit') NOT NULL DEFAULT 'simples',
  `created_at` timestamp NULL DEFAULT CURRENT_TIMESTAMP,
  `updated_at` timestamp NULL DEFAULT CURRENT_TIMESTAMP ON UPDATE CURRENT_TIMESTAMP
) ENGINE=InnoDB DEFAULT CHARSET=utf8mb4 COLLATE=utf8mb4_0900_ai_ci;

--
-- Despejando dados para a tabela `products`
--

INSERT INTO `products` (`id`, `name`, `description`, `price`, `price_sale`, `custos_adicionais`, `stock_quantity`, `category_id`, `user_id`, `product_code`, `image`, `status`, `tipo`, `created_at`, `updated_at`) VALUES
(28, 'INSTANCE KARITÉ CREME HIDRATANTE DESODORANTE CORPORAL 400ML', 'teste', 37.09, 52.99, 0.00, 3, 1, 2, '51.074', 'GahcGCebYMWDTah2tJB4kAHcOzzbMz5vfm0ozpSk.webp', '', 'simples', '2025-03-11 02:54:10', '2025-04-21 22:53:02'),
(29, 'SIÀGE SHAMPOO PRO CRONOLOGY 250ML', 'teste', 33.59, 47.99, 0.00, 0, 1, 2, '53.094', 'GmoJNipa7Kfhg7MVoKQSdQ2a7QCa7Lj9Tdk28cYg.webp', '', 'simples', '2025-03-11 02:54:11', '2025-03-26 04:39:18'),
(30, 'SIÀGE CONDICIONADOR PRO CRONOLOGY 200ML', 'teste', 34.99, 49.99, 0.00, 0, 1, 2, '53.095', 'IhADsWk4lQer9YnAKz221ZNl8U7gGRPmO1IEBvP6.webp', '', 'simples', '2025-03-11 02:54:11', '2025-03-26 04:39:18'),
(31, 'SIÀGE PRO CRONOLOGY LEAVE IN 100ml', 'teste', 45.49, 64.99, 0.00, 0, 1, 2, '53.096', 'C578aVLJGLhLgCn5GAQDfhrLbpbVtymrEwNMmy0m.webp', '', 'simples', '2025-03-11 02:54:11', '2025-03-26 04:39:18'),
(32, 'SIAGE SHAMPOO NUTRI ROSE 250ml RPCK 2', 'teste', 33.59, 47.99, 0.00, 0, 1, 2, '53.435', 'PnX8PkOoLwj4FCTjqFbJ6MP1QR4IEJuvVqHEC1ok.webp', '', 'simples', '2025-03-11 02:54:11', '2025-03-26 05:09:03'),
(33, 'SIAGE CONDICIONADOR NUTRI ROSE 200ml RPCK 2', 'teste', 34.99, 49.99, 0.00, 0, 1, 2, '53.436', 'uJ4iRriTtrjtNtSaBY6bpTRBzf1lH5iUEccLhRZv.webp', '', 'simples', '2025-03-11 02:54:11', '2025-03-26 05:09:03'),
(34, 'SIAGE MASCARA CAPILAR NUTRI ROSE 250g RPCK 2', 'teste', 48.99, 69.99, 0.00, 0, 1, 2, '53.437', 'doDiulVwSJb7KFJlw4Pf8d14Ic4FEvVUh2Xq8vdl.webp', '', 'simples', '2025-03-11 02:54:11', '2025-03-26 05:09:03'),
(35, 'SIAGE CONDICIONADOR ACELERA O CRESCIMENTO 200ml RPCK 2', 'teste', 27.99, 49.99, 0.00, 1, 1, 2, '53.501', 'ODTdERSuWayANtOKW4DfjTZTGYm3E022TMeuK6j6.webp', '', 'simples', '2025-03-11 02:54:11', '2025-04-20 03:53:02'),
(36, 'FLORATTA FLEUR SUPRÊME EAU DE PARFUM, 75 ml', 'teste', 169.92, 199.90, 0.00, 0, 1, 2, '75.877', 'QgCih0CsnmUDMwWj20dcCzXIBGshTsLiZsSuA7bn.webp', '', 'simples', '2025-03-11 02:54:11', '2025-03-19 03:35:13'),
(37, 'SIAGE SHAMP ACEL/CRESC 250ml RPCK', 'teste', 26.87, 47.99, 0.00, 0, 1, 2, '92.630', 'aKGbVqtKksCoPZ03ZToifwXjO7fNeY4by3kvV5kq.webp', '', 'simples', '2025-03-11 02:54:11', '2025-04-20 03:53:02'),
(38, 'SIAGE LEAV CAP NUTRI ROSE 100ml', 'teste', 37.09, 52.99, 0.00, 0, 1, 2, '93.192', '3e0M3P38au3CHsP14H4QZHp2iXvkOY9K79OtzYvU.webp', '', 'simples', '2025-03-11 02:54:11', '2025-03-26 05:09:03'),
(39, 'FLORATTA MY BLUE BODY SPRAY, 100 ML', NULL, 38.16, 44.90, 0.00, 0, 1, 2, '48.560', 'Z1VdxdC8SVIl9Om0Q0GZz6UKHyKWeqLhtz6YVMyp.webp', '', 'simples', '2025-03-11 03:18:18', '2025-04-20 03:53:02'),
(40, 'FLORATTA DES BDY SPR ROSE 100ml V8', NULL, 38.16, 44.90, 0.00, 2, 1, 2, '49.025', 'VNYCFoHZ9OaFuNugtMOiYKlcFuJG77QjW4PySfJQ.webp', '', 'simples', '2025-03-11 03:18:18', '2025-04-03 05:43:03'),
(41, 'CLUB 6 DES COL CASSINO 95ml V2', NULL, 94.43, 134.90, 0.00, 0, 1, 2, '49.563', 'O34bzqt0lJdYTXzEgBHuTbJ0LrKvok1Mk9LPIcT6.webp', '', 'simples', '2025-03-11 03:18:18', '2025-04-20 03:26:17'),
(42, 'EUDORA PULSE BOOST DESODORANTE COLONIA 100ml', NULL, 46.83, 66.90, 0.00, 0, 1, 2, '54.191', 'iA7XRvWPU9KY1z2IjZYRlgtpJAnZOIXhwiMZ8BRb.webp', '', 'simples', '2025-03-11 03:18:18', '2025-04-20 03:53:02'),
(43, 'DEMONSTRADOR VOLPE TRIUMPH DESODORANTE COLÔNIA 4ml', NULL, 1.99, 0.00, 0.00, 1, 1, 2, '56.232', 'AgaTxPFtHgJkXj3sjdRQAVtAiz4Ta8IkxZqivIPU.jpg', '', 'simples', '2025-03-11 03:18:18', '2025-05-18 21:44:51'),
(44, 'FLORATTA BLUE CREME HIDRATANTE DESODORANTE CORPORAL, 200 ml', NULL, 50.92, 59.90, 0.00, 0, 1, 2, '72.017', '3PsRlhXDysn9AeDGylNp9TsBLftBjvf2wHPWhGG0.webp', '', 'simples', '2025-03-11 03:18:18', '2025-03-19 03:40:25'),
(45, 'FLORATTA BLUE BODY SPRAY DESODORANTE, 100 ml', NULL, 38.16, 44.90, 0.00, 0, 1, 2, '74.890', 'hjcpHRflr3zNqDPV4lBuQqgj1KS5CxotpP4Y4ZIL.webp', '', 'simples', '2025-03-11 03:18:18', '2025-04-20 03:53:02'),
(46, 'PRESENTE FLORATTA BLUE', NULL, 131.66, 154.90, 0.00, 0, 1, 2, '85.526', 'ZPbTFAuDY6jjpgFT6Gnr4Yz8rFeQ31y5Ui1wL0kZ.webp', '', 'simples', '2025-03-11 03:18:18', '2025-03-19 03:40:25'),
(47, 'EGEO DOLCE BODY SPRAY DESODORANTE, 100 ml', NULL, 0.00, 44.90, 0.00, 0, 1, 2, '74.893', 'FZQhnoxmGyPHvkDeU4A4PtKIQJfc8Em87Z6Tb3m7.webp', '', 'simples', '2025-03-11 03:18:18', '2025-04-20 03:53:02'),
(48, 'SIAGE SHAMP HID MICLR 250ml', 'teste', 23.03, 32.90, 0.00, 0, 1, 2, '30.199', 'ah5DpIGfHtQLiEBmFA9ken3WbjEdL6y8kNAni1QP.webp', '', 'simples', '2025-03-11 03:47:18', '2025-04-03 04:27:23'),
(49, 'SIAGE LEAV CAP HIDRATACAO MICELAR 100ml', 'teste', 27.99, 39.99, 0.00, 1, 1, 2, '30.207', '98lLv5VoAH7IQQW4mMX58zO4n1ZuUCeGg42c31mw.webp', '', 'simples', '2025-03-11 03:47:18', '2025-03-11 03:47:18'),
(50, 'SIAGE COND HIDRATACAO MICELAR 200ml', 'teste', 24.56, 35.09, 0.00, 0, 1, 2, '30.302', 'o0a6F5n8JcCLT0PT5gDq3jeUnyW27G1DlcAGqXw3.webp', '', 'simples', '2025-03-11 03:47:18', '2025-04-03 04:27:23'),
(51, 'DEM VOLPE DES COL DNA 4ml', 'teste', 1.99, 0.00, 0.00, 1, 1, 2, '49.167', 'a8dsqPb5zoGsHoqZjI027LhWUJTzsmayserjJa1p.webp', '', 'simples', '2025-03-11 03:47:18', '2025-03-11 03:47:18'),
(52, 'CLUB 6 SHW GEL 4/1 CASS 200ml V2', 'teste', 23.09, 32.99, 0.00, 0, 1, 2, '52.905', 'YYGjneWPiSFhZRqt2WLAX4CZVgIUXmEB1LV5X1gX.webp', '', 'simples', '2025-03-11 03:47:18', '2025-04-25 03:14:47'),
(53, 'EGEO DES COL CHOC C/CAR 90ml', 'teste', 88.16, 144.90, 0.00, 0, 1, 2, '82.689', 'eafKGKtcHuwJk3E46C3cELDp9emMekL7quo5bvak.webp', '', 'simples', '2025-03-11 03:47:18', '2025-03-19 03:26:45'),
(54, 'PRESENTE NATIVA SPA LILAC', 'teste', 76.42, 89.91, 0.00, 0, 1, 2, '85.525', 'hN4XlwhYmZOwJ9hKVb47fgxlikUwbKoIQMAsmFyq.png', '', 'simples', '2025-03-11 03:47:18', '2025-03-26 05:09:03'),
(55, 'VOLPE DES COL 100ml', 'teste', 104.93, 149.90, 0.00, 0, 1, 2, '92.219', 'il2odplLM7oUOn0fzu34A43tKTAHXXoqLJoBR3jX.webp', '', 'simples', '2025-03-11 03:47:18', '2025-04-20 03:53:02'),
(56, 'FLORATTA DES COL ROSE 75ml V2', NULL, 89.93, 119.91, 0.00, 0, 1, 2, '48.656', 'Y8SSvF8i5JL6cwFYaOTvU6IvtRaZ3YXqFb9wvlxc.webp', '', 'simples', '2025-03-11 03:51:23', '2025-05-13 20:40:14'),
(57, 'INSTANCE FRUTAS VERMELHAS CREME HIDRATANTE DESODORANTE CORPORAL 180ML', NULL, 17.43, 24.90, 0.00, 1, 1, 2, '51.094', 'SfFODB41pp2ToWO2nUzBEzbcDsuYn3E3als6Tg5w.webp', '', 'simples', '2025-03-11 03:51:23', '2025-03-11 03:51:23'),
(58, 'FLORATTA DES COL BDY SPR S/LOVE 100ml V2', NULL, 38.16, 44.90, 0.00, 0, 1, 2, '51.581', 'itbirOs8V8gn8p4oVI9tRgx2ujUW3h0UvBWzOY6h.webp', '', 'simples', '2025-03-11 03:51:23', '2025-03-19 03:43:08'),
(59, 'FLORATTA RED DESODORANTE COLÔNIA, 75 ml', NULL, 87.42, 149.90, 0.00, 0, 1, 2, '75.792', 'WsasVtVa4QkZeev0rHD7VOE2HUxZ2Ov70FzImcB3.jpg', '', 'simples', '2025-03-11 03:51:23', '2025-03-26 05:09:03'),
(60, 'Floratta Desodorante Body Spray Flores Secretas 100Ml', NULL, 38.16, 44.90, 0.00, 0, 1, 2, '84.057', 'wwGghJVOEtRi8pKEfE9Rmz4uopJobbNWyNPKGVqN.webp', '', 'simples', '2025-03-11 03:51:23', '2025-03-19 03:43:08'),
(61, 'REF CBEM LOC DES H CPO BOA NOIT V2 350ml', NULL, 0.00, 54.90, 0.00, 1, 1, 2, '49.879', 'MX3urSwk72dgyZYXk9WbbLxg12GiIPeC0LETIR5e.jpg', '', 'simples', '2025-03-11 03:51:23', '2025-03-11 03:51:23'),
(62, 'SOUL KISS ME GLOSS DOCES FINOS MACARON DE FRAMBOESA 5,2ml', 'teste', 20.99, 29.99, 0.00, 0, 1, 2, '58.256', '5L0effF1JMSeA1oJ2TdOoor27CmbBRQAKTUXuWvT.webp', '', 'simples', '2025-03-11 03:55:48', '2025-03-19 03:26:45'),
(63, 'INSTANCE AMEIXA E PRALINÉ CREME HIDRATANTE DESODORANTE CORPORAL 400 ML', 'teste', 33.38, 47.69, 0.00, 0, 1, 2, '58.839', 'Qr0ICZ2xuGgH5dMX2REfNDmciJ3WZiaQ6BfkV5F2.webp', '', 'simples', '2025-03-11 03:55:48', '2025-03-26 05:09:03'),
(64, 'SIAGE MASC CAP ACEL/CRESC 250g RPCK', 'teste', 48.99, 69.99, 0.00, 1, 1, 2, '92.632', 'CRrKHPS22kx6uSYLj2S49z18lydGfkphbKmzCE8P.webp', '', 'simples', '2025-03-11 03:55:48', '2025-03-11 03:55:48'),
(65, 'EUDORA H DESODORANTE COLONIA READY 100ml VERSÃO 2', 'teste', 62.93, 89.90, 0.00, 1, 1, 2, '94.053', 'cOUFqF0yZP8gBbJ4Ln5FlA9T7ObISwMe7AnVtndy.webp', '', 'simples', '2025-03-11 03:55:48', '2025-03-11 03:55:48'),
(66, 'EUDORA NEO DERMO HIDRA MINERAL HIDRATANTE FACIAL 30G', NULL, 37.73, 53.90, 0.00, 0, 1, 2, '52.243', '1UFeCxOOfJOGOUW3veGbj66xrVjm04i6Sh1Va2yf.webp', '', 'simples', '2025-03-11 04:08:15', '2025-05-18 22:42:36'),
(67, 'CLUB 6 SHW GEL 4/1 CASS 200ml V2', NULL, 31.49, 44.99, 0.00, 0, 1, 2, '52.905', 'raCTu4N6eOTiX4Xng43GUd97XibrtTkST8To5z8b.webp', '', 'simples', '2025-03-11 04:08:15', '2025-05-13 21:13:15'),
(70, 'SIÀGE MÁSCARA CAPILAR RESGATE IMEDIATO 250G', NULL, 38.43, 54.90, 0.00, 0, 1, 2, '55.804', 'q01eSqR2TDWIV9qZYKP4zxUEdeNO49Xh4ZKnA7l8.webp', '', 'simples', '2025-03-11 04:08:15', '2025-05-18 22:36:03'),
(71, 'SIÁGE LEAVE IN SPRAY RESGATE IMEDIATO 100ML', NULL, 31.43, 44.90, 0.00, 0, 1, 2, '57.076', 'GHaihJDxFGKdaQ1rTj9p4Nt8Cy2IRFklzzkgEgLg.webp', '', 'simples', '2025-03-11 04:08:15', '2025-03-19 03:39:26'),
(72, 'MAGNIFIC DESODORANTE SPRAY V2 100ml', NULL, 20.99, 29.98, 0.00, 0, 1, 2, '57.476', 'j01pIX3NuY0fCfrCwPLKV8ofR9HOPMZrzyCMlQu0.webp', '', 'simples', '2025-03-11 04:08:15', '2025-05-18 22:11:00'),
(73, 'LYRA DESODORANTE BODY SPRAY V2 100ml', NULL, 27.99, 39.99, 0.00, 1, 1, 2, '58.639', 'ynlnV9tAgHOA10DgvxpZdS5DQSeyL7acNxXVyBrc.webp', '', 'simples', '2025-03-11 04:08:15', '2025-04-20 03:53:02'),
(74, 'MALBEC BLACK BODY SPRAY DESODORANTE, 100 ml', NULL, 31.43, 44.90, 0.00, 0, 1, 2, '78.000', 'tXlpf4M1qoUhkfJNunz21nhnXRpKlVFeeVkLOXD3.webp', '', 'simples', '2025-03-11 04:08:15', '2025-03-26 05:09:03'),
(75, 'GLAMOUR DES BDY SPR SEC BL 100ml V3 PCK', NULL, 38.16, 44.90, 0.00, 1, 1, 2, '79.998', 'ZPLWgS7ygbXAud5ZitgHwnxcdedMaB6qv6vljLqQ.webp', '', 'simples', '2025-03-11 04:08:15', '2025-03-11 04:08:15'),
(76, 'GLAMOUR DES BDY SPR 100ml V6 PCK', NULL, 38.16, 44.90, 0.00, 0, 1, 2, '84.228', 'EUGQxmQN067Bh76nmETaSNXjYR6tgmvMlOkpyMuL.webp', '', 'simples', '2025-03-11 04:08:15', '2025-04-19 20:57:44'),
(77, 'SIAGE OL CAP BIF NUTRI OL/POD 90ml', NULL, 34.93, 49.90, 0.00, 0, 1, 2, '93.131', 'xPkKtJuva4S4hUtOMcm3NSmFXvPXLoxvcIgxqzAg.webp', '', 'simples', '2025-03-11 04:08:15', '2025-03-26 05:09:03'),
(78, 'CLUB 6 DESODORANTE ANTITRANSPIRANTE AEROSSOL 125 ml (75 g) V2', 'teste', 25.19, 35.99, 0.00, 0, 1, 2, '53.431', 'k9lbjjbH8eVOO0u1P8Qa5govRiEMhQbIDMjZXW3v.webp', '', 'simples', '2025-03-11 04:20:29', '2025-04-25 03:14:47'),
(79, 'REF ELYSEE CR DES HID ACET CP BLANC 200g', 'teste', 0.00, 94.90, 0.00, 1, 1, 2, '52.589', 'ZNLV5zlW86nLfWAyTlmJ2hvw1m0o5zdicrXr2tBN.webp', '', 'simples', '2025-03-11 04:22:32', '2025-03-11 04:22:32'),
(80, 'LIZ SUBLIME DESODORANTE COLÔNIA, 100ml', NULL, 69.62, 81.91, 0.00, 1, 1, 2, '47.339', 'U79IgKd5AurrVkOeWJIX535PHsaqQdO2LtuZBgB9.webp', '', 'simples', '2025-03-11 04:47:15', '2025-05-18 22:42:36'),
(81, 'QUASAR DES COL VISION 100ml', NULL, 97.66, 114.90, 0.00, 1, 1, 2, '50.662', 'IpHUwZpbEJJUh6lHiHCGjCO8g0mPmgdt8OxrlY0J.webp', '', 'simples', '2025-03-11 04:47:15', '2025-03-11 04:47:15'),
(82, 'VOLPE TRIUMPH DESODORANTE COLÔNIA 100ml', NULL, 123.92, 154.90, 0.00, 0, 1, 2, '56.231', 'xtEL4fALtyEzYWtfRzc5YAdrjertA0WIoUGWNf8s.webp', '', 'simples', '2025-03-11 04:47:15', '2025-03-19 03:43:50'),
(83, 'CLUB 6 DESODORANTE COLONIA 95ml V4', NULL, 87.92, 109.90, 0.00, 1, 1, 2, '94.091', '0uJbfet4H3YNHj3bFtTjqjb7nZCtcIrZOum3rb4c.webp', '', 'simples', '2025-03-11 04:47:15', '2025-03-11 04:47:15'),
(84, 'MATCH CONDICIONADOR PÓS QUÍMICA, 250ml', NULL, 0.00, 49.90, 0.00, 1, 1, 2, '82.586', 'ctEqzHdgu9WFyPfpFCZEckYwehktQuTldYKATDmc.webp', '', 'simples', '2025-03-11 04:47:15', '2025-03-11 04:47:15'),
(85, 'EUDORA NEO DERMO HIDRA MINERAL MOUSSE MICELAR 150ML', NULL, 37.43, 49.91, 0.00, 0, 1, 2, '52.247', '6ieMN3co95hFli8lj6M11ZHnKm9eG6Lg9xDYRDL0.webp', '', 'simples', '2025-03-11 05:06:41', '2025-03-26 05:09:03'),
(86, 'INSTANCE ALGODÃO E JASMIM CREME HIDRATANTE DESODORANTE CORPORAL 400ML', NULL, 41.24, 54.99, 0.00, 0, 1, 2, '52.390', 'YrlTFkpg86lgLSm3B785s5Ldf0T23CTcYpyrnrhx.webp', '', 'simples', '2025-03-11 05:06:41', '2025-03-19 03:39:26'),
(87, 'INSTANCE FRUTAS VERMELHAS GELEIA ESFOLIANTE 180G', NULL, 29.99, 39.99, 0.00, 0, 1, 2, '52.995', '0apeZDqW2xfRCABa9fNuKyL6xlEDCh2QrUHUPaVX.webp', '', 'simples', '2025-03-11 05:06:41', '2025-03-19 03:39:26'),
(88, 'INTENSE BAT CREM VERM 310 V2 3,8g', NULL, 20.32, 23.90, 0.00, 0, 1, 2, '53.341', '4cQMShwBIiSbSidQNRmleRRLyz2bMN2pkfr33Mh5.webp', '', 'simples', '2025-03-11 05:06:41', '2025-03-19 03:39:26'),
(89, 'SIÀGE CONDICIONADOR DERMO ANTIQUEDA 280ML', NULL, 48.74, 64.99, 0.00, 1, 1, 2, '55.474', '1wSvMmocIy5ngZ8AKlDLxYaQkNZcIrkyywUxEKwp.webp', '', 'simples', '2025-03-11 05:06:41', '2025-03-11 05:06:41'),
(90, 'SIÀGE SHAMPOO DERMO ANTIQUEDA 300ML', NULL, 48.74, 64.99, 0.00, 1, 1, 2, '55.476', 'dFvmdHDbTKAmpoQgHWxoBdwnECIb2FLRa9Wcxg57.webp', '', 'simples', '2025-03-11 05:06:41', '2025-03-11 05:06:41'),
(91, 'SIÀGE SHAMPOO RESGATE IMEDIATO 250ML', NULL, 35.99, 47.99, 0.00, 0, 1, 2, '55.802', 'UugXY2A1MsnF0KkdDgTfI32icLMSNKhOCd8qnqhP.webp', '', 'simples', '2025-03-11 05:06:41', '2025-03-19 03:39:26'),
(92, 'SIÀGE CONDICIONADOR RESGATE IMEDIATO 200ML', NULL, 37.49, 49.99, 0.00, 0, 1, 2, '55.803', 'QczP6ylSu1MjNgMEFoErkQO3PFoqsOq6aw63J6MW.webp', '', 'simples', '2025-03-11 05:06:41', '2025-03-19 03:39:26'),
(93, 'SIÀGE ÁGUA LAMELAR RESGATE IMEDIATO 150ML', NULL, 37.42, 49.90, 0.00, 0, 1, 2, '55.805', 'wyiEMdCz2NeOnBFPoz9gxymgnJQsMBOC1B0RLy5S.webp', '', 'simples', '2025-03-11 05:06:41', '2025-03-19 03:39:26'),
(94, 'SIAGE MASC CAP NUTRI OL/POD 250g', NULL, 37.42, 49.90, 0.00, 1, 1, 2, '93.105', '64iWDCCXr0UuwRodz9xZ1JQUeMdU1LEKtbXIZuE7.webp', '', 'simples', '2025-03-11 05:06:41', '2025-03-26 04:34:31'),
(95, 'SIAGE ELIX OVER NUTRI OL/POD 150ml', NULL, 25.49, 33.99, 0.00, 1, 1, 2, '93.106', 'fQi6zcIW9Z2j5Kd7yBURflVXPGzRmtjsovSaj9Mx.webp', '', 'simples', '2025-03-11 05:06:41', '2025-03-26 04:34:31'),
(96, 'COMBO SIAGE NUTRI OLEOS SHP+CND', 'teste', 59.94, 79.91, 0.00, 1, 1, 2, '86.638', 'ZGS4jGwWqkmOeP4jBQWPrRWdgZ3MHNP1mwxjBjbW.png', '', 'simples', '2025-03-11 05:10:43', '2025-03-26 04:34:31'),
(98, 'FLORATTA MY BLUE DESODORANTE COLÔNIA, 75 ML', NULL, 95.12, 111.90, 0.00, 1, 1, 2, '1.004', 'c53OAH34MChhdnwEnhoRGm28yK37iW14mHBLQMRM.webp', '', 'simples', '2025-03-12 03:14:39', '2025-03-12 03:14:39'),
(99, 'COFFEE DES COL WOMAN ADDICTIVE 100ml', NULL, 101.92, 119.90, 0.00, 0, 1, 2, '56.385', 'HbqPLYASuzZo8LxE6F8cLMxiGVgtBnf9zDPDahuy.webp', '', 'simples', '2025-03-12 03:14:39', '2025-06-19 02:34:56'),
(100, 'EUDORA GLAM PAETÊ SOMBRA & PRIMER MULTIFUNCIONAL HOLOGRÁFICO 7ML', NULL, 19.92, 24.90, 0.00, 1, 1, 2, '85.696', 'xsbMYNE9rMdanskw8RIlzfVQvFdedMzIM8JMzs0T.webp', '', 'simples', '2025-03-12 03:14:39', '2025-05-13 22:10:02'),
(101, 'INSTANCE CEREJA E AMÊNDOAS SABONETE BARRA 4x80g', NULL, 18.83, 26.90, 0.00, 2, 1, 2, '52.381', '0YBi6kGDTek20mOxSamjpCP59LffQUKaZ8Pi74qw.webp', '', 'simples', '2025-03-12 03:23:26', '2025-03-12 03:23:26'),
(102, 'INSTANCE CEREJA E AMÊNDOAS CREME HIDRATANTE DESODORANTE CORPORAL 400ML', NULL, 25.83, 36.90, 0.00, 2, 1, 2, '52.384', 'wTqIyBKB7qUZoCG1VqaGKcFmhevfeBfmuIAm4s8T.webp', '', 'simples', '2025-03-12 03:23:26', '2025-03-12 03:23:26'),
(103, 'DIVA ESPLÊNDIDA LOCAO DESODORANTE HIDRATANTE CORPORAL 200ml', NULL, 20.93, 29.90, 0.00, 1, 1, 2, '93.542', 'pgdWhzYGl8MLH51wQSEGMjmRULcDixm2LPTZV4WL.webp', '', 'simples', '2025-03-12 03:23:26', '2025-03-12 03:23:26'),
(104, 'LA PIEL DES COL SPR CPO PERF LT/OR 200ml', NULL, 41.93, 59.90, 0.00, 1, 1, 2, '93.741', 'aHV4hRyITK0dMpi2VNrtdLqtht4u2FsprFXxrx3z.webp', '', 'simples', '2025-03-12 03:23:26', '2025-03-26 04:34:31'),
(105, 'SOPHIE SAB LIQ CPO DISNEY100 200ml', NULL, 0.00, 46.90, 0.00, 1, 1, 2, '52.884', 'SD9B7Km61vPOcuAV6FhafUisTJgssRC0TrYSb8uD.webp', '', 'simples', '2025-03-12 03:23:26', '2025-03-12 03:23:26'),
(106, 'Kit Eudora Club 6 - Natal 2024 (2 itens)', NULL, 111.93, 159.90, 0.00, 1, 1, 2, '58.666', 'INewz13yucT4RSRgYXXQEoq23IDQgkPllcxWHu5K.webp', '', 'simples', '2025-03-13 03:03:41', '2025-04-19 20:58:57'),
(107, 'Kit Eudora Diva - Natal 2024 (2 itens)', NULL, 97.93, 139.90, 0.00, 0, 1, 2, '58.667', 'TigCjKMC6owYgdCOal0bWh7vCbgBpEx18d59vXea.webp', '', 'simples', '2025-03-13 03:03:41', '2025-05-18 22:11:00'),
(109, 'COMBO SH+COND ACELERA O CRESCIMENTO', NULL, 27.40, 39.14, 0.00, 1, 1, 2, '58.900', 'product-placeholder.png', '', 'simples', '2025-03-13 03:03:41', '2025-04-03 05:43:03'),
(110, 'SIÀGE KIT PRO CRONOLOGY MÁSCARA + 2 POTENCIALIZADORES', NULL, 90.93, 129.90, 0.00, 0, 1, 2, '55.764', 'ZOiDPvpEYJWDwu5hoCb8WwH0fTTMsjNYRd8gAnDf.webp', '', 'simples', '2025-03-13 03:03:41', '2025-04-19 20:59:59'),
(111, 'COMBO NUTRI OLEOS PODEROSOS SH+COND', NULL, 60.13, 85.90, 0.00, 1, 1, 2, '58.385', 'EQSHOO4q56ptPfIHyRFFx1mxUztZHMKm9akNOkee.png', '', 'simples', '2025-03-13 03:03:41', '2025-03-26 04:34:31'),
(113, 'Kit Uomini - Natal 2024 (2 itens)', NULL, 152.92, 179.90, 0.00, 0, 1, 2, '58.451', 'A5wqW2LQrr0TdHAXMOR5SO7VT8iHcnGrlFmDp7Jg.webp', '', 'simples', '2025-03-13 03:18:56', '2025-03-19 03:21:52'),
(114, 'Kit Cuide-se Bem Boa Noite - Natal 2024 (3 itens)', NULL, 112.96, 132.90, 0.00, 0, 1, 2, '58.462', 'IBaDe0lWF1T6AgFnXbaYZq0x1AUzGXcGokC9krPv.jpg', '', 'simples', '2025-03-13 03:19:45', '2025-03-26 05:09:03'),
(115, 'Kit Eudora Niina Secrets - Natal 2024 (2 itens)', NULL, 41.93, 59.90, 0.00, 0, 1, 2, '58.671', '1ti8rqd802ZLh8ZGiR5CKhKp49xf5YX711NG7QW2.webp', '', 'simples', '2025-03-13 03:23:21', '2025-04-20 03:53:02'),
(116, 'Kit Eudora Instance Karité - Natal 2024 (2 itens)', NULL, 34.93, 49.90, 0.00, 1, 1, 2, '58.676', 'N60N0NnZyHtwFSu6CYXJYfu9MftDusmIUs1ULe6T.webp', '', 'simples', '2025-03-13 03:24:34', '2025-03-13 03:24:34'),
(117, 'EGEO DES COL E.JOY 90ml', NULL, 144.90, 79.70, 0.00, 1, 1, 2, '54.278', 'WP6Z2cblMxo8Y6eBUSzlzIeOwNzyGj07hdHIzLiT.webp', '', 'simples', '2025-03-13 03:26:31', '2025-03-13 03:26:31'),
(118, 'Kit Coffee Man Duo - Natal 2024 (2 itens)', NULL, 149.93, 199.90, 0.00, 0, 1, 2, '58.482', 'OB0QJlUSDe6RtZClgBPdQujzXYeYHDlvveRDbYFm.webp', '', 'simples', '2025-03-13 03:27:39', '2025-03-19 03:35:49'),
(119, 'FLORATTA RED DESODORANTE COLÔNIA, 75 ml', NULL, 127.42, 149.90, 0.00, 0, 1, 2, '75.792', 'UQpS2LcLlXtHAscNMFCPJ1NCqsY1NCDlKa5cJjV3.jpg', '', 'simples', '2025-03-13 03:45:34', '2025-03-19 03:44:06'),
(120, 'Kit Floratta Rose - Natal 2024 (3 itens)', NULL, 89.93, 119.90, 0.00, 0, 1, 2, '58.464', 'kVcEvCj2xlqfCAKMV39MyDlwUQwDmckD1PTtDc6x.jpg', '', 'simples', '2025-03-13 03:54:54', '2025-03-19 01:50:39'),
(121, 'Kit Eudora Kiss Me Cabernet - Natal 2024 (2 itens)', NULL, 69.93, 119.98, 0.00, 0, 1, 2, '58.670', 'DqLmOuAKT2GOKadPmsOLB3GO8dQKb5l8lvMMYywL.webp', '', 'simples', '2025-03-13 03:56:17', '2025-03-26 05:09:03'),
(122, 'Kit Eudora Instance Karité - Natal 2024 (2 itens)', NULL, 34.93, 54.98, 0.00, 0, 1, 2, '58.676', 'hnAq6f1uMkpF5vez3YB6vl3KE8xOqr72eicncRVW.webp', '', 'simples', '2025-03-13 03:59:03', '2025-05-13 20:41:49'),
(123, 'Combo Eudora Chic - Natal 2024 (2 itens)', NULL, 87.49, 161.79, 0.00, 0, 1, 2, '85.969', 'HRfQFDH3FRwGLAWpCaDI7DmnKryPwFWBs9GW3WnL.png', '', 'simples', '2025-03-13 04:00:28', '2025-03-26 04:39:18'),
(124, 'Combo Eudora Baby - Natal 2024 (2 itens)', NULL, 48.93, 89.90, 0.00, 1, 1, 2, '85.984', '3h3lz0OvY3R6cMSKoFAqEjmc0hOiykN0ZnIADknC.png', '', 'simples', '2025-03-13 04:02:04', '2025-03-13 04:02:04'),
(125, 'Kit Quasar Vision - Natal 2024 (2 itens)', NULL, 135.92, 159.90, 0.00, 0, 1, 2, '58.453', 'YGgHeZsB74CzMBUCzCvEnV3Np0mwxtyqWusaDTRM.webp', '', 'simples', '2025-03-13 04:25:48', '2025-04-19 21:01:34'),
(126, 'REF NSPA LOC DES HID CPO ORQ NOIRE 350ml', NULL, 45.82, 53.90, 0.00, 1, 1, 2, '49.957', 'FMEvkPwTwvQ9hSi0qEUseRQD0F1uNpXJbUGlroOC.webp', '', 'simples', '2025-03-13 04:44:37', '2025-05-18 19:50:07'),
(127, 'NSPA LOC DES HID CPO ORQ NOIRE 400ml', NULL, 58.56, 68.90, 0.00, 0, 1, 2, '49.958', '05Z1bGfwonAJqF4Siasg3kUfkfWfArCXO4mgFMs5.webp', '', 'simples', '2025-03-13 04:44:38', '2025-06-19 02:34:56'),
(128, 'CBEM SAB BARRA ROSA/ALGODAO V8 2x80g', NULL, 14.36, 16.90, 0.00, 1, 1, 2, '51.166', 'MwXGkE7YlmvlBRjM7DvDp1Xpv9XzaDqJP9hjoaXj.webp', '', 'simples', '2025-03-13 04:44:38', '2025-05-18 19:51:11'),
(130, 'GLAMOUR DES ANTIT AER GOLD GLAM 75g', NULL, 20.85, 37.90, 0.00, 1, 1, 2, '84.107', 'B8nLefGCEJ6HhMBgzVpzta8HoR0bYzu5W5duOzq5.webp', '', 'simples', '2025-03-13 04:44:38', '2025-05-18 19:51:26'),
(138, 'SIAGE MASC CAP HIDRATACAO MICELAR 250g', NULL, 50.99, 67.99, 0.00, 1, 1, 2, '30.203', 'm2axkj4Y66S3ou9QL981WsmH0qF0qeopj9Tc7ozl.webp', '', 'simples', '2025-03-13 05:03:45', '2025-05-18 22:34:33'),
(139, 'FLORATTA DES COL CER/FLOR 75ml V4', NULL, 127.42, 149.90, 0.00, 0, 1, 2, '48.142', 'DJ2L7v59SYnbTsvkOZpKONshfBe5VErn4WtKRoOS.webp', '', 'simples', '2025-03-13 05:03:45', '2025-05-18 22:45:38'),
(140, 'CBEM LOC DES HID CPO DELEITE V2 400ml', NULL, 59.42, 69.90, 0.00, 1, 1, 2, '49.881', '0kcQ6o2iaIHzHykLum3J7caKfJjK2QGuLusjrjh7.webp', '', 'simples', '2025-03-13 05:03:45', '2025-04-25 03:07:34'),
(141, 'EUDORA NEO DERMO PURIFIC GEL DE LIMPEZA FACIAL 150 G', NULL, 20.92, 27.90, 0.00, 0, 1, 2, '52.168', 'ikGYeMvpXovRw9rukQ6cpbBTYAjJWOTBEunL3Jji.webp', '', 'simples', '2025-03-13 05:03:45', '2025-04-25 03:06:10'),
(142, 'EUDORA NEO DERMO PROTETOR SOLAR SEM COR FPS 70 40G', NULL, 47.92, 63.90, 0.00, 0, 1, 2, '56.527', 'SdHsCGhZnswKRE0CaQ832cfy3IFy0EgyPzQIOSBV.webp', '', 'simples', '2025-03-13 05:03:45', '2025-04-25 03:07:08'),
(143, 'CBEM SRUM CPO UNIF PESSEGUR/DEPIL 30ml', NULL, 24.68, 32.90, 0.00, 1, 1, 2, '57.044', 'm4wq25T3ZtpZRdZ4Xwvx24IdLNQYOKp9HQ4v6eBi.webp', '', 'simples', '2025-03-13 05:03:45', '2025-04-25 03:14:47'),
(144, 'EUDORA GLAM PAETÊ SHINE BATOM CREMOSO VERMELHO 2,5g', NULL, 39.74, 52.99, 0.00, 1, 1, 2, '59.923', 'VGmEJg8Iy3AFJkkAGClPef2PyHJwygrpoq64CzbD.jpg', '', 'simples', '2025-03-13 05:03:45', '2025-04-25 03:09:29'),
(145, 'CBEM CR HID CPO DEPIL DOC/PESSEGUR 150ml', NULL, 26.93, 35.90, 0.00, 1, 1, 2, '85.324', 'YMQevLEG4wJ7gJMnr8Ipa21Uhov6IBz762YB2svi.webp', '', 'simples', '2025-03-13 05:03:45', '2025-04-25 03:14:47'),
(146, 'PRESENTE MÃES CHIC RETRÔ (3 itens)', NULL, 89.93, 119.90, 0.00, 1, 1, 2, '88.149', 'ftzZrEs9OUYe6qjQeoN4B46If7FAj0TOFTJ2VbMq.jpg', '', 'simples', '2025-03-13 05:06:53', '2025-04-25 03:09:49'),
(150, 'INTENSE LAP OLH PRETO 1,1g V6', NULL, 0.00, 44.90, 0.00, 1, 1, 2, '75.592', 'lRlkZ2H5ao7ciS9w32NyUDOFFiLtfihkyqmI6y26.webp', '', 'simples', '2025-03-13 05:13:35', '2025-03-13 05:13:35'),
(151, 'COMBO SIAGE HID. MICELAR ANTIOLEOSIDADE SHP +CND', NULL, 59.93, 79.90, 0.00, 1, 1, 2, '87.522', 'product-placeholder.png', '', 'simples', '2025-03-13 05:31:56', '2025-03-13 05:31:56'),
(152, 'BOTICA 214 EDP FLOR FRUT VER/FIRENZ 75ml', NULL, 152.92, 179.90, 0.00, 0, 1, 2, '47.553', 'eVGS2EsZo4pVHHA8Yi9iWEYHtwwML1MB7AmYE3DL.webp', '', 'simples', '2025-03-13 05:31:56', '2025-03-19 03:37:08'),
(153, 'FLORATTA DES BDY SPR ROSE 100ml V8', NULL, 27.96, 32.90, 0.00, 1, 1, 2, '49.025', 'ipKS67BmR9yk8JABBvgM9brN7j1MgXKSXKQmQlfa.webp', '', 'simples', '2025-03-13 05:31:56', '2025-03-13 05:31:56'),
(154, 'CBEM LOC DES HID CPO DELEITE V2 200ml', NULL, 29.93, 39.90, 0.00, 1, 1, 2, '49.882', '1cGyM0Au3lubJA612Rwe5wiYR0ZawYuXSPFpiogY.webp', '', 'simples', '2025-03-13 05:31:56', '2025-03-13 05:31:56'),
(155, 'INSTANCE MARACUJÁ CREME HIDRATANTE DESODORANTE CORPORAL 400ML', NULL, 27.93, 39.90, 0.00, 1, 1, 2, '51.107', 'M8B1NJIcOqtnmpWag6oofrZFKR3UyMXtMXqI9klM.webp', '', 'simples', '2025-03-13 05:31:56', '2025-05-13 22:29:39'),
(156, 'INTENSE MASC P/CILIO POP PRETO 10g', NULL, 23.72, 27.90, 0.00, 1, 1, 2, '51.953', 'XoD22PGZW99sklw2DC3FM1PaW7jYl2qUDTaj4W9O.webp', '', 'simples', '2025-03-13 05:31:56', '2025-03-13 05:31:56'),
(158, 'QDB SAB LIQ CPO 7BELO 200ml', NULL, 21.95, 39.90, 0.00, 1, 1, 2, '54.647', 'aJEasAvWXAXpe89LbhJ9BuZtrE9fhF1MLRQWwBba.webp', '', 'simples', '2025-03-13 05:31:56', '2025-03-13 05:31:56'),
(159, 'MATCH OL CAP NUTR PROF 50ml', NULL, 56.02, 65.90, 0.00, 0, 1, 2, '82.709', 'KFmWMZ439krMHOzrbcyfw7WZ05jXDQnLmpdH3Ovw.webp', '', 'simples', '2025-03-13 05:31:56', '2025-03-19 03:37:08'),
(160, 'SIAGE MASC CAP RECONS CRONOG 60ml', NULL, 0.00, 29.99, 0.00, 1, 1, 2, '7.194', 'l8NwhnO1DO5IuwMrtRSaK9RRTsNzxVvxHbhFiaX9.webp', '', 'simples', '2025-03-13 05:31:56', '2025-03-13 05:31:56'),
(162, 'REF CBEM LOC DES HID CP DELEITE V2 350ml', NULL, 46.66, 54.90, 0.00, 0, 1, 2, '49.883', 'hb8fVsc2P0iXkpWlxN3LncYnbQmOnF4N7OmA5CLX.webp', '', 'simples', '2025-03-13 05:43:29', '2025-03-19 03:43:33'),
(163, 'CBEM DES COL BDY SPLSH DELEITE V3 200ml', NULL, 72.16, 84.90, 0.00, 0, 1, 2, '50.881', 'lHb7qxrAeDs0ADPAqYa3gc0kyVTcmIAAi04XGrF7.webp', '', 'simples', '2025-03-13 05:43:29', '2025-03-19 03:43:33'),
(164, 'INSTANCE FRUTAS VERMELHAS SABONETE ÍNTIMO 180ML', NULL, 23.92, 29.90, 0.00, 1, 1, 2, '52.379', 'nIqmAegGG7yDrZJVlLJqLuQ2dbMPHgrdA04ohvxM.webp', '', 'simples', '2025-03-13 05:43:29', '2025-03-13 05:43:29'),
(165, 'CBEM LOC DES HID CPO BISC/BOLACH 400ml', NULL, 41.56, 48.90, 0.00, 1, 1, 2, '53.099', '7P0zVmpcHDRrCZKYrS4LGX5Y5ktOVvtN3h8S8SmY.webp', '', 'simples', '2025-03-13 05:43:29', '2025-03-13 05:43:29'),
(166, 'CBEM SAB LIQ CPO BOB ESPONJA 250ml', NULL, 34.38, 52.90, 0.00, 1, 1, 2, '56.447', 'wGeIBtSpK6ODZEC85FvsyGI3H9jfzO0dRaluea5A.webp', '', 'simples', '2025-03-13 05:43:29', '2025-03-13 05:43:29'),
(167, 'CBEM SAB BARRA BOB ESPONJA 2x100g', NULL, 24.63, 37.90, 0.00, 1, 1, 2, '56.448', 'Bxf3vrGrZKtU4h2fCysEpFeq47l01llzHUS6M37d.jpg', '', 'simples', '2025-03-13 05:43:29', '2025-03-13 05:43:29'),
(168, 'BOTI NECESS VERDE/DOURADA ALG', NULL, 25.93, 39.90, 0.00, 1, 1, 2, '56.583', 'svaUrJaFZYFHzVDrc823Rydmt86LHGGvqgIWDooP.webp', '', 'simples', '2025-03-13 05:43:29', '2025-03-13 05:43:29'),
(169, 'QDB PO SLT TRANS INSTMAT AMARELE V2 10g', NULL, 38.94, 64.90, 0.00, 1, 1, 2, '56.808', 'pm7VzhmYtfzjbfHJMGQuEdPQeq9hvc2nApz2JGOs.webp', '', 'simples', '2025-03-13 05:43:29', '2025-03-13 05:43:29'),
(170, 'INSTANCE AMEIXA E PRALINÉ CREME HIDRATANTE DESODORANTE CORPORAL 400 ML', NULL, 31.92, 39.90, 0.00, 1, 1, 2, '58.839', 'gmBNEOO2Jw6rduxtOuce2vhS8GYPTWcPLtYf6fye.webp', '', 'simples', '2025-03-13 05:43:29', '2025-04-03 05:35:16'),
(171, 'REFIL INSTANCE AMEIXA E PRALINÉ CREME HIDRATANTE DESODORANTE CORPORAL 350ML', NULL, 23.92, 29.90, 0.00, 2, 1, 2, '58.840', 'mFbyOmuGkdPvl2Y2IRtnhzubE6nFSpzcAmGc9t41.webp', '', 'simples', '2025-03-13 05:43:29', '2025-03-13 05:43:29'),
(172, 'INTENSE LÁPIS BATOM ROSA, 1,2 g', NULL, 18.62, 21.90, 0.00, 1, 1, 2, '82.065', '50IRHMR3YKCVs6FptJLp5nLPdd8GpNtVF3Vzm0YL.webp', '', 'simples', '2025-03-13 05:43:29', '2025-03-13 05:43:29'),
(186, 'COMBO SIAGE RESG. IMEDIATO SHP+CND', NULL, 58.03, 82.90, 0.00, 0, 1, 2, '86.640', 'uVrmgHxhMsJ5BP8QgQ4aFeySm1B5sAmqOITV7aOG.png', '', 'simples', '2025-03-19 03:33:02', '2025-03-19 03:35:13'),
(188, 'teste 13', NULL, 25.19, 35.99, 0.00, 2, 1, 2, '44444', 'xsjhs3cGn72oWdyU3k6RrZKaGU2bVBZQxZGiBxs8.png', '', 'simples', '2025-03-19 05:41:20', '2025-05-18 21:44:50'),
(189, 'Desodorante Antitranspirante Aerossol Club 6 Voyage 125ml75g', NULL, 19.00, 25.49, 0.00, 0, 1, 2, '47647', 'iehVWqScv3Sc4GloVw4Lf9SGC6sWxswgUFDCcrhd.webp', '', 'simples', '2025-04-03 04:12:26', '2025-04-03 04:13:02'),
(190, 'kit florata romance de verão, Com ursinho', NULL, 120.00, 179.00, 0.00, 0, 1, 2, '11111', 'KYCp3F6h5IMwlRofJ5wd0axlsGJL4sMaxFobH7Ha.jpg', '', 'simples', '2025-04-03 04:56:50', '2025-05-13 21:40:49'),
(191, 'Desodorante Body Spray Glamour 100 ml', NULL, 29.00, 47.90, 0.00, 0, 1, 2, '84228', '1PFgiDKWryotkYKBgHpKX3qfhUNqxKNOrVttGJz4.webp', '', 'simples', '2025-04-03 05:11:30', '2025-04-03 05:14:52'),
(193, 'Creme Hidratante Desodorante Corporal Instance Karité 400ml', NULL, 31.87, 69.99, 0.00, 1, 1, 2, '51.074', 'bBKlmenBV9dfXEvZl6aguGCdticmRSYWgEFugtMq.webp', '', 'simples', '2025-04-03 05:30:59', '2025-05-13 22:29:05'),
(194, 'Creme Hidratante Desodorante Corporal Instance Karité 400ml', NULL, 31.88, 69.99, 0.00, 1, 1, 2, '51.074', 'vc6MQF5IfGe4zT6YXeXtRyptAXqIziqSgtGrUTdN.webp', '', 'simples', '2025-04-03 05:34:00', '2025-04-03 05:35:16'),
(195, 'SIAGE SHAMP HAIR/PLAS 250ml', NULL, 35.99, 47.99, 0.00, 1, 1, 2, '1.641', '9CK1RSp2ivSOTsfA69iY2H9JjMec38ofzieOidjG.webp', '', 'simples', '2025-04-19 04:01:22', '2025-04-19 04:01:22'),
(196, 'SIAGE MASC CAP HIALUR HAIR/PLAS 250g', NULL, 52.49, 69.99, 0.00, 1, 1, 2, '1.644', '9VLid9rjbrHzgDiAcoQqz4T0tn6NAiIhnrREbgXj.webp', '', 'simples', '2025-04-19 04:01:22', '2025-04-19 04:01:22'),
(197, 'GLAMOUR DES COL SCRT BLACK INTENSE 75ml', NULL, 123.16, 144.90, 0.00, 1, 1, 2, '52.752', 'l2wAZebBw8M0WP8KfIxrkjA9FM50r8Vb1G6UxeuY.webp', '', 'simples', '2025-04-19 04:01:22', '2025-04-19 04:01:22'),
(198, 'SIÀGE BOOSTER PROAGING HAIR- PLASTIA 100ml', NULL, 39.74, 52.99, 0.00, 1, 1, 2, '54.095', 'yeohT8YvIldu8Mkzywsf6CJzhWSeOx2hTUtU1Sfr.webp', '', 'simples', '2025-04-19 04:01:22', '2025-04-19 04:01:22'),
(199, 'KISS ME DELICIOUS DESODORANTE COLÔNIA 50 ML', NULL, 59.92, 79.90, 0.00, 1, 1, 2, '56.365', 'ZhyAYMmS5lJioXLranAqcfQ87rB02K89ic3IaWab.webp', '', 'simples', '2025-04-19 04:01:22', '2025-04-19 20:55:37'),
(200, 'ESTOJO LILY EDP MÃES 2025', NULL, 317.82, 373.90, 0.00, 0, 1, 2, '87.408', '2Q93PUoZ4nYcHtfi8PVWRCbIQA2LKFmPi0OXkrRw.webp', '', 'simples', '2025-04-19 04:01:22', '2025-04-20 03:55:24'),
(201, 'SIAGE COND HAIR PLASTIA 200ml', NULL, 37.49, 49.99, 0.00, 1, 1, 2, '93.047', 'GT0To1svDWTLxdHu6CfxLPbIyvpRTYdjTNvMuaNA.webp', '', 'simples', '2025-04-19 04:01:22', '2025-04-19 20:52:32'),
(202, 'teste', '22', 25.19, 35.99, 0.00, 1, 1037, 2, '44442', 'BcKwl6ANlXbOb34H9dZ0KcMzrOcmnZO21Gj0dM3w.webp', '', 'simples', '2025-04-19 21:31:44', '2025-05-18 21:44:51'),
(203, 'Creme Hidratante Desodorante Corporal Instance Rosa Absoluta 400ml', NULL, 28.72, 54.99, 0.00, 1, 1, 2, '59064', 'FZi5ePTBnYAcIaUEKaDkqCb3Kbi2y8cFZNdTlPNs.webp', '', 'simples', '2025-04-20 03:04:17', '2025-06-19 04:34:15'),
(204, 'Spray Perfumado Desodorante Colônia Instance Rosa Absoluta 200ml', NULL, 28.72, 48.74, 0.00, 1, 1, 2, '86501', 'RJiCl5jVFcWkJGpLB9oK72M6aEWKAx04dKBeu5r1.webp', '', 'simples', '2025-04-20 03:06:40', '2025-04-20 03:25:05'),
(205, 'Sabonete Vegetal em Barra Instance Rosa Absoluta 80g (4 unidades)', NULL, 28.72, 29.99, 0.00, 1, 1, 2, '59068', 'PnaUx2uDiTqhDYWrQTRohhjD0gSdV5Cdo3bjdLTl.webp', '', 'simples', '2025-04-20 03:10:12', '2025-05-13 22:08:31'),
(233, 'Floratta Blue Desodorante Colônia, 75ml', NULL, 127.42, 149.90, 0.00, 1, 1, 2, '25.458', 'n4iYOarRAO83UyGaxjdG3ISdJZasqOHl6ThDMIfM.webp', '', 'simples', '2025-05-01 16:53:28', '2025-05-01 16:53:28'),
(234, 'FLORATTA DES COL F/SECRET 75ml V2', NULL, 101.92, 119.91, 0.00, 0, 1, 2, '48.136', 'V7PHyEV1kpSyYlFWZdwFdb4cOxjlISo67G8RNRLV.webp', '', 'simples', '2025-05-01 16:53:28', '2025-06-19 02:33:54'),
(235, 'MATCH OL BIF NUTR REGENERADORA 90ml', NULL, 56.02, 65.90, 0.00, 0, 1, 2, '49.092', 'gefZ0cXY2xAPmoa8Z0NImiDZaUnxQ5RCtSOTLTmU.webp', '', 'simples', '2025-05-01 16:53:28', '2025-05-13 21:07:52'),
(236, 'SIAGE SHAMPOO PRO CRONOLOGY CURVAS 250ml', NULL, 32.18, 42.90, 0.00, 0, 1, 2, '58.307', 'yS50zvIJCy1rFnIJZjvAjvZ1t17iD0eqL82QAulv.webp', '', 'simples', '2025-05-01 16:53:28', '2025-05-13 21:46:59'),
(237, 'SIAGE CONDICIONADOR PRO CRONOLOGY CURVAS 250ml', NULL, 33.68, 44.90, 0.00, 0, 1, 2, '58.308', 'qmfrhoeZJhdZT5vr85jkihsmRpzGNymc8GbNyGzx.webp', '', 'simples', '2025-05-01 16:53:28', '2025-05-13 21:46:59'),
(238, 'REFIL INSTANCE CREME HIDRATANTE DESODORANTE CORPORAL ROSA ABSOLUTA 350ml', NULL, 33.74, 44.99, 0.00, 1, 1, 2, '59.065', 'uguGR8Wk9rDcd5p9mkU70c83GoKKt1KBJqI2Xmy2.webp', '', 'simples', '2025-05-01 16:53:28', '2025-05-01 16:53:28'),
(239, 'MALBEC BODY SPRAY DESODORANTE, 100 ml', NULL, 32.22, 37.90, 0.00, 1, 1, 2, '73.364', 'jtJ61fK3VL1fITRhoDaH8fHhMqC0oLMekdTpehd1.webp', '', 'simples', '2025-05-01 16:53:28', '2025-05-18 20:26:21'),
(240, 'MEN SHW GEL MULTIF NBA 205g', NULL, 38.16, 44.90, 0.00, 1, 1, 2, '74.212', 'QX0X48nKgNmT0r8PXWsIf7DhUsDunjb1LhcRiZGW.webp', '', 'simples', '2025-05-01 16:53:28', '2025-06-19 02:42:48'),
(241, 'BOTICOLLECTION PORTINARI DESODORANTE BODY SPRAY, 100 ml', NULL, 40.72, 47.90, 0.00, 0, 1, 2, '82.474', 'qYGDb5wy6Mo4k3k1JBGQlYxf8wY7NrqcQqTYdrqE.webp', '', 'simples', '2025-05-01 16:53:28', '2025-05-13 20:27:12'),
(242, 'EUDORA KISS ME BATOM BALA MATTE CHERRY VERMELHO VICIANTE 3,7g', NULL, 20.18, 26.90, 0.00, 1, 1, 2, '85.412', 'bJIFS4ZZoCNGTy5c5Xic7oAQiSFOfWtXGiNgJmgZ.webp', '', 'simples', '2025-05-01 16:53:28', '2025-05-01 16:53:28'),
(243, 'ESTOJO LILY CUIDADOS MÃES 2025', NULL, 158.86, 186.90, 0.00, 0, 1, 2, '87.418', 'Abo50tpsG9EKYKYqituV4vOUR8eudRcw5h3bQoZh.webp', '', 'simples', '2025-05-01 16:53:28', '2025-05-18 22:26:49'),
(244, 'EUDORA NEO DERMO PURIFIC SABONETE EM BARRA 80G', NULL, 0.00, 34.99, 0.00, 0, 1, 2, '52.171', 'tSOzswUc2ZS0FmYShlURM6C1hD9AxunIjKBglESs.webp', '', 'simples', '2025-05-01 16:53:28', '2025-05-13 21:07:52'),
(245, 'MATCH ACIDIFICANTE 100ml', NULL, 57.72, 67.90, 0.00, 1, 1, 2, '49.379', 'lGT94GHxct95ArGyxPSG1H8PANU3UDd8HaEOM6RP.webp', '', 'simples', '2025-05-13 20:21:40', '2025-05-13 20:21:40'),
(246, 'INSTANCE AMEIXA E PRALINÉ SPRAY CORPORAL PERFUMADO DESODORANTE COLÔNIA 200ML', NULL, 52.49, 69.99, 0.00, 0, 1, 2, '52.253', 'uKT5NBocfWUPZGivfFuEowh5UbR51HnhtmS8DFpB.webp', '', 'simples', '2025-05-13 20:21:40', '2025-06-19 02:32:27'),
(247, 'PULSE DES COL POWER 100ml', NULL, 59.92, 79.90, 0.00, 1, 1, 2, '58.056', 'qpI9xhO997LlU0oGVQdJTFO4zFCiDkfQeLfbtHZG.webp', '', 'simples', '2025-05-13 20:21:40', '2025-05-13 20:21:40'),
(248, 'INSTANCE AMEIXA E PRALINÉ SABONETE VEGETAL EM BARRA PERFUMADO 4x80g', NULL, 22.49, 29.99, 0.00, 1, 1, 2, '58.841', '3Xxd949lo6M4g8IRpt5EEAFHM4Bn9MwXg5mmQLeD.webp', '', 'simples', '2025-05-13 20:21:40', '2025-05-13 20:21:40'),
(249, 'EGEO DOLCE BODY SPRAY DESODORANTE, 100 ml', NULL, 27.96, 32.90, 0.00, 0, 1, 2, '74.893', 'tTYl2MSlFuhBO4nmgJtNHlinujYki3NehS17vs1E.webp', '', 'simples', '2025-05-13 20:21:40', '2025-05-18 22:11:00'),
(250, 'ESTJ NSPA CEREJA ROUGE AMOR/25', NULL, 65.37, 84.90, 0.00, 0, 1, 2, '85.493', 'meWmGIvwxOJ4vZ5KbtRTClwVgV6Su0SfOSOLL2g2.webp', '', 'simples', '2025-05-13 20:21:40', '2025-05-18 21:55:33'),
(251, 'INSTANCE D/C SPR CP PERF MOR/IRRES 200ml', NULL, 48.68, 64.90, 0.00, 0, 1, 2, '86.106', 'ADtle3TQi9BsAhBNHiW9LXjY0h7uZwjPb5xSyUQ5.webp', '', 'simples', '2025-05-13 20:21:40', '2025-06-19 02:34:56'),
(252, 'INSTANCE SAB BARR MORAN/IRRES 4x80g', NULL, 20.24, 26.99, 0.00, 1, 1, 2, '87.108', 'WzUWKCrNCA3gSRTKS9wzXejaMEYHu0eJ6KgeNTF4.webp', '', 'simples', '2025-05-13 20:21:40', '2025-05-13 20:21:40'),
(253, 'ESTOJO LIZ SUBLIME MÃES 2025', NULL, 140.16, 164.90, 0.00, 0, 1, 2, '87.420', 'bBTYC9NWYH81VogbqdmguIKpjxlN1PlBaGHmNjlk.webp', '', 'simples', '2025-05-13 20:21:40', '2025-05-13 20:27:12'),
(254, 'UOMINI DES BDY SPR INFINITE 100ml', NULL, 0.00, 47.90, 0.00, 0, 1, 2, '80.888', 'HlL0Ywoof0QQzbyNLeTFwamDvpZd7jM2VTImDRNQ.webp', '', 'simples', '2025-05-13 20:21:40', '2025-06-19 02:32:27'),
(255, 'Uomini Infinite Desodorante Colônia 100ml', NULL, 112.00, 189.90, 0.00, 0, 1, 2, '50418', 'bT72qZUNKl9cRx3Qb5711LnywuhVBbRm8VcYqKEo.webp', '', 'simples', '2025-05-13 20:26:54', '2025-05-13 20:27:42'),
(256, 'kit Siage SH+COND +MASC dia das maes', NULL, 120.00, 175.00, 0.00, 0, 1036, 2, '11112', 'bNiWQYvw0THl8DzW9ixY6paQRLZLmJkF2aDUpMbh.jpg', '', 'simples', '2025-05-13 21:59:52', '2025-05-13 22:12:35'),
(257, 'kit banheira+creme', NULL, 85.00, 135.00, 0.00, 0, 1036, 2, '11113', 'YccKq8GgoZXk2PkaPTBbkVS21CTKITKmB9AOvlOV.jpg', '', 'simples', '2025-05-13 22:03:32', '2025-05-13 22:13:01'),
(258, 'kit banheira+sab+creme', NULL, 75.00, 135.00, 0.00, 3, 1036, 2, '11114', 'U1Yc9L8MAt1SacpAupYjOQb97Y3FgLUoICYahjrE.jpg', '', 'simples', '2025-05-13 22:05:37', '2025-05-13 22:05:37'),
(259, 'kit instance sabores', NULL, 50.00, 70.00, 0.00, 0, 1036, 2, '11115', 'GSqkw5FJ4t5U9id1FKNlt12QARcMsGwB6uhZrlOQ.jpg', '', 'simples', '2025-05-13 22:26:24', '2025-05-13 22:33:30'),
(260, 'FLORATTA DES COL ROMANC/VERAO 75ml', NULL, 95.12, 111.90, 0.00, 0, 1, 2, '55.659', 'product-placeholder.png', '', 'simples', '2025-05-18 19:49:17', '2025-05-18 19:51:03'),
(306, 'ESTJ NSPA SORTIDO PRESENTEAVEL', NULL, 33.92, 39.90, 0.00, 4, 1, 2, '52.792', 'Pk879Ot0BgbYcmxAWh8f6cMXoWmM854PsbU20pSh.jpg', '', 'simples', '2025-05-18 20:26:21', '2025-05-18 20:26:21'),
(307, 'Kit Eudora Niina Secrets - Natal 2024 (2 itens)', NULL, 41.99, 55.99, 0.00, 1, 1, 2, '58.671', 'WVpn7idJog1YpNJAMq8t2SuKlyy0cpHpySS6elf6.webp', '', 'simples', '2025-05-18 20:26:21', '2025-05-18 20:26:21'),
(308, 'FLORATTA DES COL RED BLOSSOM 75ml', NULL, 89.94, 119.91, 0.00, 2, 1, 2, '49.973', 'cyrTcyWGbPMPhJG9eAIVMUFXDwkm0jTVKkoiGYQ2.jpg', '', 'simples', '2025-05-18 20:41:36', '2025-05-18 20:46:17'),
(309, 'INSTANCE FRUTAS VERMELHAS SPRAY CORPORAL PERFUMADO 200ML', NULL, 48.99, 69.99, 0.00, 0, 1, 2, '51.082', 'jFv5XoqiOxyLh91MfLWj6HY3WyiLJDg69UObbj1f.webp', '', 'simples', '2025-05-18 20:41:36', '2025-06-19 02:42:11'),
(310, 'INSTANCE MARACUJÁ SPRAY CORPORAL PERFUMADO 200ML', NULL, 35.92, 44.90, 0.00, 0, 1, 2, '51.086', 'MpdcyBgS7gQrvr3RnDXfi6Y8U4T7kU9V2BvhVR4F.webp', '', 'simples', '2025-05-18 20:41:36', '2025-06-19 02:40:30'),
(311, 'IMENSI LOÇÃO DESODORANTE HIDRATANTE CORPORAL ALIVE 200ml V2', NULL, 23.12, 28.90, 0.00, 1, 1, 2, '53.141', 'B756lH7exxSREY8kKvW2dPppKiGF5mMbSkOZY3me.webp', '', 'simples', '2025-05-18 20:41:36', '2025-05-18 20:45:23'),
(312, 'SIAGE SHAMPOO RECONSTROI OS FIOS 250ml RPCK 2', NULL, 27.12, 33.90, 0.00, 0, 1, 2, '53.519', 'CeD8QobNLn9eZeXKsayA9oNigkcYRicyAD63xxh5.webp', '', 'simples', '2025-05-18 20:41:36', '2025-05-18 22:15:57'),
(313, 'SIAGE CONDICIONADOR RECONSTROI OS FIOS 200ml RPCK 2', NULL, 27.92, 34.90, 0.00, 0, 1, 2, '53.520', 'JAnMLYTnsTN6KeW0ROPEFMfMzNykld4fpfXskVa5.webp', '', 'simples', '2025-05-18 20:41:36', '2025-05-18 22:15:57'),
(314, 'SIAGE AMPOLA CAPILAR QUERATINA LIQUIDA RECONSTROI OS FIOS 60ml RPCK 2', NULL, 27.92, 34.90, 0.00, 0, 1, 2, '53.524', '1NhzCvGY5xHsa7mXSWeyArZG3QXAFGI4DVWEfn9a.webp', '', 'simples', '2025-05-18 20:41:36', '2025-05-18 22:15:57'),
(315, 'CLUB 6 INTENSO DESODORANTE COLÔNIA, 95ML V2', NULL, 79.91, 99.89, 0.00, 0, 1, 2, '55.196', 'CasWLG4b7HJB3reh9dXop5XXvhID3fRRe1CJSlg2.webp', '', 'simples', '2025-05-18 20:41:36', '2025-06-19 02:39:07'),
(316, 'INSTANCE SPRAY PERFUMADO DESODORANTE COLONIA AMEIXA E PRALINE VERSAO 2 200m', NULL, 34.93, 49.90, 0.00, 1, 1, 2, '58.025', 'O0X4fERlkYDUl94uGckd1GR2JAsTVmPTXh6lL0Z5.webp', '', 'simples', '2025-05-18 20:41:36', '2025-05-18 20:44:37'),
(317, 'PRESENTE EUDORA H NAMORADOS 25', NULL, 99.93, 124.91, 0.00, 0, 1, 2, '84.671', 'NvZtXZFanpoFcThnaSGVuWoJkbWNWpZXxoUsfWLJ.webp', '', 'simples', '2025-05-18 20:41:36', '2025-06-19 02:39:07'),
(318, 'INSTANCE DESODORANTE COLONIA BODY SPLASH ROSA ABSOLUTA 200ml', NULL, 43.99, 54.99, 0.00, 0, 1, 2, '86.501', 'jjgMVnYM01FMnUt5ab3Iv1Dn2hppDn6bwjVgW5sQ.webp', '', 'simples', '2025-05-18 20:41:36', '2025-06-19 04:39:38'),
(319, 'EUD DES COL VELV CRIST 100ml', NULL, 67.92, 84.90, 0.00, 0, 1, 2, '94.059', '6vYuy0lxdVeT91EXWDraUM0DnrPubbqxsDmzMibQ.webp', '', 'simples', '2025-05-18 20:41:36', '2025-06-19 02:46:27'),
(320, 'CBEM SAB BARRA ROSA/ALGODAO 4x80g', NULL, 0.00, 34.90, 0.00, 1, 1, 2, '51.165', 'Rue0QEjj1Mj5gn9X4ubcctDzFwEOG7lrc4VaKguN.webp', '', 'simples', '2025-05-18 20:41:36', '2025-05-18 20:43:27'),
(328, 'SIAGE SHAMP HAIR/PLAS 250ml', NULL, 28.42, 37.90, 0.00, 1, 1, 2, '1.641', 'vNqdDNa521YtXjqrIyhN2roTvU8ZPYzbGHuNViAv.webp', '', 'simples', '2025-05-18 21:13:02', '2025-05-18 21:13:02'),
(329, 'CHIC DES COL RETRO 95ml V2', NULL, 56.18, 74.90, 0.00, 0, 1, 2, '49.803', 'QoaNZLHPyzpp1Qn6HwOH8Wwr6tm7CB01ruNjv33s.webp', '', 'simples', '2025-05-18 21:13:03', '2025-06-19 02:32:27'),
(330, 'FLORATTA DES COL RED BLOSSOM 75ml', NULL, 101.92, 119.91, 0.00, 1, 1, 2, '49.973', '0SFZ7eDIPsLThR7nMBhzvYNNXdz90ByUiJvA9eKf.jpg', '', 'simples', '2025-05-18 21:13:03', '2025-05-18 21:13:03'),
(331, 'INSTANCE MARACUJÁ SPRAY CORPORAL PERFUMADO 200ML', NULL, 33.68, 44.90, 0.00, 2, 1, 2, '51.086', 'mNROxE6MAqck2PdzOV4c265TDYHW7oPZqY6x2Acg.webp', '', 'simples', '2025-05-18 21:13:03', '2025-05-18 21:13:03'),
(332, 'EUDORA PULSE ACTION DESODORANTE COLONIA 100ml', NULL, 44.92, 59.90, 0.00, 1, 1, 2, '51.834', 'JQDlskgiuRsp677MSHKsodaRXbCXO6645Wv6vedL.webp', '', 'simples', '2025-05-18 21:13:03', '2025-05-18 21:13:03'),
(333, 'EUDORA NEO DERMO HIDRA MINERAL MOUSSE MICELAR 150ML', NULL, 26.18, 34.90, 0.00, 2, 1, 2, '52.247', 'HazIjsiWnPzieTMNNXqpoiVaWZPxEeelwGaR283A.webp', '', 'simples', '2025-05-18 21:13:03', '2025-05-18 21:13:03'),
(334, 'NIINA SCRT DES COL BLOOM 100ml', NULL, 89.92, 119.90, 0.00, 1, 1, 2, '52.318', 'qUBNcgzqLyKRJUAehb1FmN7br7JENqnzQPkeHpGE.webp', '', 'simples', '2025-05-18 21:13:03', '2025-05-18 21:13:03'),
(335, 'EUDORA PULSE ACTION BALM POS BARBA 75G', NULL, 22.42, 29.90, 0.00, 1, 1, 2, '53.013', 'eAZ7fJ50tZ0AOUDi6sceJdS1G5KET2dUUkQkZVju.webp', '', 'simples', '2025-05-18 21:13:03', '2025-05-18 21:13:03'),
(336, 'SIAGE SHAMPOO RECONSTROI OS FIOS 250ml RPCK 2', NULL, 25.42, 33.90, 0.00, 1, 1, 2, '53.519', 'pRjplp1Lbh8xAEiKmhXpkvwz8OW8dGopC0UaaIgs.webp', '', 'simples', '2025-05-18 21:13:03', '2025-05-18 21:13:03'),
(337, 'SIAGE CONDICIONADOR RECONSTROI OS FIOS 200ml RPCK 2', NULL, 26.18, 34.90, 0.00, 1, 1, 2, '53.520', '67p8mqyb3nBGLyWmkjKs1BMLftZc0fwq4hCRka7w.webp', '', 'simples', '2025-05-18 21:13:03', '2025-05-18 21:13:03'),
(338, 'SIAGE CC CREAM RECONSTROI OS FIOS 100ml RPCK 2', NULL, 29.92, 39.90, 0.00, 0, 1, 2, '53.522', 'OK0T4o5WdXSWQKEDmcp5e18ParHDjnn7wxxCIMQm.webp', '', 'simples', '2025-05-18 21:13:03', '2025-05-18 22:15:57'),
(339, 'SIAGE AMPOLA CAPILAR QUERATINA LIQUIDA RECONSTROI OS FIOS 60ml RPCK 2', NULL, 26.18, 34.90, 0.00, 1, 1, 2, '53.524', 'E3FdrZmgnwl0BcT5wzFxLrHPaRgJcWaI1mTgYutg.webp', '', 'simples', '2025-05-18 21:13:03', '2025-05-18 21:13:03'),
(340, 'Kit Nativa SPA Ameixa Dourada - Natal 2024 (3 itens)', NULL, 89.24, 115.90, 0.00, 1, 1, 2, '58.463', 'JOAvicpQGwsorgxN2bgSLnSN0uTHg9J0vXRA863T.jpg', '', 'simples', '2025-05-18 21:13:03', '2025-05-18 21:13:03'),
(341, 'Kit Eudora Bad Intention - Natal 2024 (2 itens)', NULL, 86.93, 115.91, 0.00, 0, 1, 2, '58.665', 'mVXkRP1LrePLuVzdcYJGYpRJUdulwldYg0AZN0G6.webp', '', 'simples', '2025-05-18 21:13:03', '2025-06-19 02:48:13'),
(342, 'INSTANCE AMEIXA E PRALINÉ CREME HIDRATANTE DESODORANTE CORPORAL 400 ML', NULL, 29.92, 39.90, 0.00, 2, 1, 2, '58.839', '4I53U6Zf3FnNexXtDY5WFwG7m0EoHmz788ZDKuc2.webp', '', 'simples', '2025-05-18 21:13:03', '2025-05-18 21:13:03'),
(444, 'EUDORA NEO DERMO PURIFIC GEL DE LIMPEZA FACIAL 150 G', NULL, 29.92, 39.90, 0.00, 1, 1, 2, '52.168', 'product_685353108361e.webp', '', 'simples', '2025-06-19 03:00:16', '2025-06-19 03:00:16'),
(445, 'BOLD INTENTION DESODORANTE COLÔNIA 100ml', NULL, 108.68, 144.90, 0.00, 1, 1, 2, '58.933', 'product_685353109cdd3.jpeg', '', 'simples', '2025-06-19 03:00:16', '2025-06-19 03:00:16'),
(446, 'ELYSEE CREM DES HID CPO ACET V2 250g', NULL, 118.92, 139.90, 0.00, 1, 1, 2, '85.796', 'product_68535310a0250.jpeg', '', 'simples', '2025-06-19 03:00:16', '2025-06-19 03:00:16'),
(447, 'REF ELYSEE CR DES HID ACET CPO V2 200g', NULL, 67.92, 79.90, 0.00, 1, 1, 2, '85.797', 'product_68535310a7958.jpeg', '', 'simples', '2025-06-19 03:00:16', '2025-06-19 03:00:16'),
(448, 'MEN DES COL NBA 100ml', NULL, 152.92, 179.90, 0.00, 1, 1, 2, '55.648', 'product_68535b110a08b.webp', '', 'simples', '2025-06-19 03:34:25', '2025-06-19 03:34:25'),
(449, 'Kit Eudora Bad Intention - Natal 2024 (2 itens)', NULL, 109.42, 145.89, 0.00, 1, 1, 2, '58.665', 'product_68535b1112242.webp', '', 'simples', '2025-06-19 03:34:25', '2025-06-19 03:34:25'),
(450, 'GLAMOUR DES ANTIT AER SEC BL 75g V6', NULL, 32.22, 37.90, 0.00, 1, 1, 2, '84.225', 'product_68535b1114d41.webp', '', 'simples', '2025-06-19 03:34:25', '2025-06-19 03:34:25'),
(451, 'MALBEC DES COL MAGNETIC V3 100ml', NULL, 203.92, 239.90, 0.00, 1, 1, 2, '84.390', 'product_68535b1117c39.webp', '', 'simples', '2025-06-19 03:34:25', '2025-06-19 03:34:25'),
(452, 'CLUB 6 DESODORANTE COLONIA 95ml V4', NULL, 80.94, 107.92, 0.00, 1, 1, 2, '94.091', 'product_68535b111b371.webp', '', 'simples', '2025-06-19 03:34:25', '2025-06-19 03:34:25'),
(453, 'CBEM SAB BARRA BOA NOITE V2 2x80g', NULL, 0.00, 21.90, 0.00, 1, 1, 2, '51.124', 'product_68535b111fec3.webp', '', 'simples', '2025-06-19 03:34:25', '2025-06-19 03:34:25'),
(454, 'Combo Nutri Acid Shp+Cnd+Msc', NULL, 92.88, 142.90, 0.00, 1, 1036, 2, '89.150', 'dNrj7h0SjSGDsiSPj0IyGd6ep2KEfhNMVOU7qWt5.jpg', '', 'simples', '2025-06-19 03:42:27', '2025-06-19 03:42:27'),
(455, 'FLORATTA RED DESODORANTE COLÔNIA, 75 ml', 'fghfgh', 25.19, 159.90, 0.00, 8, 1042, 1, '53.431', '6I3RUPbOpxHjCLnjamc2rcCIPTiaC2JTVzjvgZ9M.webp', 'ativo', 'simples', '2025-06-19 15:24:14', '2025-06-21 04:35:25'),
(456, 'marco', NULL, 189.00, 1234.00, 0.00, 0, 1, 1, 'KIT-6854019AAD5AB', NULL, 'ativo', 'kit', '2025-06-19 15:24:58', '2025-06-19 15:24:58'),
(457, 'FLORATTA RED DESODORANTE COLÔNIA, 75 ml', 'qwe', 25.90, 160.90, 0.00, 6, 1042, 1, '53.431', 'FR1FlBr9Vpbk27CrfiXXC8cxGRZs1Vc9vl2Vih5Y.webp', 'ativo', 'simples', '2025-06-19 15:44:13', '2025-06-21 04:35:25'),
(458, 'marco a', '1eqwe', 20.00, 190.00, 0.00, 8, 1042, 1, '44444', 'CnbAEe6thEt6vDzofpdZgg85CnHuAKDn4EFea2ny.webp', 'ativo', 'simples', '2025-06-19 15:45:57', '2025-06-21 04:35:25'),
(459, 'rgdf', 'asd', 11.11, 22.22, 0.00, 9, 1042, 1, '53.4315', 'qCJA1qNnr7zxnk2vD8Zb7xBwLeSq5B01ZzqTzqbe.webp', 'ativo', 'simples', '2025-06-19 15:58:48', '2025-06-19 19:13:46'),
(460, 'MEN DES COL NBA 100ml', NULL, 152.92, 179.90, 0.00, 0, 1, 1, '55.648', 'product_6854273d2eeca.webp', 'ativo', 'simples', '2025-06-19 18:05:33', '2025-06-19 19:08:13'),
(461, 'Kit Eudora Bad Intention - Natal 2024 (2 itens)', NULL, 109.42, 145.89, 0.00, 0, 1, 1, '58.665', 'product_6854273d3b256.webp', 'ativo', 'simples', '2025-06-19 18:05:33', '2025-06-19 19:08:13'),
(462, 'GLAMOUR DES ANTIT AER SEC BL 75g V6', NULL, 32.22, 37.90, 0.00, 0, 1, 1, '84.225', 'product_6854273d4005a.webp', 'ativo', 'simples', '2025-06-19 18:05:33', '2025-06-19 19:07:44'),
(463, 'MALBEC DES COL MAGNETIC V3 100ml', NULL, 203.92, 239.90, 0.00, 0, 1, 1, '84.390', 'product_6854273d428ad.webp', 'ativo', 'simples', '2025-06-19 18:05:33', '2025-06-19 19:07:44'),
(464, 'CLUB 6 DESODORANTE COLONIA 95ml V4', NULL, 80.94, 107.92, 0.00, 0, 1, 1, '94.091', 'product_6854273d44a49.webp', 'ativo', 'simples', '2025-06-19 18:05:33', '2025-06-19 19:08:13');

-- --------------------------------------------------------

--
-- Estrutura para tabela `produto_componentes`
--

CREATE TABLE `produto_componentes` (
  `id` bigint UNSIGNED NOT NULL,
  `kit_produto_id` int NOT NULL,
  `componente_produto_id` int NOT NULL,
  `quantidade` int NOT NULL COMMENT 'Quantidade do componente no kit',
  `created_at` timestamp NULL DEFAULT CURRENT_TIMESTAMP,
  `updated_at` timestamp NULL DEFAULT CURRENT_TIMESTAMP ON UPDATE CURRENT_TIMESTAMP
) ENGINE=InnoDB DEFAULT CHARSET=utf8mb4 COLLATE=utf8mb4_unicode_ci;

--
-- Despejando dados para a tabela `produto_componentes`
--

INSERT INTO `produto_componentes` (`id`, `kit_produto_id`, `componente_produto_id`, `quantidade`, `created_at`, `updated_at`) VALUES
(2, 456, 455, 1, '2025-06-19 15:59:01', '2025-06-19 15:59:01'),
(3, 456, 457, 1, '2025-06-19 15:59:01', '2025-06-19 15:59:01');

-- --------------------------------------------------------

--
-- Estrutura para tabela `profile`
--

CREATE TABLE `profile` (
  `id` int NOT NULL,
  `user_id` int NOT NULL,
  `create_time` timestamp NULL DEFAULT NULL,
  `update_time` timestamp NULL DEFAULT NULL,
  `full_name` varchar(255) CHARACTER SET utf8mb3 COLLATE utf8mb3_unicode_ci DEFAULT NULL,
  `language` varchar(100) CHARACTER SET utf8mb3 COLLATE utf8mb3_unicode_ci NOT NULL DEFAULT 'en',
  `startpage` varchar(100) CHARACTER SET utf8mb3 COLLATE utf8mb3_unicode_ci NOT NULL DEFAULT 'cashbook/index',
  `currencycode` varchar(100) CHARACTER SET utf8mb3 COLLATE utf8mb3_unicode_ci NOT NULL DEFAULT 'USD',
  `decimalseparator` varchar(1) CHARACTER SET utf8mb3 COLLATE utf8mb3_unicode_ci NOT NULL DEFAULT '.'
) ENGINE=InnoDB DEFAULT CHARSET=utf8mb3 COLLATE=utf8mb3_unicode_ci;

-- --------------------------------------------------------

--
-- Estrutura para tabela `role`
--

CREATE TABLE `role` (
  `id` int NOT NULL,
  `name` varchar(255) NOT NULL,
  `create_time` timestamp NULL DEFAULT CURRENT_TIMESTAMP,
  `update_time` timestamp NULL DEFAULT CURRENT_TIMESTAMP ON UPDATE CURRENT_TIMESTAMP,
  `can_admin` smallint NOT NULL DEFAULT '0'
) ENGINE=InnoDB DEFAULT CHARSET=utf8mb4 COLLATE=utf8mb4_0900_ai_ci;

--
-- Despejando dados para a tabela `role`
--

INSERT INTO `role` (`id`, `name`, `create_time`, `update_time`, `can_admin`) VALUES
(1, 'Admin', '2015-01-25 05:53:11', NULL, 1),
(2, 'User', '2015-01-25 05:53:11', NULL, 0);

-- --------------------------------------------------------

--
-- Estrutura para tabela `sales`
--

CREATE TABLE `sales` (
  `id` int NOT NULL,
  `client_id` int NOT NULL,
  `user_id` bigint UNSIGNED NOT NULL,
  `total_price` decimal(10,2) NOT NULL,
  `status` enum('pendente','orcamento','confirmada','concluida','cancelada') NOT NULL DEFAULT 'pendente' COMMENT 'pendente=Aguardando Ação, orcamento=Orçamento, confirmada=Venda, concluida=Finalizada, cancelada=Cancelada',
  `created_at` timestamp NULL DEFAULT CURRENT_TIMESTAMP,
  `updated_at` timestamp NULL DEFAULT CURRENT_TIMESTAMP ON UPDATE CURRENT_TIMESTAMP,
  `payment_method` varchar(100) DEFAULT NULL,
  `amount_paid` decimal(10,2) DEFAULT NULL,
  `tipo_pagamento` enum('a_vista','parcelado') NOT NULL DEFAULT 'a_vista',
  `parcelas` int DEFAULT '1' COMMENT 'Numero de parcelas'
) ENGINE=InnoDB DEFAULT CHARSET=utf8mb4 COLLATE=utf8mb4_0900_ai_ci;

--
-- Despejando dados para a tabela `sales`
--

INSERT INTO `sales` (`id`, `client_id`, `user_id`, `total_price`, `status`, `created_at`, `updated_at`, `payment_method`, `amount_paid`, `tipo_pagamento`, `parcelas`) VALUES
(13, 8, 2, 655.56, 'pendente', '2025-03-19 01:50:39', '2025-05-18 21:35:05', NULL, 469.88, 'a_vista', 1),
(14, 9, 2, 179.90, '', '2025-03-19 03:21:52', '2025-05-15 03:19:30', NULL, 179.90, 'a_vista', 1),
(16, 11, 2, 387.77, 'pendente', '2025-03-19 03:26:45', '2025-05-15 00:17:04', NULL, 150.00, 'a_vista', 1),
(17, 12, 2, 382.60, 'pendente', '2025-03-19 03:35:12', '2025-05-18 22:39:56', NULL, 294.64, 'a_vista', 1),
(18, 13, 2, 199.90, '', '2025-03-19 03:35:49', '2025-05-15 03:21:45', NULL, 199.90, 'a_vista', 1),
(19, 16, 2, 245.80, '', '2025-03-19 03:37:08', '2025-05-15 03:22:08', NULL, 245.80, 'a_vista', 1),
(20, 15, 2, 157.70, '', '2025-03-19 03:37:39', '2025-05-15 03:22:20', NULL, 157.70, 'a_vista', 1),
(21, 17, 2, 400.55, 'pendente', '2025-03-19 03:39:26', '2025-05-18 22:32:08', NULL, 153.78, 'a_vista', 1),
(22, 18, 2, 217.80, '', '2025-03-19 03:40:25', '2025-05-18 21:36:00', NULL, 217.80, 'a_vista', 1),
(23, 19, 2, 275.62, 'pendente', '2025-03-19 03:41:07', '2025-06-19 02:46:41', NULL, NULL, 'a_vista', 1),
(24, 20, 2, 89.80, '', '2025-03-19 03:43:08', '2025-05-15 03:23:13', NULL, 89.80, 'a_vista', 1),
(25, 21, 2, 139.80, '', '2025-03-19 03:43:33', '2025-05-18 21:46:37', NULL, 139.80, 'a_vista', 1),
(26, 22, 2, 304.80, '', '2025-03-19 03:43:50', '2025-05-18 22:46:35', NULL, 304.80, 'a_vista', 1),
(27, 23, 2, 149.90, 'pendente', '2025-03-19 03:44:06', '2025-05-15 00:17:04', NULL, 0.00, 'a_vista', 1),
(31, 7, 2, 417.85, 'pendente', '2025-03-26 04:39:18', '2025-05-15 00:17:04', NULL, 0.00, 'a_vista', 1),
(32, 7, 2, 1371.93, 'pendente', '2025-03-26 05:09:03', '2025-06-19 02:45:21', NULL, 400.00, 'a_vista', 1),
(33, 25, 2, 75.80, '', '2025-03-26 05:33:33', '2025-05-18 22:12:07', NULL, 75.80, 'a_vista', 1),
(34, 27, 2, 112.98, '', '2025-04-03 04:27:23', '2025-05-15 03:30:48', NULL, 112.98, 'a_vista', 1),
(36, 18, 2, 124.89, 'pendente', '2025-04-03 05:35:16', '2025-05-15 00:17:04', NULL, 41.16, 'a_vista', 1),
(41, 21, 2, 373.90, 'pendente', '2025-04-20 03:16:39', '2025-05-18 21:51:16', NULL, 280.41, 'a_vista', 1),
(43, 7, 2, 373.90, 'pendente', '2025-04-20 03:22:42', '2025-05-15 00:17:04', NULL, NULL, 'a_vista', 1),
(45, 10, 2, 179.80, 'pendente', '2025-04-20 03:26:17', '2025-05-15 00:17:04', NULL, NULL, 'a_vista', 1),
(46, 10, 2, 677.16, '', '2025-04-20 03:40:21', '2025-06-19 02:43:25', NULL, 677.16, 'a_vista', 1),
(50, 29, 2, 137.78, '', '2025-04-25 03:14:47', '2025-05-18 22:26:28', NULL, 137.78, 'a_vista', 1),
(55, 13, 2, 440.60, 'pendente', '2025-05-13 20:27:12', '2025-06-19 02:43:49', NULL, 146.86, 'a_vista', 1),
(56, 7, 2, 100.89, 'pendente', '2025-05-13 21:07:52', '2025-05-15 00:17:04', NULL, NULL, 'a_vista', 1),
(57, 10, 2, 179.00, 'pendente', '2025-05-13 21:40:49', '2025-05-15 00:17:04', NULL, 175.00, 'a_vista', 1),
(58, 27, 2, 87.80, '', '2025-05-13 21:46:59', '2025-06-19 02:41:43', NULL, 87.80, 'a_vista', 1),
(59, 18, 2, 175.00, 'pendente', '2025-05-13 22:12:35', '2025-05-15 00:17:04', NULL, NULL, 'a_vista', 1),
(60, 18, 2, 135.00, '', '2025-05-13 22:13:01', '2025-05-15 03:30:41', NULL, 135.00, 'a_vista', 1),
(61, 31, 2, 70.00, '', '2025-05-13 22:30:49', '2025-05-15 03:30:44', NULL, 70.00, 'a_vista', 1),
(62, 32, 2, 70.00, '', '2025-05-13 22:32:02', '2025-05-15 03:29:10', NULL, 70.00, 'a_vista', 1),
(63, 33, 2, 70.00, '', '2025-05-13 22:33:30', '2025-05-15 03:29:36', NULL, 70.00, 'a_vista', 1),
(65, 21, 2, 84.90, 'pendente', '2025-05-18 21:55:32', '2025-05-18 21:55:32', NULL, NULL, 'a_vista', 1),
(66, 25, 2, 202.78, 'pendente', '2025-05-18 22:11:00', '2025-05-18 22:11:00', NULL, NULL, 'a_vista', 1),
(67, 11, 2, 188.80, 'pendente', '2025-05-18 22:15:57', '2025-06-19 02:42:48', NULL, NULL, 'a_vista', 1),
(68, 29, 2, 302.81, '', '2025-05-18 22:26:49', '2025-06-19 02:48:13', NULL, 186.90, 'a_vista', 1),
(69, 36, 2, 237.79, 'pendente', '2025-06-19 02:32:27', '2025-06-19 02:32:51', NULL, NULL, 'a_vista', 1),
(70, 37, 2, 119.91, 'pendente', '2025-06-19 02:33:54', '2025-06-19 02:33:54', NULL, NULL, 'a_vista', 1),
(71, 38, 2, 336.80, 'pendente', '2025-06-19 02:34:56', '2025-06-19 02:35:30', NULL, NULL, 'a_vista', 1),
(72, 40, 2, 259.80, 'pendente', '2025-06-19 02:39:07', '2025-06-19 02:39:37', NULL, NULL, 'a_vista', 1),
(73, 33, 2, 59.90, '', '2025-06-19 02:40:30', '2025-06-19 02:41:00', NULL, 59.90, 'a_vista', 1),
(74, 8, 2, 69.99, 'pendente', '2025-06-19 02:42:11', '2025-06-19 02:42:11', NULL, NULL, 'a_vista', 1),
(75, 39, 2, 54.99, 'pendente', '2025-06-19 04:39:38', '2025-06-19 04:39:38', NULL, NULL, 'a_vista', 1),
(76, 42, 1, 320.80, 'pendente', '2025-06-19 19:01:03', '2025-06-19 19:15:12', NULL, 88.88, 'a_vista', 1),
(77, 42, 1, 490.02, 'pendente', '2025-06-19 19:07:44', '2025-06-19 19:22:54', NULL, 45.44, 'a_vista', 1),
(78, 42, 1, 433.71, 'pendente', '2025-06-19 19:08:13', '2025-06-19 19:10:48', NULL, 325.29, 'parcelado', 4),
(79, 42, 1, 350.90, 'pendente', '2025-06-19 19:13:20', '2025-06-19 19:13:20', NULL, NULL, 'a_vista', 1),
(80, 42, 1, 373.12, 'pendente', '2025-06-19 19:13:46', '2025-06-19 19:17:09', NULL, 223.86, 'parcelado', 5),
(81, 42, 1, 510.80, 'pendente', '2025-06-21 04:35:25', '2025-06-21 04:36:07', NULL, 170.27, 'parcelado', 3);

-- --------------------------------------------------------

--
-- Estrutura para tabela `sale_items`
--

CREATE TABLE `sale_items` (
  `id` int NOT NULL,
  `sale_id` int NOT NULL,
  `product_id` int NOT NULL,
  `quantity` int NOT NULL,
  `price` decimal(10,2) NOT NULL,
  `created_at` timestamp NULL DEFAULT CURRENT_TIMESTAMP,
  `updated_at` timestamp NULL DEFAULT CURRENT_TIMESTAMP ON UPDATE CURRENT_TIMESTAMP,
  `price_sale` decimal(10,2) NOT NULL
) ENGINE=InnoDB DEFAULT CHARSET=utf8mb4 COLLATE=utf8mb4_0900_ai_ci;

--
-- Despejando dados para a tabela `sale_items`
--

INSERT INTO `sale_items` (`id`, `sale_id`, `product_id`, `quantity`, `price`, `created_at`, `updated_at`, `price_sale`) VALUES
(202, 33, 141, 1, 20.92, '2025-04-03 05:15:38', '2025-04-03 05:15:38', 27.90),
(203, 33, 191, 1, 29.00, '2025-04-03 05:15:38', '2025-04-03 05:15:38', 47.90),
(210, 36, 170, 1, 31.92, '2025-04-03 05:35:53', '2025-04-03 05:35:53', 54.90),
(211, 36, 194, 1, 31.88, '2025-04-03 05:35:53', '2025-04-03 05:35:53', 69.99),
(214, 22, 44, 1, 50.92, '2025-04-03 05:39:26', '2025-04-03 05:39:26', 59.90),
(215, 22, 46, 1, 131.66, '2025-04-03 05:39:26', '2025-04-03 05:39:26', 157.90),
(289, 13, 120, 1, 89.93, '2025-04-20 03:42:55', '2025-05-13 20:42:07', 142.89),
(290, 13, 125, 1, 135.92, '2025-04-20 03:42:55', '2025-04-20 03:42:55', 159.90),
(298, 18, 118, 1, 149.93, '2025-04-20 03:43:34', '2025-04-20 03:43:34', 199.90),
(310, 26, 82, 1, 123.92, '2025-04-20 03:44:33', '2025-04-20 03:44:33', 154.90),
(311, 14, 113, 1, 152.92, '2025-04-20 03:44:44', '2025-04-20 03:44:44', 179.90),
(334, 45, 41, 1, 94.43, '2025-04-20 03:45:27', '2025-04-20 03:45:27', 134.90),
(335, 45, 52, 1, 23.09, '2025-04-20 03:45:27', '2025-05-13 21:31:11', 44.90),
(336, 13, 144, 1, 39.74, '2025-04-20 03:45:40', '2025-05-13 17:50:20', 52.99),
(337, 13, 203, 1, 28.72, '2025-04-20 03:45:40', '2025-05-13 17:50:20', 54.99),
(338, 13, 204, 1, 28.72, '2025-04-20 03:45:40', '2025-05-13 20:56:44', 69.90),
(339, 43, 200, 1, 317.82, '2025-04-20 03:45:56', '2025-04-20 03:45:56', 373.90),
(340, 19, 152, 1, 152.92, '2025-04-20 03:46:20', '2025-04-20 03:46:20', 179.90),
(341, 19, 159, 1, 56.02, '2025-04-20 03:46:20', '2025-04-20 03:46:20', 65.90),
(342, 20, 66, 2, 37.73, '2025-04-20 03:46:34', '2025-04-20 03:46:34', 53.90),
(343, 20, 77, 1, 34.93, '2025-04-20 03:46:34', '2025-04-20 03:46:34', 49.90),
(344, 23, 85, 1, 37.43, '2025-04-20 03:46:57', '2025-04-20 03:46:57', 49.91),
(345, 25, 162, 1, 46.66, '2025-04-20 03:47:22', '2025-04-20 03:47:22', 54.90),
(346, 25, 163, 1, 72.16, '2025-04-20 03:47:22', '2025-04-20 03:47:22', 84.90),
(347, 24, 58, 1, 38.16, '2025-04-20 03:47:51', '2025-04-20 03:47:51', 44.90),
(348, 24, 60, 1, 38.16, '2025-04-20 03:47:51', '2025-04-20 03:47:51', 44.90),
(349, 27, 119, 1, 127.42, '2025-04-20 03:48:33', '2025-04-20 03:48:33', 149.90),
(350, 31, 29, 1, 33.59, '2025-04-20 03:49:01', '2025-04-20 03:49:01', 47.99),
(351, 31, 30, 1, 34.99, '2025-04-20 03:49:01', '2025-04-20 03:49:01', 49.99),
(352, 31, 31, 1, 45.49, '2025-04-20 03:49:01', '2025-04-20 03:49:01', 64.99),
(353, 31, 110, 1, 90.93, '2025-04-20 03:49:01', '2025-04-20 03:49:01', 129.90),
(354, 31, 123, 1, 87.49, '2025-04-20 03:49:01', '2025-04-20 03:49:01', 124.98),
(355, 32, 32, 1, 33.59, '2025-04-20 03:49:19', '2025-04-20 03:49:19', 47.99),
(356, 32, 33, 1, 34.99, '2025-04-20 03:49:19', '2025-04-20 03:49:19', 49.99),
(357, 32, 34, 1, 48.99, '2025-04-20 03:49:19', '2025-04-20 03:49:19', 69.99),
(358, 32, 38, 1, 37.09, '2025-04-20 03:49:19', '2025-04-20 03:49:19', 52.99),
(359, 32, 40, 1, 38.16, '2025-04-20 03:49:19', '2025-04-20 03:49:19', 44.90),
(360, 32, 54, 1, 76.42, '2025-04-20 03:49:19', '2025-04-20 03:49:19', 89.91),
(361, 32, 59, 1, 87.42, '2025-04-20 03:49:19', '2025-04-20 03:49:19', 149.90),
(362, 32, 63, 1, 33.38, '2025-04-20 03:49:19', '2025-04-20 03:49:19', 47.69),
(363, 32, 66, 1, 37.73, '2025-04-20 03:49:19', '2025-04-20 03:49:19', 53.90),
(364, 32, 67, 1, 31.49, '2025-04-20 03:49:19', '2025-04-20 03:49:19', 44.99),
(365, 32, 74, 1, 31.43, '2025-04-20 03:49:19', '2025-04-20 03:49:19', 44.90),
(366, 32, 76, 1, 38.16, '2025-04-20 03:49:19', '2025-04-20 03:49:19', 44.90),
(367, 32, 77, 1, 34.93, '2025-04-20 03:49:19', '2025-04-20 03:49:19', 49.90),
(368, 32, 85, 1, 37.43, '2025-04-20 03:49:19', '2025-04-20 03:49:19', 49.91),
(369, 32, 107, 1, 97.93, '2025-04-20 03:49:19', '2025-04-20 03:49:19', 139.90),
(370, 32, 114, 1, 112.96, '2025-04-20 03:49:19', '2025-04-20 03:49:19', 132.90),
(371, 32, 121, 1, 69.93, '2025-04-20 03:49:19', '2025-04-20 03:49:19', 119.98),
(372, 32, 142, 1, 47.92, '2025-04-20 03:49:19', '2025-04-20 03:49:19', 63.90),
(373, 32, 189, 1, 19.00, '2025-04-20 03:49:19', '2025-04-20 03:49:19', 25.49),
(374, 32, 191, 1, 29.00, '2025-04-20 03:49:19', '2025-04-20 03:49:19', 47.90),
(375, 34, 48, 1, 23.03, '2025-04-20 03:49:51', '2025-04-20 03:49:51', 32.90),
(376, 34, 50, 1, 24.56, '2025-04-20 03:49:51', '2025-04-20 03:49:51', 35.09),
(377, 34, 67, 1, 31.49, '2025-04-20 03:49:51', '2025-04-20 03:49:51', 44.99),
(378, 41, 200, 1, 317.82, '2025-04-20 03:50:22', '2025-04-20 03:50:22', 373.90),
(382, 50, 52, 1, 23.09, '2025-04-25 03:14:47', '2025-04-25 03:14:47', 32.99),
(383, 50, 78, 1, 25.19, '2025-04-25 03:14:47', '2025-04-25 03:14:47', 35.99),
(384, 50, 143, 1, 24.68, '2025-04-25 03:14:47', '2025-04-25 03:14:47', 32.90),
(385, 50, 145, 1, 26.93, '2025-04-25 03:14:47', '2025-04-25 03:14:47', 35.90),
(390, 55, 239, 1, 32.22, '2025-05-13 20:27:12', '2025-05-13 20:27:12', 37.90),
(391, 55, 241, 1, 40.72, '2025-05-13 20:27:12', '2025-05-13 20:27:12', 47.90),
(392, 55, 253, 1, 140.16, '2025-05-13 20:27:12', '2025-05-13 20:27:12', 164.90),
(393, 55, 255, 1, 112.00, '2025-05-13 20:27:42', '2025-05-13 20:27:42', 189.90),
(394, 13, 56, 1, 89.93, '2025-05-13 20:40:14', '2025-05-13 17:50:20', 119.91),
(395, 13, 122, 1, 34.93, '2025-05-13 20:41:49', '2025-05-13 20:41:49', 54.98),
(396, 56, 235, 1, 56.02, '2025-05-13 21:07:52', '2025-05-13 21:07:52', 65.90),
(397, 56, 244, 1, 0.00, '2025-05-13 21:07:52', '2025-05-13 21:07:52', 27.90),
(399, 16, 41, 1, 94.43, '2025-05-13 21:18:36', '2025-05-13 21:18:36', 134.90),
(400, 16, 52, 1, 23.09, '2025-05-13 21:18:36', '2025-05-13 21:18:36', 32.99),
(401, 16, 53, 1, 88.16, '2025-05-13 21:18:36', '2025-05-13 21:18:36', 144.90),
(402, 16, 62, 1, 20.99, '2025-05-13 21:18:36', '2025-05-13 21:18:36', 29.99),
(403, 16, 67, 1, 31.49, '2025-05-13 21:18:36', '2025-05-13 21:18:36', 44.99),
(404, 46, 35, 1, 27.99, '2025-05-13 21:35:44', '2025-05-13 21:35:44', 49.99),
(405, 46, 37, 1, 26.87, '2025-05-13 21:35:44', '2025-05-13 21:35:44', 47.99),
(406, 46, 39, 2, 38.16, '2025-05-13 21:35:44', '2025-05-13 21:35:44', 44.90),
(407, 46, 42, 1, 46.83, '2025-05-13 21:35:44', '2025-05-13 21:35:44', 66.90),
(408, 46, 45, 1, 38.16, '2025-05-13 21:35:44', '2025-05-13 21:35:44', 44.90),
(409, 46, 47, 1, 0.00, '2025-05-13 21:35:44', '2025-05-13 21:35:44', 44.90),
(410, 46, 55, 1, 104.93, '2025-05-13 21:35:44', '2025-05-13 21:35:44', 149.90),
(411, 46, 67, 1, 31.49, '2025-05-13 21:35:44', '2025-05-13 21:37:06', 42.90),
(412, 46, 72, 1, 20.99, '2025-05-13 21:35:44', '2025-05-13 21:35:44', 39.99),
(413, 46, 73, 1, 27.99, '2025-05-13 21:35:44', '2025-05-13 21:35:44', 39.99),
(414, 46, 115, 1, 41.93, '2025-05-13 21:35:44', '2025-05-13 21:35:44', 59.90),
(415, 57, 190, 1, 120.00, '2025-05-13 21:40:49', '2025-05-13 21:40:49', 179.00),
(416, 58, 236, 1, 32.18, '2025-05-13 21:46:59', '2025-05-13 21:46:59', 42.90),
(417, 58, 237, 1, 33.68, '2025-05-13 21:46:59', '2025-05-13 21:46:59', 44.90),
(418, 59, 256, 1, 120.00, '2025-05-13 22:12:35', '2025-05-13 22:12:35', 175.00),
(419, 60, 257, 1, 85.00, '2025-05-13 22:13:01', '2025-05-13 22:13:01', 135.00),
(420, 61, 259, 1, 50.00, '2025-05-13 22:30:49', '2025-05-13 22:30:49', 70.00),
(421, 62, 259, 1, 50.00, '2025-05-13 22:32:02', '2025-05-13 22:32:02', 70.00),
(422, 63, 259, 1, 50.00, '2025-05-13 22:33:30', '2025-05-13 22:33:30', 70.00),
(430, 65, 250, 1, 65.37, '2025-05-18 21:55:33', '2025-05-18 21:55:33', 84.90),
(431, 66, 72, 1, 20.99, '2025-05-18 22:11:00', '2025-05-18 22:11:00', 29.98),
(432, 66, 107, 1, 97.93, '2025-05-18 22:11:00', '2025-05-18 22:11:00', 139.90),
(433, 66, 249, 1, 27.96, '2025-05-18 22:11:00', '2025-05-18 22:11:00', 32.90),
(438, 67, 312, 1, 27.12, '2025-05-18 22:21:05', '2025-05-18 22:21:05', 34.00),
(439, 67, 313, 1, 27.92, '2025-05-18 22:21:05', '2025-05-18 22:21:05', 35.00),
(440, 67, 314, 1, 27.92, '2025-05-18 22:21:05', '2025-05-18 22:21:05', 35.00),
(441, 67, 338, 1, 29.92, '2025-05-18 22:21:05', '2025-05-18 22:21:05', 39.90),
(442, 68, 243, 1, 158.86, '2025-05-18 22:26:49', '2025-05-18 22:26:49', 186.90),
(443, 21, 70, 1, 38.43, '2025-05-18 22:32:08', '2025-05-18 22:32:08', 54.90),
(444, 21, 71, 1, 31.43, '2025-05-18 22:32:08', '2025-05-18 22:32:08', 44.90),
(445, 21, 86, 1, 41.24, '2025-05-18 22:32:08', '2025-05-18 22:32:08', 54.99),
(446, 21, 87, 1, 29.99, '2025-05-18 22:32:08', '2025-05-18 22:32:08', 39.99),
(447, 21, 88, 1, 20.32, '2025-05-18 22:32:08', '2025-05-18 22:32:08', 23.90),
(448, 21, 91, 1, 35.99, '2025-05-18 22:32:08', '2025-05-18 22:32:08', 47.99),
(449, 21, 92, 1, 37.49, '2025-05-18 22:32:08', '2025-05-18 22:32:08', 49.99),
(450, 21, 93, 1, 37.42, '2025-05-18 22:32:08', '2025-05-18 22:32:08', 49.90),
(451, 21, 95, 1, 25.49, '2025-05-18 22:32:08', '2025-05-18 22:32:08', 33.99),
(454, 17, 36, 1, 169.92, '2025-05-18 22:36:17', '2025-05-18 22:36:17', 199.90),
(455, 17, 71, 1, 31.43, '2025-05-18 22:36:17', '2025-05-18 22:36:17', 44.90),
(456, 17, 186, 1, 58.03, '2025-05-18 22:36:17', '2025-05-18 22:36:17', 82.90),
(457, 17, 70, 1, 38.43, '2025-05-18 22:36:17', '2025-05-18 22:36:17', 54.90),
(458, 23, 80, 1, 69.62, '2025-05-18 22:42:36', '2025-05-18 22:42:36', 81.91),
(459, 23, 66, 1, 37.73, '2025-05-18 22:42:36', '2025-05-18 22:42:36', 53.90),
(460, 26, 139, 1, 127.42, '2025-05-18 22:45:38', '2025-05-18 22:45:38', 149.90),
(461, 69, 246, 1, 52.49, '2025-06-19 02:32:27', '2025-06-19 02:32:27', 69.99),
(462, 69, 254, 1, 0.00, '2025-06-19 02:32:27', '2025-06-19 02:32:27', 47.90),
(463, 69, 329, 1, 56.18, '2025-06-19 02:32:27', '2025-06-19 02:32:51', 119.90),
(464, 70, 234, 1, 101.92, '2025-06-19 02:33:54', '2025-06-19 02:33:54', 119.91),
(465, 71, 99, 1, 101.92, '2025-06-19 02:34:56', '2025-06-19 02:35:12', 180.00),
(466, 71, 127, 1, 58.56, '2025-06-19 02:34:56', '2025-06-19 02:35:30', 86.90),
(467, 71, 251, 1, 48.68, '2025-06-19 02:34:56', '2025-06-19 02:35:21', 69.90),
(468, 72, 315, 1, 79.91, '2025-06-19 02:39:07', '2025-06-19 02:39:37', 134.90),
(469, 72, 317, 1, 99.93, '2025-06-19 02:39:07', '2025-06-19 02:39:26', 124.90),
(470, 73, 310, 1, 35.92, '2025-06-19 02:40:30', '2025-06-19 02:40:47', 59.90),
(471, 74, 309, 1, 48.99, '2025-06-19 02:42:11', '2025-06-19 02:42:11', 69.99),
(472, 67, 240, 1, 38.16, '2025-06-19 02:42:48', '2025-06-19 02:42:48', 44.90),
(473, 23, 319, 1, 67.92, '2025-06-19 02:46:27', '2025-06-19 02:46:41', 89.90),
(474, 68, 341, 1, 86.93, '2025-06-19 02:48:13', '2025-06-19 02:48:13', 115.91),
(475, 75, 318, 1, 43.99, '2025-06-19 04:39:38', '2025-06-19 04:39:38', 54.99),
(476, 76, 455, 1, 25.19, '2025-06-19 19:01:03', '2025-06-19 19:01:03', 159.90),
(477, 76, 457, 1, 25.90, '2025-06-19 19:01:03', '2025-06-19 19:01:03', 160.90),
(478, 77, 458, 1, 20.00, '2025-06-19 19:07:44', '2025-06-19 19:07:44', 190.00),
(479, 77, 459, 1, 11.11, '2025-06-19 19:07:44', '2025-06-19 19:07:44', 22.22),
(480, 77, 462, 1, 32.22, '2025-06-19 19:07:44', '2025-06-19 19:07:44', 37.90),
(481, 77, 463, 1, 203.92, '2025-06-19 19:07:44', '2025-06-19 19:07:44', 239.90),
(482, 78, 460, 1, 152.92, '2025-06-19 19:08:13', '2025-06-19 19:08:13', 179.90),
(483, 78, 461, 1, 109.42, '2025-06-19 19:08:13', '2025-06-19 19:08:13', 145.89),
(484, 78, 464, 1, 80.94, '2025-06-19 19:08:13', '2025-06-19 19:08:13', 107.92),
(485, 79, 457, 1, 25.90, '2025-06-19 19:13:20', '2025-06-19 19:13:20', 160.90),
(486, 79, 458, 1, 20.00, '2025-06-19 19:13:20', '2025-06-19 19:13:20', 190.00),
(487, 80, 457, 1, 25.90, '2025-06-19 19:13:46', '2025-06-19 19:13:46', 160.90),
(488, 80, 458, 1, 20.00, '2025-06-19 19:13:46', '2025-06-19 19:13:46', 190.00),
(489, 80, 459, 1, 11.11, '2025-06-19 19:13:46', '2025-06-19 19:13:46', 22.22),
(490, 81, 455, 1, 25.19, '2025-06-21 04:35:25', '2025-06-21 04:35:25', 159.90),
(491, 81, 457, 1, 25.90, '2025-06-21 04:35:25', '2025-06-21 04:35:25', 160.90),
(492, 81, 458, 1, 20.00, '2025-06-21 04:35:25', '2025-06-21 04:35:25', 190.00);

-- --------------------------------------------------------

--
-- Estrutura para tabela `sale_payments`
--

CREATE TABLE `sale_payments` (
  `id` int NOT NULL,
  `sale_id` int NOT NULL,
  `amount_paid` decimal(10,2) NOT NULL,
  `payment_method` varchar(75) NOT NULL,
  `created_at` timestamp NULL DEFAULT CURRENT_TIMESTAMP,
  `updated_at` timestamp NULL DEFAULT CURRENT_TIMESTAMP ON UPDATE CURRENT_TIMESTAMP,
  `payment_date` varchar(45) DEFAULT NULL
) ENGINE=InnoDB DEFAULT CHARSET=utf8mb4 COLLATE=utf8mb4_0900_ai_ci;

--
-- Despejando dados para a tabela `sale_payments`
--

INSERT INTO `sale_payments` (`id`, `sale_id`, `amount_paid`, `payment_method`, `created_at`, `updated_at`, `payment_date`) VALUES
(35, 21, 153.78, 'Dinheiro', '2025-03-26 05:23:59', '2025-03-26 05:23:59', '2025-01-03'),
(43, 13, 71.44, 'PIX', '2025-05-13 20:42:54', '2025-05-13 20:42:54', '2024-12-01'),
(44, 13, 126.44, 'PIX', '2025-05-13 20:44:37', '2025-05-13 20:44:37', '2025/01/07'),
(45, 13, 86.00, 'PIX', '2025-05-13 20:44:37', '2025-05-13 21:00:20', '2025-01-23'),
(46, 14, 179.90, 'Dinheiro', '2025-05-13 20:45:01', '2025-05-15 03:19:30', '2025-01-31'),
(47, 13, 100.00, 'PIX', '2025-05-13 20:55:02', '2025-05-13 20:55:02', '2025/03/15'),
(48, 13, 86.00, 'PIX', '2025-05-13 20:55:02', '2025-05-13 20:55:02', '2025/04/17'),
(49, 16, 150.00, 'PIX', '2025-05-13 21:29:40', '2025-05-13 21:29:40', '2025/04/24'),
(50, 46, 225.72, 'PIX', '2025-05-13 21:34:07', '2025-05-13 21:34:07', '2025/01/07'),
(51, 46, 225.72, 'PIX', '2025-05-13 21:37:48', '2025-05-13 21:37:48', '2025-02-12'),
(52, 57, 175.00, 'PIX', '2025-05-13 21:41:49', '2025-05-13 21:41:49', '2025/04/15'),
(53, 34, 50.00, 'Cartão de Crédito', '2025-05-13 21:48:42', '2025-05-13 21:48:42', '2025/04/14'),
(54, 34, 62.98, 'Dinheiro', '2025-05-13 21:48:42', '2025-05-15 03:30:48', '2025-04-14'),
(55, 60, 135.00, 'Dinheiro', '2025-05-13 22:14:12', '2025-05-15 03:30:41', '2025-04-19'),
(56, 36, 41.16, 'PIX', '2025-05-13 22:15:27', '2025-05-13 22:15:27', '2025/04/19'),
(57, 22, 72.60, 'PIX', '2025-05-13 22:19:57', '2025-05-18 21:34:07', '2025-03-10'),
(58, 61, 70.00, 'PIX', '2025-05-13 22:31:17', '2025-05-15 03:30:44', '2025-05-09'),
(59, 62, 70.00, 'PIX', '2025-05-13 22:32:49', '2025-05-15 03:29:10', '2025-05-09'),
(60, 63, 70.00, 'PIX', '2025-05-13 22:34:02', '2025-05-15 03:29:36', '2025-03-17'),
(61, 18, 199.90, 'PIX', '2025-05-13 22:37:22', '2025-05-15 03:21:45', '2025-05-13'),
(62, 19, 245.80, 'PIX', '2025-05-13 22:37:50', '2025-05-15 03:22:08', '2025-05-13'),
(63, 20, 157.70, 'PIX', '2025-05-13 22:39:56', '2025-05-15 03:22:20', '2025-05-13'),
(64, 24, 89.80, 'PIX', '2025-05-15 03:23:13', '2025-05-15 03:23:13', '2025/05/14'),
(72, 22, 72.60, 'Dinheiro', '2025-05-18 21:35:33', '2025-05-18 21:35:33', '2025/02/09'),
(73, 22, 72.60, 'PIX', '2025-05-18 21:36:00', '2025-05-18 21:36:00', '2025/01/07'),
(74, 25, 54.90, 'PIX', '2025-05-18 21:45:59', '2025-05-18 21:45:59', '2025/02/06'),
(75, 25, 84.90, 'Dinheiro', '2025-05-18 21:46:37', '2025-05-18 21:46:37', '2025/02/20'),
(76, 41, 93.47, 'PIX', '2025-05-18 21:49:29', '2025-05-18 21:52:06', '2025-04-03'),
(77, 41, 93.47, 'PIX', '2025-05-18 21:50:45', '2025-05-18 21:52:12', '2025-04-17'),
(78, 41, 93.47, 'PIX', '2025-05-18 21:51:16', '2025-05-18 21:52:18', '2025-05-05'),
(79, 33, 75.80, 'Dinheiro', '2025-05-18 22:12:07', '2025-05-18 22:12:07', '2025/04/08'),
(80, 50, 137.78, 'PIX', '2025-05-18 22:26:28', '2025-05-18 22:26:28', '2025/05/18'),
(81, 68, 186.90, 'Dinheiro', '2025-05-18 22:27:09', '2025-05-18 22:27:09', '2025/05/18'),
(82, 17, 66.43, 'PIX', '2025-05-18 22:39:29', '2025-05-18 22:39:29', '2024/11/14'),
(83, 17, 66.43, 'PIX', '2025-05-18 22:39:29', '2025-05-18 22:39:29', '2024/12/23'),
(84, 17, 66.43, 'PIX', '2025-05-18 22:39:29', '2025-05-18 22:39:29', '2025/01/11'),
(85, 17, 95.35, 'PIX', '2025-05-18 22:39:56', '2025-05-18 22:39:56', '2025/03/07'),
(86, 26, 101.60, 'PIX', '2025-05-18 22:46:35', '2025-05-18 22:46:35', '2025/04/13'),
(87, 26, 101.60, 'PIX', '2025-05-18 22:46:35', '2025-05-18 22:46:35', '2025/05/15'),
(88, 26, 101.60, 'PIX', '2025-05-18 22:46:35', '2025-05-18 22:46:35', '2025/03/14'),
(89, 73, 59.90, 'Dinheiro', '2025-06-19 02:41:00', '2025-06-19 02:41:00', '2025/06/05'),
(90, 58, 87.80, 'Dinheiro', '2025-06-19 02:41:43', '2025-06-19 02:41:43', '2025/06/06'),
(91, 46, 225.72, 'PIX', '2025-06-19 02:43:25', '2025-06-19 02:43:25', '2025/06/06'),
(92, 55, 146.86, 'Dinheiro', '2025-06-19 02:43:49', '2025-06-19 02:43:49', '2025/06/07'),
(93, 32, 400.00, 'PIX', '2025-06-19 02:45:21', '2025-06-19 02:45:21', '2025/06/07'),
(95, 78, 108.43, 'parcela', '2025-06-19 19:10:32', '2025-06-19 19:10:32', '2025-06-19'),
(96, 78, 108.43, 'parcela', '2025-06-19 19:10:37', '2025-06-19 19:10:37', '2025-06-19'),
(97, 78, 108.43, 'Dinheiro', '2025-06-19 19:11:16', '2025-06-19 19:11:16', '2025/06/19'),
(98, 80, 74.62, 'Dinheiro', '2025-06-19 19:14:02', '2025-06-19 19:14:08', '2025-06-19'),
(99, 76, 88.88, 'Dinheiro', '2025-06-19 19:15:12', '2025-06-19 19:15:12', '2025/06/19'),
(100, 80, 74.62, 'parcela', '2025-06-19 19:16:17', '2025-06-19 19:16:17', '2025-06-19'),
(101, 80, 74.62, 'parcela', '2025-06-19 19:17:09', '2025-06-19 19:17:09', '2025-06-19'),
(102, 77, 45.44, 'Dinheiro', '2025-06-19 19:22:54', '2025-06-19 19:22:54', '2025/06/19'),
(104, 81, 170.27, 'parcela', '2025-06-21 04:36:07', '2025-06-21 04:36:07', '2025-06-06');

-- --------------------------------------------------------

--
-- Estrutura para tabela `segment`
--

CREATE TABLE `segment` (
  `id` int NOT NULL,
  `name` varchar(255) CHARACTER SET utf8mb4 COLLATE utf8mb4_unicode_ci NOT NULL,
  `description` text CHARACTER SET utf8mb4 COLLATE utf8mb4_unicode_ci,
  `category_id` int DEFAULT NULL,
  `user_id` bigint UNSIGNED DEFAULT NULL,
  `created_at` timestamp NULL DEFAULT CURRENT_TIMESTAMP,
  `updated_at` timestamp NULL DEFAULT CURRENT_TIMESTAMP ON UPDATE CURRENT_TIMESTAMP
) ENGINE=InnoDB DEFAULT CHARSET=utf8mb4 COLLATE=utf8mb4_unicode_ci;

-- --------------------------------------------------------

--
-- Estrutura para tabela `targets`
--

CREATE TABLE `targets` (
  `id` int NOT NULL,
  `title` varchar(255) CHARACTER SET utf8mb4 COLLATE utf8mb4_unicode_ci NOT NULL DEFAULT 'Default Title',
  `target_date` date DEFAULT NULL,
  `description` varchar(255) CHARACTER SET utf8mb4 COLLATE utf8mb4_unicode_ci DEFAULT NULL,
  `value` decimal(10,2) DEFAULT NULL,
  `is_completed` tinyint(1) DEFAULT '0',
  `user_id` bigint UNSIGNED NOT NULL
) ENGINE=InnoDB DEFAULT CHARSET=utf8mb4 COLLATE=utf8mb4_unicode_ci;

-- --------------------------------------------------------

--
-- Estrutura para tabela `type`
--

CREATE TABLE `type` (
  `id_type` int NOT NULL,
  `desc_type` varchar(45) NOT NULL,
  `hexcolor_type` varchar(45) DEFAULT NULL,
  `icon_type` varchar(45) DEFAULT NULL
) ENGINE=InnoDB DEFAULT CHARSET=utf8mb4 COLLATE=utf8mb4_0900_ai_ci;

--
-- Despejando dados para a tabela `type`
--

INSERT INTO `type` (`id_type`, `desc_type`, `hexcolor_type`, `icon_type`) VALUES
(1, 'Receita', '#18bc9c', ''),
(2, 'Despesa', '#e74c3c', '');

-- --------------------------------------------------------

--
-- Estrutura para tabela `users`
--

CREATE TABLE `users` (
  `id` bigint UNSIGNED NOT NULL,
  `active_bank_id` int DEFAULT NULL,
  `name` varchar(255) CHARACTER SET utf8mb4 COLLATE utf8mb4_unicode_ci NOT NULL,
  `email` varchar(255) CHARACTER SET utf8mb4 COLLATE utf8mb4_unicode_ci NOT NULL,
  `password` varchar(255) CHARACTER SET utf8mb4 COLLATE utf8mb4_unicode_ci DEFAULT NULL,
  `phone` varchar(20) CHARACTER SET utf8mb4 COLLATE utf8mb4_unicode_ci DEFAULT NULL,
  `location` varchar(255) CHARACTER SET utf8mb4 COLLATE utf8mb4_unicode_ci DEFAULT NULL,
  `about_me` varchar(255) CHARACTER SET utf8mb4 COLLATE utf8mb4_unicode_ci DEFAULT NULL,
  `profile_picture` varchar(255) CHARACTER SET utf8mb4 COLLATE utf8mb4_unicode_ci DEFAULT NULL,
  `remember_token` varchar(100) CHARACTER SET utf8mb4 COLLATE utf8mb4_unicode_ci DEFAULT NULL,
  `created_at` timestamp NULL DEFAULT NULL,
  `updated_at` timestamp NULL DEFAULT NULL,
  `role_id` int NOT NULL,
  `userscol` varchar(45) CHARACTER SET utf8mb4 COLLATE utf8mb4_unicode_ci DEFAULT NULL,
  `google_id` varchar(255) CHARACTER SET utf8mb4 COLLATE utf8mb4_unicode_ci DEFAULT NULL
) ENGINE=InnoDB DEFAULT CHARSET=utf8mb4 COLLATE=utf8mb4_unicode_ci;

--
-- Despejando dados para a tabela `users`
--

INSERT INTO `users` (`id`, `active_bank_id`, `name`, `email`, `password`, `phone`, `location`, `about_me`, `profile_picture`, `remember_token`, `created_at`, `updated_at`, `role_id`, `userscol`, `google_id`) VALUES
(1, NULL, 'admin', 'admin@softui.com', '$2y$10$r3PVcQgRmcwRR9DbRZ.QtuD8LMrfTCVUmYK1BqgS/Ml/qv7BU.kuy', NULL, NULL, NULL, 'profile_pictures/profile_1750683374.png', NULL, '2025-02-20 02:25:44', '2025-06-23 15:56:15', 2, NULL, NULL),
(2, NULL, 'Marco Antonio Bubola', 'marcobubola@hotmail.com', '$2y$10$5UK9.xpZxp95iO/y0JoRVO6WO0wWj5kv3zu6hpgOhqXoEzZA6qADK', '+55 (19) 984122111', NULL, 'salve', 'profile_pictures/profile_1740104315.png', NULL, '2025-02-20 02:46:57', '2025-05-01 02:54:30', 1, NULL, '110177634252797193973'),
(5, NULL, 'teste', 'teste@hotmail.com', '$2y$10$2dpR1vJ0v9utJyefNrf95ONR72Wki8CS1dD9Dqh4Z5c88FY4VkmN6', NULL, NULL, NULL, NULL, NULL, '2025-04-30 20:01:35', '2025-04-30 20:01:35', 2, NULL, NULL),
(9, NULL, 'lkndas dasda', 'oumashum999@gmail.com', NULL, NULL, NULL, NULL, NULL, NULL, '2025-05-01 02:44:12', '2025-05-01 02:44:12', 2, NULL, '103273328372218023458'),
(15, NULL, 'ana carolina', 'anacarolinafreire123@gmail.com', NULL, NULL, NULL, NULL, NULL, NULL, '2025-05-01 04:57:28', '2025-05-01 04:57:28', 2, NULL, '114330395399540401215'),
(16, NULL, 'BF Store Time', 'bfstoretime@gmail.com', NULL, NULL, NULL, NULL, NULL, NULL, '2025-05-01 04:59:00', '2025-05-01 04:59:00', 2, NULL, '101886177208432309288');

-- --------------------------------------------------------

--
-- Estrutura para tabela `venda_parcelas`
--

CREATE TABLE `venda_parcelas` (
  `id` bigint UNSIGNED NOT NULL,
  `sale_id` int NOT NULL,
  `numero_parcela` int NOT NULL,
  `valor` decimal(10,2) NOT NULL,
  `data_vencimento` date NOT NULL,
  `status` enum('pendente','paga','vencida') COLLATE utf8mb4_unicode_ci NOT NULL DEFAULT 'pendente',
  `pago_em` datetime DEFAULT NULL,
  `created_at` timestamp NULL DEFAULT CURRENT_TIMESTAMP,
  `updated_at` timestamp NULL DEFAULT CURRENT_TIMESTAMP ON UPDATE CURRENT_TIMESTAMP
) ENGINE=InnoDB DEFAULT CHARSET=utf8mb4 COLLATE=utf8mb4_unicode_ci;

--
-- Despejando dados para a tabela `venda_parcelas`
--

INSERT INTO `venda_parcelas` (`id`, `sale_id`, `numero_parcela`, `valor`, `data_vencimento`, `status`, `pago_em`, `created_at`, `updated_at`) VALUES
(1, 78, 1, 108.43, '2025-06-19', 'paga', '2025-06-19 00:00:00', '2025-06-19 19:08:13', '2025-06-19 19:10:37'),
(2, 78, 2, 108.43, '2025-07-19', 'paga', '2025-06-19 00:00:00', '2025-06-19 19:08:13', '2025-06-19 19:10:32'),
(3, 78, 3, 108.43, '2025-08-19', 'paga', '2025-06-19 00:00:00', '2025-06-19 19:08:13', '2025-06-19 19:10:05'),
(4, 78, 4, 108.43, '2025-09-19', 'paga', '2025-06-19 00:00:00', '2025-06-19 19:08:13', '2025-06-19 19:08:27'),
(5, 80, 1, 74.62, '2025-06-19', 'pendente', NULL, '2025-06-19 19:13:46', '2025-06-19 19:13:46'),
(6, 80, 2, 74.62, '2025-07-19', 'pendente', NULL, '2025-06-19 19:13:46', '2025-06-19 19:13:46'),
(7, 80, 3, 74.62, '2025-08-19', 'paga', '2025-06-19 00:00:00', '2025-06-19 19:13:46', '2025-06-19 19:17:09'),
(8, 80, 4, 74.62, '2025-09-19', 'paga', '2025-06-19 00:00:00', '2025-06-19 19:13:46', '2025-06-19 19:16:17'),
(9, 80, 5, 74.62, '2025-10-19', 'paga', '2025-06-19 00:00:00', '2025-06-19 19:13:46', '2025-06-19 19:14:02'),
(10, 81, 1, 170.27, '2025-06-21', 'paga', '2025-06-06 00:00:00', '2025-06-21 04:35:25', '2025-06-21 04:36:07'),
(11, 81, 2, 170.27, '2025-07-21', 'pendente', NULL, '2025-06-21 04:35:26', '2025-06-21 04:35:26'),
(12, 81, 3, 170.27, '2025-08-21', 'pendente', NULL, '2025-06-21 04:35:26', '2025-06-21 04:35:26');

--
-- Índices para tabelas despejadas
--

--
-- Índices de tabela `banks`
--
ALTER TABLE `banks`
  ADD PRIMARY KEY (`id_bank`),
  ADD KEY `idx_banks_user_id` (`user_id`);

--
-- Índices de tabela `cashbook`
--
ALTER TABLE `cashbook`
  ADD PRIMARY KEY (`id`),
  ADD KEY `category_id` (`category_id`),
  ADD KEY `type_id` (`type_id`),
  ADD KEY `segment_id` (`segment_id`),
  ADD KEY `date` (`date`),
  ADD KEY `idx_cashbook_date` (`date`),
  ADD KEY `idx_cashbook_user_id` (`user_id`),
  ADD KEY `cashbook_fk_id_bank` (`id_bank`),
  ADD KEY `fk_cashbook_clients` (`client_id`),
  ADD KEY `cashbook_cofrinho_id_foreign` (`cofrinho_id`);

--
-- Índices de tabela `category`
--
ALTER TABLE `category`
  ADD PRIMARY KEY (`id_category`),
  ADD KEY `idx_category_user_id` (`user_id`),
  ADD KEY `fk_category_banks` (`id_bank`),
  ADD KEY `fk_category_clients` (`id_clients`);

--
-- Índices de tabela `clients`
--
ALTER TABLE `clients`
  ADD PRIMARY KEY (`id`),
  ADD KEY `idx_clients_user_id` (`user_id`),
  ADD KEY `idx_clients_name` (`name`);

--
-- Índices de tabela `cofrinhos`
--
ALTER TABLE `cofrinhos`
  ADD PRIMARY KEY (`id`),
  ADD KEY `user_id` (`user_id`);

--
-- Índices de tabela `events`
--
ALTER TABLE `events`
  ADD PRIMARY KEY (`id`);

--
-- Índices de tabela `failed_jobs`
--
ALTER TABLE `failed_jobs`
  ADD PRIMARY KEY (`id`),
  ADD UNIQUE KEY `failed_jobs_uuid_unique` (`uuid`);

--
-- Índices de tabela `invoice`
--
ALTER TABLE `invoice`
  ADD PRIMARY KEY (`id_invoice`),
  ADD KEY `id_bank` (`id_bank`),
  ADD KEY `category_id` (`category_id`),
  ADD KEY `idx_invoice_user_id` (`user_id`),
  ADD KEY `idx_invoice_value` (`value`),
  ADD KEY `fk_invoice_clients` (`client_id`);

--
-- Índices de tabela `lancamentos_recorrentes`
--
ALTER TABLE `lancamentos_recorrentes`
  ADD PRIMARY KEY (`id`),
  ADD KEY `user_id` (`user_id`),
  ADD KEY `type_id` (`type_id`),
  ADD KEY `category_id` (`category_id`);

--
-- Índices de tabela `migrations`
--
ALTER TABLE `migrations`
  ADD PRIMARY KEY (`id`);

--
-- Índices de tabela `orcamentos`
--
ALTER TABLE `orcamentos`
  ADD PRIMARY KEY (`id`),
  ADD UNIQUE KEY `usuario_categoria_periodo` (`user_id`,`category_id`,`mes`,`ano`),
  ADD KEY `category_id` (`category_id`);

--
-- Índices de tabela `password_resets`
--
ALTER TABLE `password_resets`
  ADD KEY `password_resets_email_index` (`email`);

--
-- Índices de tabela `personal_access_tokens`
--
ALTER TABLE `personal_access_tokens`
  ADD PRIMARY KEY (`id`),
  ADD UNIQUE KEY `personal_access_tokens_token_unique` (`token`),
  ADD KEY `personal_access_tokens_tokenable_type_tokenable_id_index` (`tokenable_type`,`tokenable_id`);

--
-- Índices de tabela `products`
--
ALTER TABLE `products`
  ADD PRIMARY KEY (`id`),
  ADD KEY `idx_products_category_id` (`category_id`),
  ADD KEY `idx_products_user_id` (`user_id`);

--
-- Índices de tabela `produto_componentes`
--
ALTER TABLE `produto_componentes`
  ADD PRIMARY KEY (`id`),
  ADD KEY `kit_produto_id` (`kit_produto_id`),
  ADD KEY `componente_produto_id` (`componente_produto_id`);

--
-- Índices de tabela `role`
--
ALTER TABLE `role`
  ADD PRIMARY KEY (`id`);

--
-- Índices de tabela `sales`
--
ALTER TABLE `sales`
  ADD PRIMARY KEY (`id`),
  ADD KEY `idx_sales_client_id` (`client_id`),
  ADD KEY `idx_sales_user_id` (`user_id`);

--
-- Índices de tabela `sale_items`
--
ALTER TABLE `sale_items`
  ADD PRIMARY KEY (`id`),
  ADD KEY `idx_sale_items_sale_id` (`sale_id`),
  ADD KEY `idx_sale_items_product_id` (`product_id`);

--
-- Índices de tabela `sale_payments`
--
ALTER TABLE `sale_payments`
  ADD PRIMARY KEY (`id`),
  ADD KEY `sale_id` (`sale_id`);

--
-- Índices de tabela `segment`
--
ALTER TABLE `segment`
  ADD PRIMARY KEY (`id`),
  ADD KEY `idx_segment_category_id` (`category_id`),
  ADD KEY `idx_segment_user_id` (`user_id`);

--
-- Índices de tabela `targets`
--
ALTER TABLE `targets`
  ADD PRIMARY KEY (`id`),
  ADD KEY `idx_targets_user_id` (`user_id`),
  ADD KEY `idx_targets_target_date` (`target_date`);

--
-- Índices de tabela `type`
--
ALTER TABLE `type`
  ADD PRIMARY KEY (`id_type`),
  ADD KEY `idx_type_desc_type` (`desc_type`);

--
-- Índices de tabela `users`
--
ALTER TABLE `users`
  ADD PRIMARY KEY (`id`),
  ADD UNIQUE KEY `users_email_unique` (`email`),
  ADD KEY `idx_users_email` (`email`),
  ADD KEY `fk_active_bank` (`active_bank_id`);

--
-- Índices de tabela `venda_parcelas`
--
ALTER TABLE `venda_parcelas`
  ADD PRIMARY KEY (`id`),
  ADD KEY `sale_id` (`sale_id`);

--
-- AUTO_INCREMENT para tabelas despejadas
--

--
-- AUTO_INCREMENT de tabela `banks`
--
ALTER TABLE `banks`
  MODIFY `id_bank` int NOT NULL AUTO_INCREMENT, AUTO_INCREMENT=23;

--
-- AUTO_INCREMENT de tabela `cashbook`
--
ALTER TABLE `cashbook`
  MODIFY `id` int NOT NULL AUTO_INCREMENT, AUTO_INCREMENT=2887;

--
-- AUTO_INCREMENT de tabela `category`
--
ALTER TABLE `category`
  MODIFY `id_category` int NOT NULL AUTO_INCREMENT, AUTO_INCREMENT=1044;

--
-- AUTO_INCREMENT de tabela `clients`
--
ALTER TABLE `clients`
  MODIFY `id` int NOT NULL AUTO_INCREMENT, AUTO_INCREMENT=43;

--
-- AUTO_INCREMENT de tabela `cofrinhos`
--
ALTER TABLE `cofrinhos`
  MODIFY `id` int NOT NULL AUTO_INCREMENT, AUTO_INCREMENT=6;

--
-- AUTO_INCREMENT de tabela `events`
--
ALTER TABLE `events`
  MODIFY `id` bigint NOT NULL AUTO_INCREMENT, AUTO_INCREMENT=9;

--
-- AUTO_INCREMENT de tabela `failed_jobs`
--
ALTER TABLE `failed_jobs`
  MODIFY `id` bigint UNSIGNED NOT NULL AUTO_INCREMENT;

--
-- AUTO_INCREMENT de tabela `invoice`
--
ALTER TABLE `invoice`
  MODIFY `id_invoice` int NOT NULL AUTO_INCREMENT, AUTO_INCREMENT=657;

--
-- AUTO_INCREMENT de tabela `lancamentos_recorrentes`
--
ALTER TABLE `lancamentos_recorrentes`
  MODIFY `id` bigint UNSIGNED NOT NULL AUTO_INCREMENT;

--
-- AUTO_INCREMENT de tabela `migrations`
--
ALTER TABLE `migrations`
  MODIFY `id` int UNSIGNED NOT NULL AUTO_INCREMENT, AUTO_INCREMENT=5;

--
-- AUTO_INCREMENT de tabela `orcamentos`
--
ALTER TABLE `orcamentos`
  MODIFY `id` bigint UNSIGNED NOT NULL AUTO_INCREMENT;

--
-- AUTO_INCREMENT de tabela `personal_access_tokens`
--
ALTER TABLE `personal_access_tokens`
  MODIFY `id` bigint UNSIGNED NOT NULL AUTO_INCREMENT;

--
-- AUTO_INCREMENT de tabela `products`
--
ALTER TABLE `products`
  MODIFY `id` int NOT NULL AUTO_INCREMENT, AUTO_INCREMENT=465;

--
-- AUTO_INCREMENT de tabela `produto_componentes`
--
ALTER TABLE `produto_componentes`
  MODIFY `id` bigint UNSIGNED NOT NULL AUTO_INCREMENT, AUTO_INCREMENT=4;

--
-- AUTO_INCREMENT de tabela `role`
--
ALTER TABLE `role`
  MODIFY `id` int NOT NULL AUTO_INCREMENT, AUTO_INCREMENT=3;

--
-- AUTO_INCREMENT de tabela `sales`
--
ALTER TABLE `sales`
  MODIFY `id` int NOT NULL AUTO_INCREMENT, AUTO_INCREMENT=82;

--
-- AUTO_INCREMENT de tabela `sale_items`
--
ALTER TABLE `sale_items`
  MODIFY `id` int NOT NULL AUTO_INCREMENT, AUTO_INCREMENT=493;

--
-- AUTO_INCREMENT de tabela `sale_payments`
--
ALTER TABLE `sale_payments`
  MODIFY `id` int NOT NULL AUTO_INCREMENT, AUTO_INCREMENT=105;

--
-- AUTO_INCREMENT de tabela `segment`
--
ALTER TABLE `segment`
  MODIFY `id` int NOT NULL AUTO_INCREMENT;

--
-- AUTO_INCREMENT de tabela `targets`
--
ALTER TABLE `targets`
  MODIFY `id` int NOT NULL AUTO_INCREMENT;

--
-- AUTO_INCREMENT de tabela `type`
--
ALTER TABLE `type`
  MODIFY `id_type` int NOT NULL AUTO_INCREMENT, AUTO_INCREMENT=3;

--
-- AUTO_INCREMENT de tabela `users`
--
ALTER TABLE `users`
  MODIFY `id` bigint UNSIGNED NOT NULL AUTO_INCREMENT, AUTO_INCREMENT=17;

--
-- AUTO_INCREMENT de tabela `venda_parcelas`
--
ALTER TABLE `venda_parcelas`
  MODIFY `id` bigint UNSIGNED NOT NULL AUTO_INCREMENT, AUTO_INCREMENT=13;

--
-- Restrições para tabelas despejadas
--

--
-- Restrições para tabelas `banks`
--
ALTER TABLE `banks`
  ADD CONSTRAINT `banks_ibfk_1` FOREIGN KEY (`user_id`) REFERENCES `users` (`id`) ON DELETE CASCADE;

--
-- Restrições para tabelas `cashbook`
--
ALTER TABLE `cashbook`
  ADD CONSTRAINT `cashbook_cofrinho_id_foreign` FOREIGN KEY (`cofrinho_id`) REFERENCES `cofrinhos` (`id`) ON DELETE SET NULL,
  ADD CONSTRAINT `cashbook_fk_id_bank` FOREIGN KEY (`id_bank`) REFERENCES `banks` (`id_bank`) ON DELETE SET NULL ON UPDATE CASCADE,
  ADD CONSTRAINT `cashbook_ibfk_1` FOREIGN KEY (`user_id`) REFERENCES `users` (`id`),
  ADD CONSTRAINT `cashbook_ibfk_2` FOREIGN KEY (`category_id`) REFERENCES `category` (`id_category`),
  ADD CONSTRAINT `cashbook_ibfk_3` FOREIGN KEY (`type_id`) REFERENCES `type` (`id_type`),
  ADD CONSTRAINT `cashbook_ibfk_4` FOREIGN KEY (`segment_id`) REFERENCES `segment` (`id`),
  ADD CONSTRAINT `fk_cashbook_clients` FOREIGN KEY (`client_id`) REFERENCES `clients` (`id`) ON DELETE SET NULL;

--
-- Restrições para tabelas `category`
--
ALTER TABLE `category`
  ADD CONSTRAINT `category_ibfk_1` FOREIGN KEY (`user_id`) REFERENCES `users` (`id`),
  ADD CONSTRAINT `fk_category_banks` FOREIGN KEY (`id_bank`) REFERENCES `banks` (`id_bank`) ON DELETE SET NULL,
  ADD CONSTRAINT `fk_category_clients` FOREIGN KEY (`id_clients`) REFERENCES `clients` (`id`) ON DELETE SET NULL;

--
-- Restrições para tabelas `clients`
--
ALTER TABLE `clients`
  ADD CONSTRAINT `clients_ibfk_1` FOREIGN KEY (`user_id`) REFERENCES `users` (`id`);

--
-- Restrições para tabelas `cofrinhos`
--
ALTER TABLE `cofrinhos`
  ADD CONSTRAINT `cofrinhos_ibfk_1` FOREIGN KEY (`user_id`) REFERENCES `users` (`id`);

--
-- Restrições para tabelas `invoice`
--
ALTER TABLE `invoice`
  ADD CONSTRAINT `fk_invoice_clients` FOREIGN KEY (`client_id`) REFERENCES `clients` (`id`) ON DELETE SET NULL,
  ADD CONSTRAINT `invoice_ibfk_1` FOREIGN KEY (`user_id`) REFERENCES `users` (`id`),
  ADD CONSTRAINT `invoice_ibfk_2` FOREIGN KEY (`id_bank`) REFERENCES `banks` (`id_bank`),
  ADD CONSTRAINT `invoice_ibfk_3` FOREIGN KEY (`category_id`) REFERENCES `category` (`id_category`);

--
-- Restrições para tabelas `lancamentos_recorrentes`
--
ALTER TABLE `lancamentos_recorrentes`
  ADD CONSTRAINT `lancamentos_recorrentes_ibfk_1` FOREIGN KEY (`user_id`) REFERENCES `users` (`id`),
  ADD CONSTRAINT `lancamentos_recorrentes_ibfk_2` FOREIGN KEY (`type_id`) REFERENCES `type` (`id_type`),
  ADD CONSTRAINT `lancamentos_recorrentes_ibfk_3` FOREIGN KEY (`category_id`) REFERENCES `category` (`id_category`);

--
-- Restrições para tabelas `orcamentos`
--
ALTER TABLE `orcamentos`
  ADD CONSTRAINT `orcamentos_ibfk_1` FOREIGN KEY (`user_id`) REFERENCES `users` (`id`) ON DELETE CASCADE,
  ADD CONSTRAINT `orcamentos_ibfk_2` FOREIGN KEY (`category_id`) REFERENCES `category` (`id_category`) ON DELETE CASCADE;

--
-- Restrições para tabelas `products`
--
ALTER TABLE `products`
  ADD CONSTRAINT `products_ibfk_1` FOREIGN KEY (`category_id`) REFERENCES `category` (`id_category`),
  ADD CONSTRAINT `products_ibfk_2` FOREIGN KEY (`user_id`) REFERENCES `users` (`id`);

--
-- Restrições para tabelas `produto_componentes`
--
ALTER TABLE `produto_componentes`
  ADD CONSTRAINT `produto_componentes_ibfk_1` FOREIGN KEY (`kit_produto_id`) REFERENCES `products` (`id`) ON DELETE CASCADE,
  ADD CONSTRAINT `produto_componentes_ibfk_2` FOREIGN KEY (`componente_produto_id`) REFERENCES `products` (`id`) ON DELETE CASCADE;

--
-- Restrições para tabelas `sales`
--
ALTER TABLE `sales`
  ADD CONSTRAINT `sales_ibfk_1` FOREIGN KEY (`client_id`) REFERENCES `clients` (`id`),
  ADD CONSTRAINT `sales_ibfk_2` FOREIGN KEY (`user_id`) REFERENCES `users` (`id`);

--
-- Restrições para tabelas `sale_items`
--
ALTER TABLE `sale_items`
  ADD CONSTRAINT `sale_items_ibfk_1` FOREIGN KEY (`sale_id`) REFERENCES `sales` (`id`),
  ADD CONSTRAINT `sale_items_ibfk_2` FOREIGN KEY (`product_id`) REFERENCES `products` (`id`);

--
-- Restrições para tabelas `sale_payments`
--
ALTER TABLE `sale_payments`
  ADD CONSTRAINT `sale_payments_ibfk_1` FOREIGN KEY (`sale_id`) REFERENCES `sales` (`id`) ON DELETE CASCADE;

--
-- Restrições para tabelas `segment`
--
ALTER TABLE `segment`
  ADD CONSTRAINT `segment_ibfk_1` FOREIGN KEY (`category_id`) REFERENCES `category` (`id_category`),
  ADD CONSTRAINT `segment_ibfk_2` FOREIGN KEY (`user_id`) REFERENCES `users` (`id`);

--
-- Restrições para tabelas `targets`
--
ALTER TABLE `targets`
  ADD CONSTRAINT `targets_ibfk_1` FOREIGN KEY (`user_id`) REFERENCES `users` (`id`);

--
-- Restrições para tabelas `users`
--
ALTER TABLE `users`
  ADD CONSTRAINT `fk_active_bank` FOREIGN KEY (`active_bank_id`) REFERENCES `banks` (`id_bank`) ON DELETE SET NULL;

--
-- Restrições para tabelas `venda_parcelas`
--
ALTER TABLE `venda_parcelas`
  ADD CONSTRAINT `venda_parcelas_ibfk_1` FOREIGN KEY (`sale_id`) REFERENCES `sales` (`id`) ON DELETE CASCADE;
COMMIT;

/*!40101 SET CHARACTER_SET_CLIENT=@OLD_CHARACTER_SET_CLIENT */;
/*!40101 SET CHARACTER_SET_RESULTS=@OLD_CHARACTER_SET_RESULTS */;
/*!40101 SET COLLATION_CONNECTION=@OLD_COLLATION_CONNECTION */;
