-- MySQL dump 10.13  Distrib 8.0.42, for Win64 (x86_64)
--
-- Host: localhost    Database: flowmaneger
-- ------------------------------------------------------
-- Server version	9.2.0

/*!40101 SET @OLD_CHARACTER_SET_CLIENT=@@CHARACTER_SET_CLIENT */;
/*!40101 SET @OLD_CHARACTER_SET_RESULTS=@@CHARACTER_SET_RESULTS */;
/*!40101 SET @OLD_COLLATION_CONNECTION=@@COLLATION_CONNECTION */;
/*!50503 SET NAMES utf8 */;
/*!40103 SET @OLD_TIME_ZONE=@@TIME_ZONE */;
/*!40103 SET TIME_ZONE='+00:00' */;
/*!40014 SET @OLD_UNIQUE_CHECKS=@@UNIQUE_CHECKS, UNIQUE_CHECKS=0 */;
/*!40014 SET @OLD_FOREIGN_KEY_CHECKS=@@FOREIGN_KEY_CHECKS, FOREIGN_KEY_CHECKS=0 */;
/*!40101 SET @OLD_SQL_MODE=@@SQL_MODE, SQL_MODE='NO_AUTO_VALUE_ON_ZERO' */;
/*!40111 SET @OLD_SQL_NOTES=@@SQL_NOTES, SQL_NOTES=0 */;

--
-- Table structure for table `banks`
--

DROP TABLE IF EXISTS `banks`;
/*!40101 SET @saved_cs_client     = @@character_set_client */;
/*!50503 SET character_set_client = utf8mb4 */;
CREATE TABLE `banks` (
  `id_bank` int NOT NULL AUTO_INCREMENT,
  `name` varchar(255) NOT NULL,
  `description` text,
  `caminho_icone` varchar(255) DEFAULT NULL COMMENT 'Caminho para o icone/logo do banco',
  `start_date` date DEFAULT NULL,
  `end_date` date DEFAULT NULL,
  `registration_date` timestamp NULL DEFAULT CURRENT_TIMESTAMP,
  `user_id` bigint unsigned NOT NULL,
  `updated_at` timestamp NULL DEFAULT NULL,
  `created_at` timestamp NULL DEFAULT CURRENT_TIMESTAMP,
  PRIMARY KEY (`id_bank`),
  KEY `idx_banks_user_id` (`user_id`),
  CONSTRAINT `banks_ibfk_1` FOREIGN KEY (`user_id`) REFERENCES `users` (`id`) ON DELETE CASCADE
) ENGINE=InnoDB AUTO_INCREMENT=31 DEFAULT CHARSET=utf8mb4 COLLATE=utf8mb4_0900_ai_ci;
/*!40101 SET character_set_client = @saved_cs_client */;

--
-- Dumping data for table `banks`
--

LOCK TABLES `banks` WRITE;
/*!40000 ALTER TABLE `banks` DISABLE KEYS */;
INSERT INTO `banks` VALUES (3,'Nubank','5555-5555-5555-5555','http://127.0.0.1:8000/assets/img/banks/nubank.svg','2024-01-06','2024-02-05','2024-10-30 03:00:00',2,'2025-11-10 20:04:21','2025-04-10 13:27:29'),(8,'Inter','2306-5002-6950-7683','http://127.0.0.1:8000/assets/img/banks/inter.png','2025-01-04','2025-02-03','2024-11-29 03:00:00',2,'2025-11-10 20:05:20','2025-04-10 13:27:29'),(22,'teste','5555-5555-5555-5555','http://127.0.0.1:8000/assets/img/banks/santander.png','2025-01-01','2025-01-01','2025-06-09 13:08:50',1,'2025-07-01 04:11:14','2025-06-09 16:08:50'),(23,'marco fffdd','4444-4444-4444-4444','http://127.0.0.1:8000/assets/img/banks/inter.png','2025-06-19','2025-06-20','2025-06-28 20:57:05',1,'2025-07-01 04:11:06','2025-06-28 23:57:05'),(25,'marcogfd','4444-4444-4567-7567','http://127.0.0.1:8000/assets/img/banks/nubank.svg','2025-06-04','2025-07-05','2025-07-01 01:16:26',1,'2025-07-01 04:16:26','2025-07-01 04:16:26'),(26,'itau','8989-8888-8888-8889','http://127.0.0.1:8000/assets/img/banks/itau.png','2025-06-13','2025-07-10','2025-07-01 01:33:07',1,'2025-07-01 04:33:07','2025-07-01 04:33:07'),(27,'bb','3343-3333-3333-3333','http://127.0.0.1:8000/assets/img/banks/bb.png','2025-06-20','2025-07-04','2025-07-01 01:33:23',1,'2025-07-01 04:33:23','2025-07-01 04:33:23'),(28,'caixa','3423-4234-2342-3421','http://127.0.0.1:8000/assets/img/banks/caixa.png','2025-07-02','2025-08-04','2025-07-01 15:38:09',1,'2025-07-01 18:38:09','2025-07-01 18:38:09'),(30,'bradesco','1244-5565-6867-9789','http://127.0.0.1:8000/assets/img/banks/bradesco.png','2025-07-01','2025-08-04','2025-07-01 15:38:49',1,'2025-07-01 18:38:49','2025-07-01 18:38:49');
/*!40000 ALTER TABLE `banks` ENABLE KEYS */;
UNLOCK TABLES;

--
-- Table structure for table `cache`
--

DROP TABLE IF EXISTS `cache`;
/*!40101 SET @saved_cs_client     = @@character_set_client */;
/*!50503 SET character_set_client = utf8mb4 */;
CREATE TABLE `cache` (
  `key` varchar(255) CHARACTER SET utf8mb4 COLLATE utf8mb4_unicode_ci NOT NULL,
  `value` mediumtext CHARACTER SET utf8mb4 COLLATE utf8mb4_unicode_ci NOT NULL,
  `expiration` int NOT NULL,
  PRIMARY KEY (`key`)
) ENGINE=InnoDB DEFAULT CHARSET=utf8mb4 COLLATE=utf8mb4_unicode_ci;
/*!40101 SET character_set_client = @saved_cs_client */;

--
-- Dumping data for table `cache`
--

LOCK TABLES `cache` WRITE;
/*!40000 ALTER TABLE `cache` DISABLE KEYS */;
INSERT INTO `cache` VALUES ('flowmaneger_cache_356a192b7913b04c54574d18c28d46e6395428ab','i:1;',1763471758),('flowmaneger_cache_356a192b7913b04c54574d18c28d46e6395428ab:timer','i:1763471758;',1763471758),('flowmaneger_cache_da4b9237bacccdf19c0760cab7aec4a8359010b0','i:1;',1765897228),('flowmaneger_cache_da4b9237bacccdf19c0760cab7aec4a8359010b0:timer','i:1765897228;',1765897228);
/*!40000 ALTER TABLE `cache` ENABLE KEYS */;
UNLOCK TABLES;

--
-- Table structure for table `cache_locks`
--

DROP TABLE IF EXISTS `cache_locks`;
/*!40101 SET @saved_cs_client     = @@character_set_client */;
/*!50503 SET character_set_client = utf8mb4 */;
CREATE TABLE `cache_locks` (
  `key` varchar(255) CHARACTER SET utf8mb4 COLLATE utf8mb4_unicode_ci NOT NULL,
  `owner` varchar(255) CHARACTER SET utf8mb4 COLLATE utf8mb4_unicode_ci NOT NULL,
  `expiration` int NOT NULL,
  PRIMARY KEY (`key`)
) ENGINE=InnoDB DEFAULT CHARSET=utf8mb4 COLLATE=utf8mb4_unicode_ci;
/*!40101 SET character_set_client = @saved_cs_client */;

--
-- Dumping data for table `cache_locks`
--

LOCK TABLES `cache_locks` WRITE;
/*!40000 ALTER TABLE `cache_locks` DISABLE KEYS */;
/*!40000 ALTER TABLE `cache_locks` ENABLE KEYS */;
UNLOCK TABLES;

--
-- Table structure for table `cashbook`
--

DROP TABLE IF EXISTS `cashbook`;
/*!40101 SET @saved_cs_client     = @@character_set_client */;
/*!50503 SET character_set_client = utf8mb4 */;
CREATE TABLE `cashbook` (
  `id` int NOT NULL AUTO_INCREMENT,
  `value` decimal(10,2) NOT NULL,
  `description` varchar(255) DEFAULT NULL,
  `date` date NOT NULL,
  `is_pending` tinyint(1) NOT NULL DEFAULT '0',
  `attachment` varchar(255) DEFAULT NULL,
  `inc_datetime` datetime DEFAULT NULL COMMENT 'insert date',
  `edit_datetime` datetime DEFAULT NULL COMMENT 'edit date',
  `user_id` bigint unsigned NOT NULL,
  `category_id` int NOT NULL,
  `type_id` int NOT NULL,
  `note` varchar(255) DEFAULT NULL,
  `segment_id` int DEFAULT NULL,
  `created_at` datetime DEFAULT CURRENT_TIMESTAMP,
  `updated_at` datetime DEFAULT CURRENT_TIMESTAMP ON UPDATE CURRENT_TIMESTAMP,
  `id_bank` int DEFAULT NULL,
  `client_id` int DEFAULT NULL,
  `cofrinho_id` int DEFAULT NULL,
  PRIMARY KEY (`id`),
  KEY `category_id` (`category_id`),
  KEY `type_id` (`type_id`),
  KEY `segment_id` (`segment_id`),
  KEY `date` (`date`),
  KEY `idx_cashbook_date` (`date`),
  KEY `idx_cashbook_user_id` (`user_id`),
  KEY `cashbook_fk_id_bank` (`id_bank`),
  KEY `fk_cashbook_clients` (`client_id`),
  KEY `cashbook_cofrinho_id_foreign` (`cofrinho_id`),
  CONSTRAINT `cashbook_cofrinho_id_foreign` FOREIGN KEY (`cofrinho_id`) REFERENCES `cofrinhos` (`id`) ON DELETE SET NULL,
  CONSTRAINT `cashbook_fk_id_bank` FOREIGN KEY (`id_bank`) REFERENCES `banks` (`id_bank`) ON DELETE SET NULL ON UPDATE CASCADE,
  CONSTRAINT `cashbook_ibfk_1` FOREIGN KEY (`user_id`) REFERENCES `users` (`id`),
  CONSTRAINT `cashbook_ibfk_2` FOREIGN KEY (`category_id`) REFERENCES `category` (`id_category`),
  CONSTRAINT `cashbook_ibfk_3` FOREIGN KEY (`type_id`) REFERENCES `type` (`id_type`),
  CONSTRAINT `cashbook_ibfk_4` FOREIGN KEY (`segment_id`) REFERENCES `segment` (`id`),
  CONSTRAINT `fk_cashbook_clients` FOREIGN KEY (`client_id`) REFERENCES `clients` (`id`) ON DELETE SET NULL
) ENGINE=InnoDB AUTO_INCREMENT=3144 DEFAULT CHARSET=utf8mb4 COLLATE=utf8mb4_0900_ai_ci;
/*!40101 SET character_set_client = @saved_cs_client */;

--
-- Dumping data for table `cashbook`
--

LOCK TABLES `cashbook` WRITE;
/*!40000 ALTER TABLE `cashbook` DISABLE KEYS */;
INSERT INTO `cashbook` VALUES (2257,0.88,'Rendimentos','2024-11-01',0,NULL,NULL,NULL,2,1016,1,NULL,NULL,'2025-05-05 13:35:38','2025-05-05 13:35:38',NULL,NULL,NULL),(2258,0.88,'Rendimentos','2024-11-04',0,NULL,NULL,NULL,2,1016,1,NULL,NULL,'2025-05-05 13:35:38','2025-05-05 13:35:38',NULL,NULL,NULL),(2259,200.00,'Transferência Pix enviada Eder Goncalves','2024-11-04',0,NULL,NULL,NULL,2,1013,2,NULL,NULL,'2025-05-05 13:35:38','2025-05-05 13:35:38',NULL,NULL,NULL),(2260,0.88,'Rendimentos','2024-11-05',0,NULL,NULL,NULL,2,1016,1,NULL,NULL,'2025-05-05 13:35:38','2025-05-05 13:35:38',NULL,NULL,NULL),(2261,12.34,'Pagamento de contas Banco Santander (Brasil) S. A.','2024-11-05',0,NULL,NULL,NULL,2,1014,2,NULL,NULL,'2025-05-05 13:35:38','2025-05-05 13:35:38',NULL,NULL,NULL),(2262,0.80,'Rendimentos','2024-11-06',0,NULL,NULL,NULL,2,1016,1,NULL,NULL,'2025-05-05 13:35:38','2025-05-05 13:35:38',NULL,NULL,NULL),(2263,2000.00,'Transferência Pix recebida MARCO ANTONIO BUBOLA','2024-11-06',0,NULL,NULL,NULL,2,1013,1,NULL,NULL,'2025-05-05 13:35:38','2025-05-05 13:35:38',NULL,NULL,NULL),(2264,103.00,'Transferência Pix recebida Marco Antonio Bubola','2024-11-06',0,NULL,NULL,NULL,2,1013,1,NULL,NULL,'2025-05-05 13:35:38','2025-06-05 00:57:02',NULL,34,NULL),(2265,1.62,'Rendimentos','2024-11-07',0,NULL,NULL,NULL,2,1016,1,NULL,NULL,'2025-05-05 13:35:38','2025-05-05 13:35:38',NULL,NULL,NULL),(2266,1750.00,'Transferência Pix recebida MARCO ANTONIO BUBOLA','2024-11-07',0,NULL,NULL,NULL,2,1013,1,NULL,NULL,'2025-05-05 13:35:38','2025-05-05 13:35:38',NULL,NULL,NULL),(2267,2.28,'Rendimentos','2024-11-08',0,NULL,NULL,NULL,2,1016,1,NULL,NULL,'2025-05-05 13:35:38','2025-05-05 13:35:38',NULL,NULL,NULL),(2268,507.04,'Transferência Pix recebida Marco Antonio Bubola','2024-11-08',0,NULL,NULL,NULL,2,1013,1,NULL,NULL,'2025-05-05 13:35:38','2025-05-05 13:35:38',NULL,NULL,NULL),(2269,890.61,'Pagamento de contas Banco Inter S.A.','2024-11-09',0,NULL,NULL,NULL,2,1015,2,NULL,NULL,'2025-05-05 13:35:38','2025-05-05 13:35:38',NULL,NULL,NULL),(2270,455.93,'produtos Mercado Livre','2024-11-10',0,NULL,NULL,NULL,2,1024,2,NULL,NULL,'2025-05-05 13:35:38','2025-05-05 13:35:38',NULL,NULL,NULL),(2271,31.98,'Débito por dívida Empréstimos Mercado Pago','2024-11-11',0,NULL,NULL,NULL,2,1019,2,NULL,NULL,'2025-05-05 13:35:38','2025-05-05 13:35:38',NULL,NULL,NULL),(2272,2.28,'Rendimentos','2024-11-11',0,NULL,NULL,NULL,2,1016,1,NULL,NULL,'2025-05-05 13:35:38','2025-05-05 13:35:38',NULL,NULL,NULL),(2273,19.99,'cenda meli dolar','2024-11-11',0,NULL,NULL,NULL,2,1026,1,NULL,NULL,'2025-05-05 13:35:38','2025-05-05 13:35:38',NULL,NULL,NULL),(2274,100.00,',compra bitcoin','2024-11-11',0,NULL,NULL,NULL,2,1026,2,NULL,NULL,'2025-05-05 13:35:38','2025-05-05 13:35:38',NULL,NULL,NULL),(2275,1.96,'Rendimentos','2024-11-12',0,NULL,NULL,NULL,2,1016,1,NULL,NULL,'2025-05-05 13:35:38','2025-05-05 13:35:38',NULL,NULL,NULL),(2276,1.96,'Rendimentos','2024-11-13',0,NULL,NULL,NULL,2,1016,1,NULL,NULL,'2025-05-05 13:35:38','2025-05-05 13:35:38',NULL,NULL,NULL),(2277,302.53,'Pagamento de contas Nu Pagamentos S. A.','2024-11-13',0,NULL,NULL,NULL,2,1010,2,NULL,NULL,'2025-05-05 13:35:38','2025-05-05 13:35:38',NULL,NULL,NULL),(2278,1.85,'Rendimentos','2024-11-14',0,NULL,NULL,NULL,2,1016,1,NULL,NULL,'2025-05-05 13:35:38','2025-05-05 13:35:38',NULL,NULL,NULL),(2279,100.00,'Transferência Pix enviada Ana Carolina Ferreira Coelho Freire','2024-11-14',0,NULL,NULL,NULL,2,1013,2,NULL,NULL,'2025-05-05 13:35:38','2025-06-05 01:00:10',NULL,34,NULL),(2280,1.82,'Rendimentos','2024-11-18',0,NULL,NULL,NULL,2,1016,1,NULL,NULL,'2025-05-05 13:35:38','2025-05-05 13:35:38',NULL,NULL,NULL),(2281,1.82,'Rendimentos','2024-11-19',0,NULL,NULL,NULL,2,1016,1,NULL,NULL,'2025-05-05 13:35:38','2025-05-05 13:35:38',NULL,NULL,NULL),(2282,4499.00,'Transferência enviada Emerson Leite Dos Santos','2024-11-19',0,NULL,NULL,NULL,2,1013,2,NULL,NULL,'2025-05-05 13:35:38','2025-06-05 01:03:05',NULL,34,NULL),(2283,0.30,'Rendimentos','2024-11-21',0,NULL,NULL,NULL,2,1016,1,NULL,NULL,'2025-05-05 13:35:38','2025-05-05 13:35:38',NULL,NULL,NULL),(2284,591.58,'Transferência Pix recebida MARCO ANTONIO BUBOLA','2024-11-21',0,NULL,NULL,NULL,2,1013,1,NULL,NULL,'2025-05-05 13:35:38','2025-05-05 13:35:38',NULL,NULL,NULL),(2285,22.29,'Transferência Pix recebida Marco Antonio Bubola','2024-11-21',0,NULL,NULL,NULL,2,1013,1,NULL,NULL,'2025-05-05 13:35:38','2025-05-05 13:35:38',NULL,NULL,NULL),(2286,1600.00,'Transferência Pix recebida Marco Antonio Bubola','2024-11-21',0,NULL,NULL,NULL,2,1013,1,NULL,NULL,'2025-05-05 13:35:38','2025-06-05 00:49:49',NULL,34,NULL),(2287,1.04,'Rendimentos','2024-11-22',0,NULL,NULL,NULL,2,1016,1,NULL,NULL,'2025-05-05 13:35:38','2025-05-05 13:35:38',NULL,NULL,NULL),(2288,148.00,'Transferência enviada Caua Araujo Vaz De Lima','2024-11-22',0,NULL,NULL,NULL,2,1013,2,NULL,NULL,'2025-05-05 13:35:38','2025-05-05 13:35:38',NULL,NULL,NULL),(2289,0.99,'Rendimentos','2024-11-25',0,NULL,NULL,NULL,2,1016,1,NULL,NULL,'2025-05-05 13:35:38','2025-05-05 13:35:38',NULL,NULL,NULL),(2290,613.00,'Pagamento de contas Banco Santander (Brasil) S. A.','2024-11-25',0,NULL,NULL,NULL,2,1014,2,NULL,NULL,'2025-05-05 13:35:38','2025-05-05 13:35:38',NULL,NULL,NULL),(2291,0.79,'Rendimentos','2024-11-26',0,NULL,NULL,NULL,2,1016,1,NULL,NULL,'2025-05-05 13:35:38','2025-05-05 13:35:38',NULL,NULL,NULL),(2292,0.79,'Rendimentos','2024-11-27',0,NULL,NULL,NULL,2,1016,1,NULL,NULL,'2025-05-05 13:35:38','2025-05-05 13:35:38',NULL,NULL,NULL),(2293,0.78,'Rendimentos','2024-11-28',0,NULL,NULL,NULL,2,1016,1,NULL,NULL,'2025-05-05 13:35:38','2025-05-05 13:35:38',NULL,NULL,NULL),(2294,0.79,'Rendimentos','2024-11-29',0,NULL,NULL,NULL,2,1016,1,NULL,NULL,'2025-05-05 13:35:38','2025-05-05 13:35:38',NULL,NULL,NULL),(2295,800.00,'Transferência Pix recebida Marco Antonio Bubola','2024-11-29',0,NULL,NULL,NULL,2,1013,1,NULL,NULL,'2025-05-05 13:35:38','2025-05-05 13:35:38',NULL,NULL,NULL),(2296,1700.00,'Transferência Pix recebida MARCO ANTONIO BUBOLA','2024-11-30',0,NULL,NULL,NULL,2,1013,1,NULL,NULL,'2025-05-05 13:35:38','2025-05-05 13:35:38',NULL,NULL,NULL),(2297,1.69,'Rendimentos','2025-01-02',0,NULL,NULL,NULL,2,1016,1,NULL,NULL,'2025-05-05 13:41:07','2025-05-05 13:41:07',NULL,NULL,NULL),(2298,1.69,'Rendimentos','2025-01-03',0,NULL,NULL,NULL,2,1016,1,NULL,NULL,'2025-05-05 13:41:07','2025-05-05 13:41:07',NULL,NULL,NULL),(2299,200.00,'Transferência Pix enviada Eder Goncalves','2025-01-04',0,NULL,NULL,NULL,2,1013,2,NULL,NULL,'2025-05-05 13:41:07','2025-05-05 13:41:07',NULL,NULL,NULL),(2300,1.69,'Rendimentos','2025-01-06',0,NULL,NULL,NULL,2,1016,1,NULL,NULL,'2025-05-05 13:41:07','2025-05-05 13:41:07',NULL,NULL,NULL),(2301,1.62,'Rendimentos','2025-01-07',0,NULL,NULL,NULL,2,1016,1,NULL,NULL,'2025-05-05 13:41:07','2025-05-05 13:41:07',NULL,NULL,NULL),(2302,1800.00,'Transferência Pix recebida Marco Antonio Bubola','2025-01-07',0,NULL,NULL,NULL,2,1013,1,NULL,NULL,'2025-05-05 13:41:07','2025-05-05 13:41:07',NULL,NULL,NULL),(2303,2.29,'Rendimentos','2025-01-08',0,NULL,NULL,NULL,2,1016,1,NULL,NULL,'2025-05-05 13:41:07','2025-05-05 13:41:07',NULL,NULL,NULL),(2304,2.28,'Rendimentos','2025-01-09',0,NULL,NULL,NULL,2,1016,1,NULL,NULL,'2025-05-05 13:41:07','2025-05-05 13:41:07',NULL,NULL,NULL),(2305,3.60,'Transferência Pix recebida MARCO ANTONIO BUBOLA','2025-01-09',0,NULL,NULL,NULL,2,1013,1,NULL,NULL,'2025-05-05 13:41:07','2025-05-05 13:41:07',NULL,NULL,NULL),(2306,54.43,'Transferência Pix recebida Marco Antonio Bubola','2025-01-09',0,NULL,NULL,NULL,2,1013,1,NULL,NULL,'2025-05-05 13:41:07','2025-05-05 13:41:07',NULL,NULL,NULL),(2307,2.31,'Rendimentos','2025-01-10',0,NULL,NULL,NULL,2,1016,1,NULL,NULL,'2025-05-05 13:41:07','2025-05-05 13:41:07',NULL,NULL,NULL),(2308,2412.17,'Pagamento de contas Banco Inter S.A.','2025-01-10',0,NULL,NULL,NULL,2,1015,2,NULL,NULL,'2025-05-05 13:41:07','2025-05-05 13:41:07',NULL,NULL,NULL),(2309,31.99,'Pagamento de parcela Linha de Crédito','2025-01-11',0,NULL,NULL,NULL,2,1019,2,NULL,NULL,'2025-05-05 13:41:07','2025-05-05 13:41:07',NULL,NULL,NULL),(2310,88.23,'Pagamento com QR Pix SEM PARAR INSTITUICAO DE PAGAMENTO LTDA','2025-01-11',0,NULL,NULL,NULL,2,1013,2,NULL,NULL,'2025-05-05 13:41:07','2025-05-05 13:41:07',NULL,NULL,NULL),(2311,1.42,'Rendimentos','2025-01-13',0,NULL,NULL,NULL,2,1016,1,NULL,NULL,'2025-05-05 13:41:07','2025-05-05 13:41:07',NULL,NULL,NULL),(2312,1165.95,'Pagamento de contas Nu Pagamentos S. A.','2025-01-13',0,NULL,NULL,NULL,2,1010,2,NULL,NULL,'2025-05-05 13:41:07','2025-05-05 13:41:07',NULL,NULL,NULL),(2313,0.94,'Rendimentos','2025-01-14',0,NULL,NULL,NULL,2,1016,1,NULL,NULL,'2025-05-05 13:41:07','2025-05-05 13:41:07',NULL,NULL,NULL),(2314,0.94,'Rendimentos','2025-01-15',0,NULL,NULL,NULL,2,1016,1,NULL,NULL,'2025-05-05 13:41:07','2025-05-05 13:41:07',NULL,NULL,NULL),(2315,0.94,'Rendimentos','2025-01-16',0,NULL,NULL,NULL,2,1016,1,NULL,NULL,'2025-05-05 13:41:07','2025-05-05 13:41:07',NULL,NULL,NULL),(2316,0.95,'Rendimentos','2025-01-17',0,NULL,NULL,NULL,2,1016,1,NULL,NULL,'2025-05-05 13:41:07','2025-05-05 13:41:07',NULL,NULL,NULL),(2317,200.00,'Transferência Pix enviada Eder Goncalves','2025-01-17',0,NULL,NULL,NULL,2,1013,2,NULL,NULL,'2025-05-05 13:41:07','2025-05-05 13:41:07',NULL,NULL,NULL),(2318,0.94,'Rendimentos','2025-01-20',0,NULL,NULL,NULL,2,1016,1,NULL,NULL,'2025-05-05 13:41:07','2025-05-05 13:41:07',NULL,NULL,NULL),(2319,0.87,'Rendimentos','2025-01-21',0,NULL,NULL,NULL,2,1016,1,NULL,NULL,'2025-05-05 13:41:07','2025-05-05 13:41:07',NULL,NULL,NULL),(2320,0.87,'Rendimentos','2025-01-22',0,NULL,NULL,NULL,2,1016,1,NULL,NULL,'2025-05-05 13:41:07','2025-05-05 13:41:07',NULL,NULL,NULL),(2321,0.86,'Rendimentos','2025-01-23',0,NULL,NULL,NULL,2,1016,1,NULL,NULL,'2025-05-05 13:41:07','2025-05-05 13:41:07',NULL,NULL,NULL),(2322,18.99,'Pagamento com QR Pix GGMAX TECNOLOGIA DA INFORMACAO LTDA','2025-01-23',0,NULL,NULL,NULL,2,1013,2,NULL,NULL,'2025-05-05 13:41:07','2025-05-05 13:41:07',NULL,NULL,NULL),(2323,0.88,'Rendimentos','2025-01-24',0,NULL,NULL,NULL,2,1016,1,NULL,NULL,'2025-05-05 13:41:07','2025-05-05 13:41:07',NULL,NULL,NULL),(2324,0.86,'Rendimentos','2025-01-27',0,NULL,NULL,NULL,2,1016,1,NULL,NULL,'2025-05-05 13:41:07','2025-05-05 13:41:07',NULL,NULL,NULL),(2325,0.86,'Rendimentos','2025-01-28',0,NULL,NULL,NULL,2,1016,1,NULL,NULL,'2025-05-05 13:41:07','2025-05-05 13:41:07',NULL,NULL,NULL),(2326,48.41,'Pagamento de contas SAAE ITAPIRA','2025-01-28',0,NULL,NULL,NULL,2,1026,2,NULL,NULL,'2025-05-05 13:41:07','2025-05-05 13:41:07',NULL,NULL,NULL),(2327,48.41,'Transferência Pix recebida Marco Antonio Bubola','2025-01-28',0,NULL,NULL,NULL,2,1013,1,NULL,NULL,'2025-05-05 13:41:07','2025-05-05 13:41:07',NULL,NULL,NULL),(2328,0.85,'Rendimentos','2025-01-29',0,NULL,NULL,NULL,2,1016,1,NULL,NULL,'2025-05-05 13:41:07','2025-05-05 13:41:07',NULL,NULL,NULL),(2329,0.87,'Rendimentos','2025-01-30',0,NULL,NULL,NULL,2,1016,1,NULL,NULL,'2025-05-05 13:41:07','2025-05-05 13:41:07',NULL,NULL,NULL),(2330,0.94,'Rendimentos','2025-01-31',0,NULL,NULL,NULL,2,1016,1,NULL,NULL,'2025-05-05 13:41:07','2025-05-05 13:41:07',NULL,NULL,NULL),(2331,98.00,'Transferência enviada Caua Araujo Vaz De Lima','2025-01-31',0,NULL,NULL,NULL,2,1013,2,NULL,NULL,'2025-05-05 13:41:07','2025-05-05 13:41:07',NULL,NULL,NULL),(2332,1.06,'Rendimentos','2024-12-02',0,NULL,NULL,NULL,2,1016,1,NULL,NULL,'2025-05-05 13:45:11','2025-05-05 13:45:11',NULL,NULL,NULL),(2333,1.64,'Rendimentos','2024-12-03',0,NULL,NULL,NULL,2,1016,1,NULL,NULL,'2025-05-05 13:45:11','2025-05-05 13:45:11',NULL,NULL,NULL),(2334,1.64,'Rendimentos','2024-12-04',0,NULL,NULL,NULL,2,1016,1,NULL,NULL,'2025-05-05 13:45:11','2025-05-05 13:45:11',NULL,NULL,NULL),(2335,1.64,'Rendimentos','2024-12-05',0,NULL,NULL,NULL,2,1016,1,NULL,NULL,'2025-05-05 13:45:11','2025-05-05 13:45:11',NULL,NULL,NULL),(2336,12.31,'Pagamento de contas Banco Santander (Brasil) S. A.','2024-12-05',0,NULL,NULL,NULL,2,1014,2,NULL,NULL,'2025-05-05 13:45:11','2025-05-05 13:45:11',NULL,NULL,NULL),(2337,200.00,'Transferência Pix enviada Eder Goncalves','2024-12-05',0,NULL,NULL,NULL,2,1013,2,NULL,NULL,'2025-05-05 13:45:11','2025-05-05 13:45:11',NULL,NULL,NULL),(2338,1.63,'Rendimentos','2024-12-06',0,NULL,NULL,NULL,2,1016,1,NULL,NULL,'2025-05-05 13:45:11','2025-05-05 13:45:11',NULL,NULL,NULL),(2339,1800.00,'Transferência Pix recebida MARCO ANTONIO BUBOLA','2024-12-07',0,NULL,NULL,NULL,2,1013,1,NULL,NULL,'2025-05-05 13:45:11','2025-05-05 13:45:11',NULL,NULL,NULL),(2340,1.57,'Rendimentos','2024-12-09',0,NULL,NULL,NULL,2,1016,1,NULL,NULL,'2025-05-05 13:45:11','2025-05-05 13:45:11',NULL,NULL,NULL),(2341,2.18,'Rendimentos','2024-12-10',0,NULL,NULL,NULL,2,1016,1,NULL,NULL,'2025-05-05 13:45:11','2025-05-05 13:45:11',NULL,NULL,NULL),(2342,1501.50,'Pagamento de contas Banco Inter S.A.','2024-12-10',0,NULL,NULL,NULL,2,1015,2,NULL,NULL,'2025-05-05 13:45:11','2025-05-05 13:45:11',NULL,NULL,NULL),(2343,31.98,'Pagamento de parcela Linha de Crédito','2024-12-10',0,NULL,NULL,NULL,2,1019,2,NULL,NULL,'2025-05-05 13:45:12','2025-05-05 13:45:12',NULL,NULL,NULL),(2344,922.13,'Transferência Pix recebida Marco Antonio Bubola','2024-12-10',0,NULL,NULL,NULL,2,1013,1,NULL,NULL,'2025-05-05 13:45:12','2025-06-05 00:47:58',NULL,34,NULL),(2345,1.66,'Rendimentos','2024-12-11',0,NULL,NULL,NULL,2,1016,1,NULL,NULL,'2025-05-05 13:45:12','2025-05-05 13:45:12',NULL,NULL,NULL),(2346,18.99,'Pagamento com QR Pix GGMAX TECNOLOGIA DA INFORMACAO LTDA','2024-12-11',0,NULL,NULL,NULL,2,1013,2,NULL,NULL,'2025-05-05 13:45:12','2025-05-05 13:45:12',NULL,NULL,NULL),(2347,1.98,'Rendimentos','2024-12-12',0,NULL,NULL,NULL,2,1016,1,NULL,NULL,'2025-05-05 13:45:12','2025-05-05 13:45:12',NULL,NULL,NULL),(2348,2.14,'Rendimentos','2024-12-13',0,NULL,NULL,NULL,2,1016,1,NULL,NULL,'2025-05-05 13:45:12','2025-05-05 13:45:12',NULL,NULL,NULL),(2349,634.52,'Pagamento de contas Nu Pagamentos S. A.','2024-12-13',0,NULL,NULL,NULL,2,1010,2,NULL,NULL,'2025-05-05 13:45:12','2025-05-05 13:45:12',NULL,NULL,NULL),(2350,1.90,'Rendimentos','2024-12-16',0,NULL,NULL,NULL,2,1016,1,NULL,NULL,'2025-05-05 13:45:12','2025-05-05 13:45:12',NULL,NULL,NULL),(2351,1.91,'Rendimentos','2024-12-17',0,NULL,NULL,NULL,2,1016,1,NULL,NULL,'2025-05-05 13:45:12','2025-05-05 13:45:12',NULL,NULL,NULL),(2352,150.00,'Transferência enviada Caua Araujo Vaz De Lima','2024-12-17',0,NULL,NULL,NULL,2,1013,2,NULL,NULL,'2025-05-05 13:45:12','2025-05-05 13:45:12',NULL,NULL,NULL),(2353,15.85,'Transferência Pix enviada Everton Pereira Nascimento','2024-12-17',0,NULL,NULL,NULL,2,1013,2,NULL,NULL,'2025-05-05 13:45:12','2025-05-05 13:45:12',NULL,NULL,NULL),(2354,1.85,'Rendimentos','2024-12-18',0,NULL,NULL,NULL,2,1016,1,NULL,NULL,'2025-05-05 13:45:12','2025-05-05 13:45:12',NULL,NULL,NULL),(2355,1.84,'Rendimentos','2024-12-19',0,NULL,NULL,NULL,2,1016,1,NULL,NULL,'2025-05-05 13:45:12','2025-05-05 13:45:12',NULL,NULL,NULL),(2356,1.84,'Rendimentos','2024-12-20',0,NULL,NULL,NULL,2,1016,1,NULL,NULL,'2025-05-05 13:45:12','2025-05-05 13:45:12',NULL,NULL,NULL),(2357,210.00,'Transferência Pix enviada MURILO MORAES','2024-12-20',0,NULL,NULL,NULL,2,1013,2,NULL,NULL,'2025-05-05 13:45:12','2025-05-05 13:45:12',NULL,NULL,NULL),(2358,1.91,'Rendimentos','2024-12-23',0,NULL,NULL,NULL,2,1016,1,NULL,NULL,'2025-05-05 13:45:12','2025-05-05 13:45:12',NULL,NULL,NULL),(2359,1.78,'Rendimentos','2024-12-24',0,NULL,NULL,NULL,2,1016,1,NULL,NULL,'2025-05-05 13:45:12','2025-05-05 13:45:12',NULL,NULL,NULL),(2360,175.38,'Transferência Pix recebida Marco Antonio Bubola','2024-12-24',0,NULL,NULL,NULL,2,1013,1,NULL,NULL,'2025-05-05 13:45:12','2025-05-05 13:45:12',NULL,NULL,NULL),(2361,1.83,'Rendimentos','2024-12-26',0,NULL,NULL,NULL,2,1016,1,NULL,NULL,'2025-05-05 13:45:12','2025-05-05 13:45:12',NULL,NULL,NULL),(2362,415.40,'Pagamento de contas Banco Santander (Brasil) S. A.','2024-12-26',0,NULL,NULL,NULL,2,1014,2,NULL,NULL,'2025-05-05 13:45:12','2025-05-05 13:45:12',NULL,NULL,NULL),(2363,1.69,'Rendimentos','2024-12-27',0,NULL,NULL,NULL,2,1016,1,NULL,NULL,'2025-05-05 13:45:12','2025-05-05 13:45:12',NULL,NULL,NULL),(2364,1.96,'Rendimentos','2024-12-30',0,NULL,NULL,NULL,2,1016,1,NULL,NULL,'2025-05-05 13:45:12','2025-05-05 13:45:12',NULL,NULL,NULL),(2365,1.69,'Rendimentos','2024-12-31',0,NULL,NULL,NULL,2,1016,1,NULL,NULL,'2025-05-05 13:45:12','2025-05-05 13:45:12',NULL,NULL,NULL),(2366,0.90,'Rendimentos','2025-02-03',0,NULL,NULL,NULL,2,1016,1,NULL,NULL,'2025-05-05 13:53:14','2025-05-05 13:53:14',NULL,NULL,NULL),(2367,36.64,'Pagamento de contas SAAE ITAPIRA','2025-02-03',0,NULL,NULL,NULL,2,1026,2,NULL,NULL,'2025-05-05 13:53:14','2025-05-05 13:53:14',NULL,NULL,NULL),(2368,35.74,'Pagamento de contas SAAE ITAPIRA','2025-02-03',0,NULL,NULL,NULL,2,1026,2,NULL,NULL,'2025-05-05 13:53:14','2025-05-05 13:53:14',NULL,NULL,NULL),(2369,0.85,'Rendimentos','2025-02-04',0,NULL,NULL,NULL,2,1016,1,NULL,NULL,'2025-05-05 13:53:14','2025-05-05 13:53:14',NULL,NULL,NULL),(2370,73.00,'Transferência Pix recebida Marco Antonio Bubola','2025-02-04',0,NULL,NULL,NULL,2,1013,1,NULL,NULL,'2025-05-05 13:53:14','2025-05-05 13:53:14',NULL,NULL,NULL),(2371,3.40,'Transferência Pix recebida MARCO ANTONIO BUBOLA','2025-02-04',0,NULL,NULL,NULL,2,1013,1,NULL,NULL,'2025-05-05 13:53:14','2025-05-05 13:53:14',NULL,NULL,NULL),(2372,0.91,'Rendimentos','2025-02-05',0,NULL,NULL,NULL,2,1016,1,NULL,NULL,'2025-05-05 13:53:14','2025-05-05 13:53:14',NULL,NULL,NULL),(2373,0.89,'Rendimentos','2025-02-06',0,NULL,NULL,NULL,2,1016,1,NULL,NULL,'2025-05-05 13:53:14','2025-05-05 13:53:14',NULL,NULL,NULL),(2374,0.90,'Rendimentos','2025-02-07',0,NULL,NULL,NULL,2,1016,1,NULL,NULL,'2025-05-05 13:53:14','2025-05-05 13:53:14',NULL,NULL,NULL),(2375,1800.00,'Transferência Pix recebida MARCO ANTONIO BUBOLA','2025-02-07',0,NULL,NULL,NULL,2,1011,1,NULL,NULL,'2025-05-05 13:53:14','2025-05-21 23:11:44',NULL,NULL,NULL),(2376,0.90,'Rendimentos','2025-02-10',0,NULL,NULL,NULL,2,1016,1,NULL,NULL,'2025-05-05 13:53:14','2025-05-05 13:53:14',NULL,NULL,NULL),(2377,1891.67,'Pagamento de contas Banco Inter S.A.','2025-02-10',0,NULL,NULL,NULL,2,1015,2,NULL,NULL,'2025-05-05 13:53:14','2025-05-05 13:53:14',NULL,NULL,NULL),(2378,1891.67,'Pagamento de contas cancelado Banco Inter S.A.','2025-02-10',0,NULL,NULL,NULL,2,1015,1,NULL,NULL,'2025-05-05 13:53:14','2025-05-05 13:53:14',NULL,NULL,NULL),(2379,1900.00,'Pagamento com QR Pix MARCO ANTONIO BUBOLA','2025-02-10',0,NULL,NULL,NULL,2,1013,2,NULL,NULL,'2025-05-05 13:53:14','2025-05-05 13:53:14',NULL,NULL,NULL),(2380,8.63,'Transferência Pix recebida MARCO ANTONIO BUBOLA','2025-02-10',0,NULL,NULL,NULL,2,1013,1,NULL,NULL,'2025-05-05 13:53:14','2025-05-05 13:53:14',NULL,NULL,NULL),(2381,0.85,'Rendimentos','2025-02-11',0,NULL,NULL,NULL,2,1016,1,NULL,NULL,'2025-05-05 13:53:14','2025-05-05 13:53:14',NULL,NULL,NULL),(2382,0.86,'Rendimentos','2025-02-12',0,NULL,NULL,NULL,2,1016,1,NULL,NULL,'2025-05-05 13:53:14','2025-05-05 13:53:14',NULL,NULL,NULL),(2383,0.87,'Rendimentos','2025-02-13',0,NULL,NULL,NULL,2,1016,1,NULL,NULL,'2025-05-05 13:53:14','2025-05-05 13:53:14',NULL,NULL,NULL),(2384,739.80,'Pagamento de contas Nu Pagamentos S. A.','2025-02-13',0,NULL,NULL,NULL,2,1010,2,NULL,NULL,'2025-05-05 13:53:14','2025-05-05 13:53:14',NULL,NULL,NULL),(2385,84.21,'Pagamento com QR Pix SEM PARAR INSTITUICAO DE PAGAMENTO LTDA','2025-02-13',0,NULL,NULL,NULL,2,1013,2,NULL,NULL,'2025-05-05 13:53:14','2025-05-05 13:53:14',NULL,NULL,NULL),(2386,1500.00,'Transferência Pix recebida Marco Antonio Bubola','2025-02-13',0,NULL,NULL,NULL,2,1013,1,NULL,NULL,'2025-05-05 13:53:14','2025-05-21 23:10:32',NULL,34,NULL),(2387,0.57,'Rendimentos','2025-02-14',0,NULL,NULL,NULL,2,1016,1,NULL,NULL,'2025-05-05 13:53:14','2025-05-05 13:53:14',NULL,NULL,NULL),(2388,1.13,'Rendimentos','2025-02-17',0,NULL,NULL,NULL,2,1016,1,NULL,NULL,'2025-05-05 13:53:14','2025-05-05 13:53:14',NULL,NULL,NULL),(2389,83.24,'Pagamento com QR Pix BOTICARIO PRODUTOS DE BELEZA LTDA','2025-02-17',0,NULL,NULL,NULL,2,1040,2,NULL,NULL,'2025-05-05 13:53:14','2025-05-21 22:57:56',NULL,35,NULL),(2390,83.24,'Pagamento com código QR Pix - Cancelado BOTICARIO PRODUTOS DE BELEZA LTDA','2025-02-17',0,NULL,NULL,NULL,2,1013,1,NULL,NULL,'2025-05-05 13:53:14','2025-06-05 00:45:13',NULL,35,NULL),(2391,184.23,'Transferência Pix enviada Marco Antonio Bubola','2025-02-17',0,NULL,NULL,NULL,2,1013,2,NULL,NULL,'2025-05-05 13:53:14','2025-05-05 13:53:14',NULL,NULL,NULL),(2392,83.24,'Pagamento com QR Pix BOTICARIO PRODUTOS DE BELEZA LTDA','2025-02-17',0,NULL,NULL,NULL,2,1040,2,NULL,NULL,'2025-05-05 13:53:14','2025-05-21 23:13:14',NULL,35,NULL),(2393,1.06,'Rendimentos','2025-02-18',0,NULL,NULL,NULL,2,1016,1,NULL,NULL,'2025-05-05 13:53:14','2025-05-05 13:53:14',NULL,NULL,NULL),(2394,1.02,'Rendimentos','2025-02-19',0,NULL,NULL,NULL,2,1016,1,NULL,NULL,'2025-05-05 13:53:14','2025-05-05 13:53:14',NULL,NULL,NULL),(2395,1.02,'Rendimentos','2025-02-20',0,NULL,NULL,NULL,2,1016,1,NULL,NULL,'2025-05-05 13:53:14','2025-05-05 13:53:14',NULL,NULL,NULL),(2396,1.03,'Rendimentos','2025-02-21',0,NULL,NULL,NULL,2,1016,1,NULL,NULL,'2025-05-05 13:53:14','2025-05-05 13:53:14',NULL,NULL,NULL),(2397,19.96,'Pagamento com QR Pix GGMAX TECNOLOGIA DA INFORMACAO LTDA','2025-02-23',0,NULL,NULL,NULL,2,1013,2,NULL,NULL,'2025-05-05 13:53:14','2025-05-05 13:53:14',NULL,NULL,NULL),(2398,40.00,'Transferência Pix enviada Alessandra Maiara Ferreira de Mello','2025-02-23',0,NULL,NULL,NULL,2,1013,2,NULL,NULL,'2025-05-05 13:53:14','2025-05-05 13:53:14',NULL,NULL,NULL),(2399,1.03,'Rendimentos','2025-02-24',0,NULL,NULL,NULL,2,1016,1,NULL,NULL,'2025-05-05 13:53:14','2025-05-05 13:53:14',NULL,NULL,NULL),(2400,1.00,'Rendimentos','2025-02-25',0,NULL,NULL,NULL,2,1016,1,NULL,NULL,'2025-05-05 13:53:14','2025-05-05 13:53:14',NULL,NULL,NULL),(2401,1.01,'Rendimentos','2025-02-26',0,NULL,NULL,NULL,2,1016,1,NULL,NULL,'2025-05-05 13:53:14','2025-05-05 13:53:14',NULL,NULL,NULL),(2402,1.00,'Rendimentos','2025-02-27',0,NULL,NULL,NULL,2,1016,1,NULL,NULL,'2025-05-05 13:53:14','2025-05-05 13:53:14',NULL,NULL,NULL),(2403,1.01,'Rendimentos','2025-02-28',0,NULL,NULL,NULL,2,1016,1,NULL,NULL,'2025-05-05 13:53:14','2025-05-05 13:53:14',NULL,NULL,NULL),(2404,0.62,'Rendimentos','2025-04-01',0,NULL,NULL,NULL,2,1016,1,NULL,NULL,'2025-05-05 13:58:16','2025-05-05 13:58:16',NULL,NULL,NULL),(2405,2000.00,'Transferência Pix recebida Marco Antonio Bubola','2025-04-01',0,NULL,NULL,NULL,2,1013,1,NULL,NULL,'2025-05-05 13:58:16','2025-06-05 00:22:02',NULL,34,NULL),(2406,0.61,'Rendimentos','2025-04-02',0,NULL,NULL,NULL,2,1016,1,NULL,NULL,'2025-05-05 13:58:16','2025-05-05 13:58:16',NULL,NULL,NULL),(2407,1.68,'Rendimentos','2025-04-03',0,NULL,NULL,NULL,2,1016,1,NULL,NULL,'2025-05-05 13:58:16','2025-05-05 13:58:16',NULL,NULL,NULL),(2408,70.00,'Transferência enviada Caua Araujo Vaz De Lima','2025-04-03',0,NULL,NULL,NULL,2,1013,2,NULL,NULL,'2025-05-05 13:58:16','2025-05-05 13:58:16',NULL,NULL,NULL),(2409,1.44,'Rendimentos','2025-04-04',0,NULL,NULL,NULL,2,1016,1,NULL,NULL,'2025-05-05 13:58:16','2025-05-05 13:58:16',NULL,NULL,NULL),(2410,1.44,'Rendimentos','2025-04-07',0,NULL,NULL,NULL,2,1016,1,NULL,NULL,'2025-05-05 13:58:16','2025-05-05 13:58:16',NULL,NULL,NULL),(2411,1850.00,'Transferência Pix recebida Marco Antonio Bubola','2025-04-07',0,NULL,NULL,NULL,2,1011,1,NULL,NULL,'2025-05-05 13:58:16','2025-05-21 01:17:08',NULL,NULL,NULL),(2412,2.22,'Rendimentos','2025-04-08',0,NULL,NULL,NULL,2,1016,1,NULL,NULL,'2025-05-05 13:58:16','2025-05-05 13:58:16',NULL,NULL,NULL),(2413,2.23,'Rendimentos','2025-04-09',0,NULL,NULL,NULL,2,1016,1,NULL,NULL,'2025-05-05 13:58:16','2025-05-05 13:58:16',NULL,NULL,NULL),(2414,2.23,'Rendimentos','2025-04-10',0,NULL,NULL,NULL,2,1016,1,NULL,NULL,'2025-05-05 13:58:16','2025-05-05 13:58:16',NULL,NULL,NULL),(2415,2925.12,'Pagamento de contas Banco Inter S.A.','2025-04-10',0,NULL,NULL,NULL,2,1015,2,NULL,NULL,'2025-05-05 13:58:16','2025-05-05 13:58:16',NULL,NULL,NULL),(2416,180.82,'Pagamento de contas Banco Bradesco S.A.','2025-04-10',0,NULL,NULL,NULL,2,1040,2,NULL,NULL,'2025-05-05 13:58:16','2025-06-05 13:04:45',NULL,35,NULL),(2417,81.25,'Pagamento de contas Banco Bradesco S.A.','2025-04-10',0,NULL,NULL,NULL,2,1040,2,NULL,NULL,'2025-05-05 13:58:16','2025-05-21 01:06:25',NULL,35,NULL),(2418,172.73,'Pagamento de contas Banco Bradesco S.A.','2025-04-10',0,NULL,NULL,NULL,2,1040,2,NULL,NULL,'2025-05-05 13:58:16','2025-05-21 01:06:37',NULL,35,NULL),(2419,2.23,'Rendimentos','2025-04-11',0,NULL,NULL,NULL,2,1016,1,NULL,NULL,'2025-05-05 13:58:16','2025-05-05 13:58:16',NULL,NULL,NULL),(2420,67.46,'Pagamento de parcela Empréstimos Mercado Pago','2025-04-11',0,NULL,NULL,NULL,2,1024,2,NULL,NULL,'2025-05-05 13:58:16','2025-05-05 13:58:16',NULL,NULL,NULL),(2421,70.00,'Transferência enviada Caua Araujo Vaz De Lima','2025-04-11',0,NULL,NULL,NULL,2,1013,2,NULL,NULL,'2025-05-05 13:58:16','2025-05-05 13:58:16',NULL,NULL,NULL),(2422,1.50,'Transferência enviada Caua Araujo Vaz De Lima','2025-04-11',0,NULL,NULL,NULL,2,1013,2,NULL,NULL,'2025-05-05 13:58:16','2025-05-05 13:58:16',NULL,NULL,NULL),(2423,100.00,'Transferência Pix enviada VIVIANE BELUCCI','2025-04-13',0,NULL,NULL,NULL,2,1013,2,NULL,NULL,'2025-05-05 13:58:16','2025-05-05 13:58:16',NULL,NULL,NULL),(2424,0.74,'Rendimentos','2025-04-14',0,NULL,NULL,NULL,2,1016,1,NULL,NULL,'2025-05-05 13:58:16','2025-05-05 13:58:16',NULL,NULL,NULL),(2425,676.55,'Pagamento de contas Nu Pagamentos S. A.','2025-04-14',0,NULL,NULL,NULL,2,1010,2,NULL,NULL,'2025-05-05 13:58:16','2025-05-05 13:58:16',NULL,NULL,NULL),(2426,0.70,'Rendimentos','2025-04-15',0,NULL,NULL,NULL,2,1016,1,NULL,NULL,'2025-05-05 13:58:16','2025-05-05 13:58:16',NULL,NULL,NULL),(2427,0.41,'Rendimentos','2025-04-16',0,NULL,NULL,NULL,2,1016,1,NULL,NULL,'2025-05-05 13:58:16','2025-05-05 13:58:16',NULL,NULL,NULL),(2428,200.00,'Transferência Pix enviada Eder Goncalves','2025-04-16',0,NULL,NULL,NULL,2,1013,2,NULL,NULL,'2025-05-05 13:58:16','2025-05-05 13:58:16',NULL,NULL,NULL),(2429,0.41,'Rendimentos','2025-04-17',0,NULL,NULL,NULL,2,1016,1,NULL,NULL,'2025-05-05 13:58:16','2025-05-05 13:58:16',NULL,NULL,NULL),(2430,0.33,'Rendimentos','2025-04-22',0,NULL,NULL,NULL,2,1016,1,NULL,NULL,'2025-05-05 13:58:16','2025-05-05 13:58:16',NULL,NULL,NULL),(2431,0.32,'Rendimentos','2025-04-23',0,NULL,NULL,NULL,2,1016,1,NULL,NULL,'2025-05-05 13:58:16','2025-05-05 13:58:16',NULL,NULL,NULL),(2432,0.33,'Rendimentos','2025-04-24',0,NULL,NULL,NULL,2,1016,1,NULL,NULL,'2025-05-05 13:58:16','2025-05-05 13:58:16',NULL,NULL,NULL),(2433,86.38,'Pagamento com QR Pix BOTICARIO PRODUTOS DE BELEZA LTDA','2025-04-24',0,NULL,NULL,NULL,2,1040,2,NULL,NULL,'2025-05-05 13:58:16','2025-05-21 01:07:13',NULL,35,NULL),(2434,175.00,'Transferência Pix recebida Marco Antonio Bubola','2025-04-24',0,NULL,NULL,NULL,2,1013,1,NULL,NULL,'2025-05-05 13:58:16','2025-06-05 00:32:21',NULL,35,NULL),(2435,0.37,'Rendimentos','2025-04-25',0,NULL,NULL,NULL,2,1016,1,NULL,NULL,'2025-05-05 13:58:16','2025-05-05 13:58:16',NULL,NULL,NULL),(2436,0.36,'Rendimentos','2025-04-28',0,NULL,NULL,NULL,2,1016,1,NULL,NULL,'2025-05-05 13:58:16','2025-05-05 13:58:16',NULL,NULL,NULL),(2437,0.36,'Rendimentos','2025-04-29',0,NULL,NULL,NULL,2,1016,1,NULL,NULL,'2025-05-05 13:58:16','2025-05-05 13:58:16',NULL,NULL,NULL),(2438,0.37,'Rendimentos','2025-04-30',0,NULL,NULL,NULL,2,1016,1,NULL,NULL,'2025-05-05 13:58:16','2025-05-05 13:58:16',NULL,NULL,NULL),(2439,200.00,'Transferência Pix enviada Eder Goncalves','2025-04-30',0,NULL,NULL,NULL,2,1013,2,NULL,NULL,'2025-05-05 13:58:16','2025-05-05 13:58:16',NULL,NULL,NULL),(2440,1.00,'Rendimentos','2025-03-05',0,NULL,NULL,NULL,2,1016,1,NULL,NULL,'2025-05-05 14:02:13','2025-05-05 14:02:13',NULL,NULL,NULL),(2441,1.01,'Rendimentos','2025-03-06',0,NULL,NULL,NULL,2,1016,1,NULL,NULL,'2025-05-05 14:02:13','2025-05-05 14:02:13',NULL,NULL,NULL),(2442,175.72,'Pagamento de contas Banco Bradesco S.A.','2025-03-06',0,NULL,NULL,NULL,2,1040,2,NULL,NULL,'2025-05-05 14:02:13','2025-05-21 22:56:31',NULL,35,NULL),(2443,0.94,'Rendimentos','2025-03-07',0,NULL,NULL,NULL,2,1016,1,NULL,NULL,'2025-05-05 14:02:13','2025-05-05 14:02:13',NULL,NULL,NULL),(2444,62.50,'Transferência enviada Caua Araujo Vaz De Lima','2025-03-07',0,NULL,NULL,NULL,2,1013,2,NULL,NULL,'2025-05-05 14:02:13','2025-05-05 14:02:13',NULL,NULL,NULL),(2445,78.96,'Pagamento de contas Banco Bradesco S.A.','2025-03-07',0,NULL,NULL,NULL,2,1040,2,NULL,NULL,'2025-05-05 14:02:13','2025-05-21 22:59:27',NULL,35,NULL),(2446,0.94,'Rendimentos','2025-03-10',0,NULL,NULL,NULL,2,1016,1,NULL,NULL,'2025-05-05 14:02:13','2025-05-05 14:02:13',NULL,NULL,NULL),(2447,1806.78,'Pagamento de contas Banco Inter S.A.','2025-03-10',0,NULL,NULL,NULL,2,1015,2,NULL,NULL,'2025-05-05 14:02:13','2025-05-05 14:02:13',NULL,NULL,NULL),(2448,172.73,'Pagamento de contas Banco Bradesco S.A.','2025-03-10',0,NULL,NULL,NULL,2,1040,2,NULL,NULL,'2025-05-05 14:02:13','2025-05-21 22:55:24',NULL,35,NULL),(2449,218.61,'Transferência Pix recebida Marco Antonio Bubola','2025-03-10',0,NULL,NULL,NULL,2,1013,1,NULL,NULL,'2025-05-05 14:02:13','2025-06-05 00:38:19',NULL,35,NULL),(2450,0.88,'Rendimentos','2025-03-11',0,NULL,NULL,NULL,2,1016,1,NULL,NULL,'2025-05-05 14:02:13','2025-05-05 14:02:13',NULL,NULL,NULL),(2451,0.19,'Rendimentos','2025-03-12',0,NULL,NULL,NULL,2,1016,1,NULL,NULL,'2025-05-05 14:02:13','2025-05-05 14:02:13',NULL,NULL,NULL),(2452,0.19,'Rendimentos','2025-03-13',0,NULL,NULL,NULL,2,1016,1,NULL,NULL,'2025-05-05 14:02:13','2025-05-05 14:02:13',NULL,NULL,NULL),(2453,1244.76,'Transferência Pix recebida MARCO ANTONIO BUBOLA','2025-03-13',0,NULL,NULL,NULL,2,1011,1,NULL,NULL,'2025-05-05 14:02:13','2025-05-21 23:00:42',NULL,NULL,NULL),(2454,0.19,'Rendimentos','2025-03-14',0,NULL,NULL,NULL,2,1016,1,NULL,NULL,'2025-05-05 14:02:13','2025-05-05 14:02:13',NULL,NULL,NULL),(2455,0.68,'Rendimentos','2025-03-17',0,NULL,NULL,NULL,2,1016,1,NULL,NULL,'2025-05-05 14:02:13','2025-05-05 14:02:13',NULL,NULL,NULL),(2456,0.68,'Rendimentos','2025-03-18',0,NULL,NULL,NULL,2,1016,1,NULL,NULL,'2025-05-05 14:02:13','2025-05-05 14:02:13',NULL,NULL,NULL),(2457,0.69,'Rendimentos','2025-03-19',0,NULL,NULL,NULL,2,1016,1,NULL,NULL,'2025-05-05 14:02:13','2025-05-05 14:02:13',NULL,NULL,NULL),(2458,0.68,'Rendimentos','2025-03-20',0,NULL,NULL,NULL,2,1016,1,NULL,NULL,'2025-05-05 14:02:13','2025-05-05 14:02:13',NULL,NULL,NULL),(2459,0.75,'Rendimentos','2025-03-21',0,NULL,NULL,NULL,2,1016,1,NULL,NULL,'2025-05-05 14:02:13','2025-05-05 14:02:13',NULL,NULL,NULL),(2460,0.73,'Rendimentos','2025-03-24',0,NULL,NULL,NULL,2,1016,1,NULL,NULL,'2025-05-05 14:02:13','2025-05-05 14:02:13',NULL,NULL,NULL),(2461,0.74,'Rendimentos','2025-03-25',0,NULL,NULL,NULL,2,1016,1,NULL,NULL,'2025-05-05 14:02:13','2025-05-05 14:02:13',NULL,NULL,NULL),(2462,0.73,'Rendimentos','2025-03-26',0,NULL,NULL,NULL,2,1016,1,NULL,NULL,'2025-05-05 14:02:13','2025-05-05 14:02:13',NULL,NULL,NULL),(2463,86.64,'Pagamento com QR Pix BOTICARIO PRODUTOS DE BELEZA LTDA','2025-03-26',0,NULL,NULL,NULL,2,1040,2,NULL,NULL,'2025-05-05 14:02:13','2025-05-21 22:55:53',NULL,35,NULL),(2464,200.00,'Transferência Pix enviada Eder Goncalves','2025-03-26',0,NULL,NULL,NULL,2,1013,2,NULL,NULL,'2025-05-05 14:02:13','2025-05-05 14:02:13',NULL,NULL,NULL),(2465,0.71,'Rendimentos','2025-03-27',0,NULL,NULL,NULL,2,1016,1,NULL,NULL,'2025-05-05 14:02:13','2025-05-05 14:02:13',NULL,NULL,NULL),(2466,19.96,'Pagamento com QR Pix GGMAX TECNOLOGIA DA INFORMACAO LTDA','2025-03-27',0,NULL,NULL,NULL,2,1013,2,NULL,NULL,'2025-05-05 14:02:13','2025-05-05 14:02:13',NULL,NULL,NULL),(2467,0.62,'Rendimentos','2025-03-28',0,NULL,NULL,NULL,2,1016,1,NULL,NULL,'2025-05-05 14:02:13','2025-05-05 14:02:13',NULL,NULL,NULL),(2468,9.88,',venda melidolar','2025-03-29',0,NULL,NULL,NULL,2,1026,1,NULL,NULL,'2025-05-05 14:02:13','2025-05-05 14:02:13',NULL,NULL,NULL),(2469,0.60,'Rendimentos','2025-03-31',0,NULL,NULL,NULL,2,1016,1,NULL,NULL,'2025-05-05 14:02:13','2025-05-05 14:02:13',NULL,NULL,NULL),(2470,0.16,'Rendimentos','2024-10-01',0,NULL,NULL,NULL,2,1016,1,NULL,NULL,'2025-05-05 15:20:49','2025-05-05 15:20:49',NULL,NULL,NULL),(2471,160.00,'Transferência Pix enviada ANA CAROLINA FERREIRA COELHO FREIRE','2024-10-01',0,NULL,NULL,NULL,2,1013,2,NULL,NULL,'2025-05-05 15:20:49','2025-06-05 01:01:28',NULL,34,NULL),(2472,0.11,'Rendimentos','2024-10-02',0,NULL,NULL,NULL,2,1016,1,NULL,NULL,'2025-05-05 15:20:49','2025-05-05 15:20:49',NULL,NULL,NULL),(2473,0.10,'Rendimentos','2024-10-03',0,NULL,NULL,NULL,2,1016,1,NULL,NULL,'2025-05-05 15:20:49','2025-05-05 15:20:49',NULL,NULL,NULL),(2474,0.11,'Rendimentos','2024-10-04',0,NULL,NULL,NULL,2,1016,1,NULL,NULL,'2025-05-05 15:20:49','2025-05-05 15:20:49',NULL,NULL,NULL),(2475,12.23,'Pagamento de contas Banco Santander (Brasil) S. A.','2024-10-04',0,NULL,NULL,NULL,2,1014,2,NULL,NULL,'2025-05-05 15:20:49','2025-05-05 15:20:49',NULL,NULL,NULL),(2476,200.00,'Transferência Pix enviada ANA CAROLINA FERREIRA COELHO FREIRE','2024-10-04',0,NULL,NULL,NULL,2,1013,2,NULL,NULL,'2025-05-05 15:20:49','2025-06-05 01:01:47',NULL,34,NULL),(2477,1490.26,'Transferência Pix recebida MARCO ANTONIO BUBOLA','2024-10-04',0,NULL,NULL,NULL,2,1013,1,NULL,NULL,'2025-05-05 15:20:49','2025-05-05 15:20:49',NULL,NULL,NULL),(2478,0.54,'Rendimentos','2024-10-07',0,NULL,NULL,NULL,2,1016,1,NULL,NULL,'2025-05-05 15:20:49','2025-05-05 15:20:49',NULL,NULL,NULL),(2479,0.54,'Rendimentos','2024-10-08',0,NULL,NULL,NULL,2,1016,1,NULL,NULL,'2025-05-05 15:20:49','2025-05-05 15:20:49',NULL,NULL,NULL),(2480,1750.00,'Transferência Pix recebida MARCO ANTONIO BUBOLA','2024-10-08',0,NULL,NULL,NULL,2,1013,1,NULL,NULL,'2025-05-05 15:20:49','2025-05-05 15:20:49',NULL,NULL,NULL),(2481,1.14,'Rendimentos','2024-10-09',0,NULL,NULL,NULL,2,1016,1,NULL,NULL,'2025-05-05 15:20:49','2025-05-05 15:20:49',NULL,NULL,NULL),(2482,36.70,'Pagamento de contas SAAE ITAPIRA','2024-10-09',0,NULL,NULL,NULL,2,1026,2,NULL,NULL,'2025-05-05 15:20:49','2025-05-05 15:20:49',NULL,NULL,NULL),(2483,1.12,'Rendimentos','2024-10-10',0,NULL,NULL,NULL,2,1016,1,NULL,NULL,'2025-05-05 15:20:49','2025-05-05 15:20:49',NULL,NULL,NULL),(2484,123.24,'Pagamento de contas Banco Inter S.A.','2024-10-10',0,NULL,NULL,NULL,2,1015,2,NULL,NULL,'2025-05-05 15:20:49','2025-05-05 15:20:49',NULL,NULL,NULL),(2485,25.00,'Transferência Pix recebida Marco Antonio Bubola','2024-10-10',0,NULL,NULL,NULL,2,1013,1,NULL,NULL,'2025-05-05 15:20:49','2025-05-05 15:20:49',NULL,NULL,NULL),(2486,37.00,'Transferência Pix recebida MARCO ANTONIO BUBOLA','2024-10-10',0,NULL,NULL,NULL,2,1013,1,NULL,NULL,'2025-05-05 15:20:49','2025-05-05 15:20:49',NULL,NULL,NULL),(2487,1.10,'Rendimentos','2024-10-11',0,NULL,NULL,NULL,2,1016,1,NULL,NULL,'2025-05-05 15:20:49','2025-05-05 15:20:49',NULL,NULL,NULL),(2488,1.11,'Rendimentos','2024-10-14',0,NULL,NULL,NULL,2,1016,1,NULL,NULL,'2025-05-05 15:20:49','2025-05-05 15:20:49',NULL,NULL,NULL),(2489,603.19,'Pagamento de contas Nu Pagamentos S. A.','2024-10-14',0,NULL,NULL,NULL,2,1010,2,NULL,NULL,'2025-05-05 15:20:49','2025-05-05 15:20:49',NULL,NULL,NULL),(2490,0.91,'Rendimentos','2024-10-15',0,NULL,NULL,NULL,2,1016,1,NULL,NULL,'2025-05-05 15:20:49','2025-05-05 15:20:49',NULL,NULL,NULL),(2491,0.90,'Rendimentos','2024-10-16',0,NULL,NULL,NULL,2,1016,1,NULL,NULL,'2025-05-05 15:20:49','2025-05-05 15:20:49',NULL,NULL,NULL),(2492,0.90,'Rendimentos','2024-10-17',0,NULL,NULL,NULL,2,1016,1,NULL,NULL,'2025-05-05 15:20:49','2025-05-05 15:20:49',NULL,NULL,NULL),(2493,0.90,'Rendimentos','2024-10-18',0,NULL,NULL,NULL,2,1016,1,NULL,NULL,'2025-05-05 15:20:49','2025-05-05 15:20:49',NULL,NULL,NULL),(2494,900.00,'Transferência Pix recebida Ana Carolina Ferreira Coelho Freire','2024-10-18',0,NULL,NULL,NULL,2,1013,1,NULL,NULL,'2025-05-05 15:20:49','2025-05-05 15:20:49',NULL,NULL,NULL),(2495,90.00,'Transferência enviada Caua Araujo Vaz De Lima','2024-10-19',0,NULL,NULL,NULL,2,1013,2,NULL,NULL,'2025-05-05 15:20:49','2025-05-05 15:20:49',NULL,NULL,NULL),(2496,0.90,'Rendimentos','2024-10-21',0,NULL,NULL,NULL,2,1016,1,NULL,NULL,'2025-05-05 15:20:49','2025-05-05 15:20:49',NULL,NULL,NULL),(2497,1.18,'Rendimentos','2024-10-22',0,NULL,NULL,NULL,2,1016,1,NULL,NULL,'2025-05-05 15:20:49','2025-05-05 15:20:49',NULL,NULL,NULL),(2498,1.18,'Rendimentos','2024-10-23',0,NULL,NULL,NULL,2,1016,1,NULL,NULL,'2025-05-05 15:20:49','2025-05-05 15:20:49',NULL,NULL,NULL),(2499,1.18,'Rendimentos','2024-10-24',0,NULL,NULL,NULL,2,1016,1,NULL,NULL,'2025-05-05 15:20:49','2025-05-05 15:20:49',NULL,NULL,NULL),(2500,1.18,'Rendimentos','2024-10-25',0,NULL,NULL,NULL,2,1016,1,NULL,NULL,'2025-05-05 15:20:49','2025-05-05 15:20:49',NULL,NULL,NULL),(2501,733.11,'Pagamento de contas Banco Santander (Brasil) S. A.','2024-10-25',0,NULL,NULL,NULL,2,1014,2,NULL,NULL,'2025-05-05 15:20:49','2025-05-05 15:20:49',NULL,NULL,NULL),(2502,30.00,'Pagamento com QR Pix MARCO ANTONIO BUBOLA','2024-10-26',0,NULL,NULL,NULL,2,1013,2,NULL,NULL,'2025-05-05 15:20:49','2025-05-05 15:20:49',NULL,NULL,NULL),(2503,1.17,'Rendimentos','2024-10-28',0,NULL,NULL,NULL,2,1016,1,NULL,NULL,'2025-05-05 15:20:49','2025-05-05 15:20:49',NULL,NULL,NULL),(2504,0.92,'Rendimentos','2024-10-29',0,NULL,NULL,NULL,2,1016,1,NULL,NULL,'2025-05-05 15:20:49','2025-05-05 15:20:49',NULL,NULL,NULL),(2505,0.93,'Rendimentos','2024-10-30',0,NULL,NULL,NULL,2,1016,1,NULL,NULL,'2025-05-05 15:20:49','2025-05-05 15:20:49',NULL,NULL,NULL),(2506,11.70,'Transferência Pix recebida MARCO ANTONIO BUBOLA','2024-10-30',0,NULL,NULL,NULL,2,1013,1,NULL,NULL,'2025-05-05 15:20:49','2025-05-05 15:20:49',NULL,NULL,NULL),(2507,18.99,'Pagamento com QR Pix GGMAX TECNOLOGIA DA INFORMACAO LTDA','2024-10-30',0,NULL,NULL,NULL,2,1013,2,NULL,NULL,'2025-05-05 15:20:49','2025-05-05 15:20:49',NULL,NULL,NULL),(2508,0.92,'Rendimentos','2024-10-31',0,NULL,NULL,NULL,2,1016,1,NULL,NULL,'2025-05-05 15:20:49','2025-05-05 15:20:49',NULL,NULL,NULL),(2509,95.51,'Liberação de dinheiro','2024-06-22',0,NULL,NULL,NULL,2,1026,1,NULL,NULL,'2025-05-05 15:26:55','2025-05-05 15:26:55',NULL,NULL,NULL),(2510,0.03,'Rendimentos','2024-06-25',0,NULL,NULL,NULL,2,1016,1,NULL,NULL,'2025-05-05 15:26:55','2025-05-05 15:26:55',NULL,NULL,NULL),(2511,0.03,'Rendimentos','2024-06-26',0,NULL,NULL,NULL,2,1016,1,NULL,NULL,'2025-05-05 15:26:55','2025-05-05 15:26:55',NULL,NULL,NULL),(2512,0.03,'Rendimentos','2024-06-27',0,NULL,NULL,NULL,2,1016,1,NULL,NULL,'2025-05-05 15:26:55','2025-05-05 15:26:55',NULL,NULL,NULL),(2513,0.03,'Rendimentos','2024-06-28',0,NULL,NULL,NULL,2,1016,1,NULL,NULL,'2025-05-05 15:26:55','2025-05-05 15:26:55',NULL,NULL,NULL),(2514,34.93,'Liberação de dinheiro','2024-06-28',0,NULL,NULL,NULL,2,1026,1,NULL,NULL,'2025-05-05 15:26:55','2025-05-05 15:26:55',NULL,NULL,NULL),(2515,0.02,'Rendimentos','2024-07-01',0,NULL,NULL,NULL,2,1016,1,NULL,NULL,'2025-05-05 15:28:42','2025-05-05 15:28:42',NULL,NULL,NULL),(2516,130.58,'Transferência Pix enviada Ana Carolina Ferreira Coelho Freire','2024-07-01',0,NULL,NULL,NULL,2,1013,2,NULL,NULL,'2025-05-05 15:28:42','2025-05-05 15:28:42',NULL,NULL,NULL),(2517,839.18,'Transferência Pix recebida Marco Antonio Bubola','2024-07-01',0,NULL,NULL,NULL,2,1013,1,NULL,NULL,'2025-05-05 15:28:42','2025-05-05 15:28:42',NULL,NULL,NULL),(2518,800.00,'Dinheiro reservado Casa','2024-07-01',0,NULL,NULL,NULL,2,1026,2,NULL,NULL,'2025-05-05 15:28:42','2025-05-05 15:28:42',NULL,NULL,NULL),(2519,160.80,'Transferência Pix recebida Marco Antonio Bubola','2024-07-01',0,NULL,NULL,NULL,2,1013,1,NULL,NULL,'2025-05-05 15:28:42','2025-05-05 15:28:42',NULL,NULL,NULL),(2520,1.00,'Transferência Pix recebida Ana Carolina Ferreira Coelho Freire','2024-07-01',0,NULL,NULL,NULL,2,1013,1,NULL,NULL,'2025-05-05 15:28:42','2025-05-05 15:28:42',NULL,NULL,NULL),(2521,200.98,'Dinheiro reservado Usual','2024-07-01',0,NULL,NULL,NULL,2,1026,2,NULL,NULL,'2025-05-05 15:28:42','2025-05-05 15:28:42',NULL,NULL,NULL),(2522,0.04,'Rendimentos','2024-07-02',0,NULL,NULL,NULL,2,1016,1,NULL,NULL,'2025-05-05 15:28:42','2025-05-05 15:28:42',NULL,NULL,NULL),(2523,639.20,'Transferência Pix recebida Marco Antonio Bubola','2024-07-02',0,NULL,NULL,NULL,2,1013,1,NULL,NULL,'2025-05-05 15:28:42','2025-05-05 15:28:42',NULL,NULL,NULL),(2524,639.24,'Dinheiro reservado Usual','2024-07-02',0,NULL,NULL,NULL,2,1026,2,NULL,NULL,'2025-05-05 15:28:42','2025-05-05 15:28:42',NULL,NULL,NULL),(2525,0.01,'Rendimentos','2024-07-03',0,NULL,NULL,NULL,2,1016,1,NULL,NULL,'2025-05-05 15:28:42','2025-05-05 15:28:42',NULL,NULL,NULL),(2526,0.01,'Rendimentos','2024-07-04',0,NULL,NULL,NULL,2,1016,1,NULL,NULL,'2025-05-05 15:28:42','2025-05-05 15:28:42',NULL,NULL,NULL),(2527,0.01,'Rendimentos','2024-07-05',0,NULL,NULL,NULL,2,1016,1,NULL,NULL,'2025-05-05 15:28:42','2025-05-05 15:28:42',NULL,NULL,NULL),(2528,1700.00,'Transferência Pix recebida Marco Antonio Bubola','2024-07-05',0,NULL,NULL,NULL,2,1013,1,NULL,NULL,'2025-05-05 15:28:42','2025-05-05 15:28:42',NULL,NULL,NULL),(2529,89.90,'Pagamento de contas Banco Inter S.A.','2024-07-05',0,NULL,NULL,NULL,2,1015,2,NULL,NULL,'2025-05-05 15:28:42','2025-05-05 15:28:42',NULL,NULL,NULL),(2530,1610.13,'Dinheiro reservado Usual','2024-07-05',0,NULL,NULL,NULL,2,1026,2,NULL,NULL,'2025-05-05 15:28:42','2025-05-05 15:28:42',NULL,NULL,NULL),(2531,0.01,'Rendimentos','2024-07-08',0,NULL,NULL,NULL,2,1016,1,NULL,NULL,'2025-05-05 15:28:42','2025-05-05 15:28:42',NULL,NULL,NULL),(2532,0.01,'Rendimentos','2024-07-09',0,NULL,NULL,NULL,2,1016,1,NULL,NULL,'2025-05-05 15:28:42','2025-05-05 15:28:42',NULL,NULL,NULL),(2533,0.01,'Rendimentos','2024-07-10',0,NULL,NULL,NULL,2,1016,1,NULL,NULL,'2025-05-05 15:28:42','2025-05-05 15:28:42',NULL,NULL,NULL),(2534,600.00,'Dinheiro retirado Usual','2024-07-10',0,NULL,NULL,NULL,2,1026,1,NULL,NULL,'2025-05-05 15:28:42','2025-05-05 15:28:42',NULL,NULL,NULL),(2535,600.00,'Pagamento de contas Banco Santander (Brasil) S. A.','2024-07-10',0,NULL,NULL,NULL,2,1014,2,NULL,NULL,'2025-05-05 15:28:42','2025-05-05 15:28:42',NULL,NULL,NULL),(2536,20.00,'Dinheiro recebido Individuals_MPB_Banking_Habito','2024-07-10',0,NULL,NULL,NULL,2,1026,1,NULL,NULL,'2025-05-05 15:28:42','2025-05-05 15:28:42',NULL,NULL,NULL),(2537,20.03,'Dinheiro reservado Usual','2024-07-10',0,NULL,NULL,NULL,2,1026,2,NULL,NULL,'2025-05-05 15:28:42','2025-05-05 15:28:42',NULL,NULL,NULL),(2538,0.01,'Rendimentos','2024-07-11',0,NULL,NULL,NULL,2,1016,1,NULL,NULL,'2025-05-05 15:28:42','2025-05-05 15:28:42',NULL,NULL,NULL),(2539,0.01,'Rendimentos','2024-07-12',0,NULL,NULL,NULL,2,1016,1,NULL,NULL,'2025-05-05 15:28:42','2025-05-05 15:28:42',NULL,NULL,NULL),(2540,0.01,'Rendimentos','2024-07-15',0,NULL,NULL,NULL,2,1016,1,NULL,NULL,'2025-05-05 15:28:42','2025-05-05 15:28:42',NULL,NULL,NULL),(2541,457.47,'Dinheiro retirado Usual','2024-07-15',0,NULL,NULL,NULL,2,1026,1,NULL,NULL,'2025-05-05 15:28:42','2025-05-05 15:28:42',NULL,NULL,NULL),(2542,457.47,'Transferência Pix enviada Marco Antonio Bubola','2024-07-15',0,NULL,NULL,NULL,2,1013,2,NULL,NULL,'2025-05-05 15:28:42','2025-05-05 15:28:42',NULL,NULL,NULL),(2543,0.01,'Rendimentos','2024-07-16',0,NULL,NULL,NULL,2,1016,1,NULL,NULL,'2025-05-05 15:28:42','2025-05-05 15:28:42',NULL,NULL,NULL),(2544,0.01,'Rendimentos','2024-07-17',0,NULL,NULL,NULL,2,1016,1,NULL,NULL,'2025-05-05 15:28:42','2025-05-05 15:28:42',NULL,NULL,NULL),(2545,0.01,'Rendimentos','2024-07-18',0,NULL,NULL,NULL,2,1016,1,NULL,NULL,'2025-05-05 15:28:42','2025-05-05 15:28:42',NULL,NULL,NULL),(2546,0.01,'Rendimentos','2024-07-19',0,NULL,NULL,NULL,2,1016,1,NULL,NULL,'2025-05-05 15:28:42','2025-05-05 15:28:42',NULL,NULL,NULL),(2547,1222.00,'Dinheiro retirado Usual','2024-07-20',0,NULL,NULL,NULL,2,1026,1,NULL,NULL,'2025-05-05 15:28:42','2025-05-05 15:28:42',NULL,NULL,NULL),(2548,1221.18,'Pagamento de contas Banco Santander (Brasil) S. A.','2024-07-20',0,NULL,NULL,NULL,2,1014,2,NULL,NULL,'2025-05-05 15:28:42','2025-05-05 15:28:42',NULL,NULL,NULL),(2549,0.01,'Rendimentos','2024-07-22',0,NULL,NULL,NULL,2,1016,1,NULL,NULL,'2025-05-05 15:28:42','2025-05-05 15:28:42',NULL,NULL,NULL),(2550,3.00,'Dinheiro retirado Casa','2024-07-22',0,NULL,NULL,NULL,2,1026,1,NULL,NULL,'2025-05-05 15:28:42','2025-05-05 15:28:42',NULL,NULL,NULL),(2551,3.90,'Dinheiro reservado Usual','2024-07-22',0,NULL,NULL,NULL,2,1026,2,NULL,NULL,'2025-05-05 15:28:42','2025-05-05 15:28:42',NULL,NULL,NULL),(2552,200.00,'Dinheiro retirado Usual','2024-07-22',0,NULL,NULL,NULL,2,1026,1,NULL,NULL,'2025-05-05 15:28:42','2025-05-05 15:28:42',NULL,NULL,NULL),(2553,200.00,'Transferência Pix enviada Marco Antonio Bubola','2024-07-22',0,NULL,NULL,NULL,2,1013,2,NULL,NULL,'2025-05-05 15:28:42','2025-05-05 15:28:42',NULL,NULL,NULL),(2554,820.54,'Transferência Pix recebida Marco Antonio Bubola','2024-08-06',0,NULL,NULL,NULL,2,1013,1,NULL,NULL,'2025-05-05 15:29:55','2025-05-05 15:29:55',NULL,NULL,NULL),(2555,123.51,'Transferência Pix recebida MARCO ANTONIO BUBOLA','2024-08-07',0,NULL,NULL,NULL,2,1013,1,NULL,NULL,'2025-05-05 15:29:55','2025-05-05 15:29:55',NULL,NULL,NULL),(2556,944.05,'Dinheiro reservado Usual','2024-08-07',0,NULL,NULL,NULL,2,1026,2,NULL,NULL,'2025-05-05 15:29:55','2025-05-05 15:29:55',NULL,NULL,NULL),(2557,1600.00,'Transferência Pix recebida Marco Antonio Bubola','2024-08-07',0,NULL,NULL,NULL,2,1013,1,NULL,NULL,'2025-05-05 15:29:55','2025-05-05 15:29:55',NULL,NULL,NULL),(2558,1600.00,'Dinheiro reservado Usual','2024-08-07',0,NULL,NULL,NULL,2,1026,2,NULL,NULL,'2025-05-05 15:29:55','2025-05-05 15:29:55',NULL,NULL,NULL),(2559,448.42,'Transferência Pix recebida Marco Antonio Bubola','2024-08-08',0,NULL,NULL,NULL,2,1013,1,NULL,NULL,'2025-05-05 15:29:55','2025-05-05 15:29:55',NULL,NULL,NULL),(2560,448.42,'Dinheiro reservado Usual','2024-08-08',0,NULL,NULL,NULL,2,1026,2,NULL,NULL,'2025-05-05 15:29:56','2025-05-05 15:29:56',NULL,NULL,NULL),(2561,89.90,'Dinheiro retirado Usual','2024-08-10',0,NULL,NULL,NULL,2,1026,1,NULL,NULL,'2025-05-05 15:29:56','2025-05-05 15:29:56',NULL,NULL,NULL),(2562,89.90,'Pagamento de contas Banco Inter S.A.','2024-08-10',0,NULL,NULL,NULL,2,1015,2,NULL,NULL,'2025-05-05 15:29:56','2025-05-05 15:29:56',NULL,NULL,NULL),(2563,730.18,'Dinheiro retirado Usual','2024-08-14',0,NULL,NULL,NULL,2,1026,1,NULL,NULL,'2025-05-05 15:29:56','2025-05-05 15:29:56',NULL,NULL,NULL),(2564,730.18,'Transferência Pix enviada Marco Antonio Bubola','2024-08-14',0,NULL,NULL,NULL,2,1013,2,NULL,NULL,'2025-05-05 15:29:56','2025-05-05 15:29:56',NULL,NULL,NULL),(2565,2183.22,'Dinheiro retirado Usual','2024-08-23',0,NULL,NULL,NULL,2,1026,1,NULL,NULL,'2025-05-05 15:29:56','2025-05-05 15:29:56',NULL,NULL,NULL),(2566,806.78,'Dinheiro retirado Casa','2024-08-23',0,NULL,NULL,NULL,2,1026,1,NULL,NULL,'2025-05-05 15:29:56','2025-05-05 15:29:56',NULL,NULL,NULL),(2567,2387.44,'Pagamento de contas Banco Santander (Brasil) S. A.','2024-08-23',0,NULL,NULL,NULL,2,1014,2,NULL,NULL,'2025-05-05 15:29:56','2025-05-05 15:29:56',NULL,NULL,NULL),(2568,0.20,'Rendimentos','2024-08-26',0,NULL,NULL,NULL,2,1016,1,NULL,NULL,'2025-05-05 15:29:56','2025-05-05 15:29:56',NULL,NULL,NULL),(2569,0.19,'Rendimentos','2024-08-27',0,NULL,NULL,NULL,2,1016,1,NULL,NULL,'2025-05-05 15:29:56','2025-05-05 15:29:56',NULL,NULL,NULL),(2570,0.19,'Rendimentos','2024-08-28',0,NULL,NULL,NULL,2,1016,1,NULL,NULL,'2025-05-05 15:29:56','2025-05-05 15:29:56',NULL,NULL,NULL),(2571,0.20,'Rendimentos','2024-08-29',0,NULL,NULL,NULL,2,1016,1,NULL,NULL,'2025-05-05 15:29:56','2025-05-05 15:29:56',NULL,NULL,NULL),(2572,0.19,'Rendimentos','2024-08-30',0,NULL,NULL,NULL,2,1016,1,NULL,NULL,'2025-05-05 15:29:56','2025-05-05 15:29:56',NULL,NULL,NULL),(2573,160.00,'Transferência Pix enviada ANA CAROLINA FERREIRA COELHO FREIRE','2024-09-01',0,NULL,NULL,NULL,2,1013,2,NULL,NULL,'2025-05-05 15:31:18','2025-05-05 15:31:18',NULL,NULL,NULL),(2574,0.20,'Rendimentos','2024-09-02',0,NULL,NULL,NULL,2,1016,1,NULL,NULL,'2025-05-05 15:31:18','2025-05-05 15:31:18',NULL,NULL,NULL),(2575,0.14,'Rendimentos','2024-09-03',0,NULL,NULL,NULL,2,1016,1,NULL,NULL,'2025-05-05 15:31:18','2025-05-05 15:31:18',NULL,NULL,NULL),(2576,0.15,'Rendimentos','2024-09-04',0,NULL,NULL,NULL,2,1016,1,NULL,NULL,'2025-05-05 15:31:18','2025-05-05 15:31:18',NULL,NULL,NULL),(2577,0.14,'Rendimentos','2024-09-05',0,NULL,NULL,NULL,2,1016,1,NULL,NULL,'2025-05-05 15:31:18','2025-05-05 15:31:18',NULL,NULL,NULL),(2578,0.15,'Rendimentos','2024-09-06',0,NULL,NULL,NULL,2,1016,1,NULL,NULL,'2025-05-05 15:31:18','2025-05-05 15:31:18',NULL,NULL,NULL),(2579,1710.00,'Transferência Pix recebida MARCO ANTONIO BUBOLA','2024-09-08',0,NULL,NULL,NULL,2,1013,1,NULL,NULL,'2025-05-05 15:31:18','2025-05-05 15:31:18',NULL,NULL,NULL),(2580,0.15,'Rendimentos','2024-09-09',0,NULL,NULL,NULL,2,1016,1,NULL,NULL,'2025-05-05 15:31:18','2025-05-05 15:31:18',NULL,NULL,NULL),(2581,0.69,'Rendimentos','2024-09-10',0,NULL,NULL,NULL,2,1016,1,NULL,NULL,'2025-05-05 15:31:18','2025-05-05 15:31:18',NULL,NULL,NULL),(2582,89.90,'Pagamento de contas Banco Inter S.A.','2024-09-10',0,NULL,NULL,NULL,2,1015,2,NULL,NULL,'2025-05-05 15:31:18','2025-05-05 15:31:18',NULL,NULL,NULL),(2583,0.68,'Rendimentos','2024-09-11',0,NULL,NULL,NULL,2,1016,1,NULL,NULL,'2025-05-05 15:31:18','2025-05-05 15:31:18',NULL,NULL,NULL),(2584,0.67,'Rendimentos','2024-09-12',0,NULL,NULL,NULL,2,1016,1,NULL,NULL,'2025-05-05 15:31:18','2025-05-05 15:31:18',NULL,NULL,NULL),(2585,0.68,'Rendimentos','2024-09-13',0,NULL,NULL,NULL,2,1016,1,NULL,NULL,'2025-05-05 15:31:18','2025-05-05 15:31:18',NULL,NULL,NULL),(2586,737.23,'Transferência Pix enviada Marco Antonio Bubola','2024-09-13',0,NULL,NULL,NULL,2,1013,2,NULL,NULL,'2025-05-05 15:31:18','2025-05-05 15:31:18',NULL,NULL,NULL),(2587,0.43,'Rendimentos','2024-09-16',0,NULL,NULL,NULL,2,1016,1,NULL,NULL,'2025-05-05 15:31:18','2025-05-05 15:31:18',NULL,NULL,NULL),(2588,0.43,'Rendimentos','2024-09-17',0,NULL,NULL,NULL,2,1016,1,NULL,NULL,'2025-05-05 15:31:18','2025-05-05 15:31:18',NULL,NULL,NULL),(2589,234.00,'Transferência Pix recebida Marco Antonio Bubola','2024-09-17',0,NULL,NULL,NULL,2,1013,1,NULL,NULL,'2025-05-05 15:31:18','2025-05-05 15:31:18',NULL,NULL,NULL),(2590,0.52,'Rendimentos','2024-09-18',0,NULL,NULL,NULL,2,1016,1,NULL,NULL,'2025-05-05 15:31:18','2025-05-05 15:31:18',NULL,NULL,NULL),(2591,0.51,'Rendimentos','2024-09-19',0,NULL,NULL,NULL,2,1016,1,NULL,NULL,'2025-05-05 15:31:18','2025-05-05 15:31:18',NULL,NULL,NULL),(2592,0.52,'Rendimentos','2024-09-20',0,NULL,NULL,NULL,2,1016,1,NULL,NULL,'2025-05-05 15:31:18','2025-05-05 15:31:18',NULL,NULL,NULL),(2593,176.03,'Pagamento com QR Pix CAIXA ECONOMICA FEDERAL','2024-09-20',0,NULL,NULL,NULL,2,1013,2,NULL,NULL,'2025-05-05 15:31:18','2025-05-05 15:31:18',NULL,NULL,NULL),(2594,176.03,'Transferência Pix recebida MARCO ANTONIO BUBOLA','2024-09-20',0,NULL,NULL,NULL,2,1013,1,NULL,NULL,'2025-05-05 15:31:18','2025-05-05 15:31:18',NULL,NULL,NULL),(2595,0.52,'Rendimentos','2024-09-23',0,NULL,NULL,NULL,2,1016,1,NULL,NULL,'2025-05-05 15:31:18','2025-05-05 15:31:18',NULL,NULL,NULL),(2596,0.51,'Rendimentos','2024-09-24',0,NULL,NULL,NULL,2,1016,1,NULL,NULL,'2025-05-05 15:31:19','2025-05-05 15:31:19',NULL,NULL,NULL),(2597,800.00,'Transferência Pix recebida Marco Antonio Bubola','2024-09-24',0,NULL,NULL,NULL,2,1013,1,NULL,NULL,'2025-05-05 15:31:19','2025-05-05 15:31:19',NULL,NULL,NULL),(2598,0.80,'Rendimentos','2024-09-25',0,NULL,NULL,NULL,2,1016,1,NULL,NULL,'2025-05-05 15:31:19','2025-05-05 15:31:19',NULL,NULL,NULL),(2599,1848.52,'Pagamento de contas Banco Santander (Brasil) S. A.','2024-09-25',0,NULL,NULL,NULL,2,1014,2,NULL,NULL,'2025-05-05 15:31:19','2025-05-05 15:31:19',NULL,NULL,NULL),(2600,0.17,'Rendimentos','2024-09-26',0,NULL,NULL,NULL,2,1016,1,NULL,NULL,'2025-05-05 15:31:19','2025-05-05 15:31:19',NULL,NULL,NULL),(2601,0.18,'Rendimentos','2024-09-27',0,NULL,NULL,NULL,2,1016,1,NULL,NULL,'2025-05-05 15:31:19','2025-05-05 15:31:19',NULL,NULL,NULL),(2602,0.17,'Rendimentos','2024-09-30',0,NULL,NULL,NULL,2,1016,1,NULL,NULL,'2025-05-05 15:31:19','2025-05-05 15:31:19',NULL,NULL,NULL),(2603,55.00,'Transferência enviada Caua Araujo Vaz De Lima','2024-09-30',0,NULL,NULL,NULL,2,1013,2,NULL,NULL,'2025-05-05 15:31:19','2025-05-05 15:31:19',NULL,NULL,NULL),(2604,160.00,'Transferência Pix enviada ANA CAROLINA FERREIRA COELHO FREIRE','2024-09-01',0,NULL,NULL,NULL,2,1013,2,NULL,NULL,'2025-05-05 15:32:08','2025-05-05 15:32:08',NULL,NULL,NULL),(2605,0.20,'Rendimentos','2024-09-02',0,NULL,NULL,NULL,2,1016,1,NULL,NULL,'2025-05-05 15:32:08','2025-05-05 15:32:08',NULL,NULL,NULL),(2606,0.14,'Rendimentos','2024-09-03',0,NULL,NULL,NULL,2,1016,1,NULL,NULL,'2025-05-05 15:32:08','2025-05-05 15:32:08',NULL,NULL,NULL),(2607,0.15,'Rendimentos','2024-09-04',0,NULL,NULL,NULL,2,1016,1,NULL,NULL,'2025-05-05 15:32:08','2025-05-05 15:32:08',NULL,NULL,NULL),(2608,0.14,'Rendimentos','2024-09-05',0,NULL,NULL,NULL,2,1016,1,NULL,NULL,'2025-05-05 15:32:08','2025-05-05 15:32:08',NULL,NULL,NULL),(2609,0.15,'Rendimentos','2024-09-06',0,NULL,NULL,NULL,2,1016,1,NULL,NULL,'2025-05-05 15:32:08','2025-05-05 15:32:08',NULL,NULL,NULL),(2610,1710.00,'Transferência Pix recebida MARCO ANTONIO BUBOLA','2024-09-08',0,NULL,NULL,NULL,2,1013,1,NULL,NULL,'2025-05-05 15:32:08','2025-05-05 15:32:08',NULL,NULL,NULL),(2611,0.15,'Rendimentos','2024-09-09',0,NULL,NULL,NULL,2,1016,1,NULL,NULL,'2025-05-05 15:32:08','2025-05-05 15:32:08',NULL,NULL,NULL),(2612,0.69,'Rendimentos','2024-09-10',0,NULL,NULL,NULL,2,1016,1,NULL,NULL,'2025-05-05 15:32:08','2025-05-05 15:32:08',NULL,NULL,NULL),(2613,89.90,'Pagamento de contas Banco Inter S.A.','2024-09-10',0,NULL,NULL,NULL,2,1015,2,NULL,NULL,'2025-05-05 15:32:08','2025-05-05 15:32:08',NULL,NULL,NULL),(2614,0.68,'Rendimentos','2024-09-11',0,NULL,NULL,NULL,2,1016,1,NULL,NULL,'2025-05-05 15:32:08','2025-05-05 15:32:08',NULL,NULL,NULL),(2615,0.67,'Rendimentos','2024-09-12',0,NULL,NULL,NULL,2,1016,1,NULL,NULL,'2025-05-05 15:32:08','2025-05-05 15:32:08',NULL,NULL,NULL),(2616,0.68,'Rendimentos','2024-09-13',0,NULL,NULL,NULL,2,1016,1,NULL,NULL,'2025-05-05 15:32:08','2025-05-05 15:32:08',NULL,NULL,NULL),(2617,737.23,'Transferência Pix enviada Marco Antonio Bubola','2024-09-13',0,NULL,NULL,NULL,2,1013,2,NULL,NULL,'2025-05-05 15:32:08','2025-05-05 15:32:08',NULL,NULL,NULL),(2618,0.43,'Rendimentos','2024-09-16',0,NULL,NULL,NULL,2,1016,1,NULL,NULL,'2025-05-05 15:32:08','2025-05-05 15:32:08',NULL,NULL,NULL),(2619,0.43,'Rendimentos','2024-09-17',0,NULL,NULL,NULL,2,1016,1,NULL,NULL,'2025-05-05 15:32:08','2025-05-05 15:32:08',NULL,NULL,NULL),(2620,234.00,'Transferência Pix recebida Marco Antonio Bubola','2024-09-17',0,NULL,NULL,NULL,2,1013,1,NULL,NULL,'2025-05-05 15:32:08','2025-05-05 15:32:08',NULL,NULL,NULL),(2621,0.52,'Rendimentos','2024-09-18',0,NULL,NULL,NULL,2,1016,1,NULL,NULL,'2025-05-05 15:32:08','2025-05-05 15:32:08',NULL,NULL,NULL),(2622,0.51,'Rendimentos','2024-09-19',0,NULL,NULL,NULL,2,1016,1,NULL,NULL,'2025-05-05 15:32:08','2025-05-05 15:32:08',NULL,NULL,NULL),(2623,0.52,'Rendimentos','2024-09-20',0,NULL,NULL,NULL,2,1016,1,NULL,NULL,'2025-05-05 15:32:08','2025-05-05 15:32:08',NULL,NULL,NULL),(2624,176.03,'Pagamento com QR Pix CAIXA ECONOMICA FEDERAL','2024-09-20',0,NULL,NULL,NULL,2,1013,2,NULL,NULL,'2025-05-05 15:32:08','2025-05-05 15:32:08',NULL,NULL,NULL),(2625,176.03,'Transferência Pix recebida MARCO ANTONIO BUBOLA','2024-09-20',0,NULL,NULL,NULL,2,1013,1,NULL,NULL,'2025-05-05 15:32:08','2025-05-05 15:32:08',NULL,NULL,NULL),(2626,0.52,'Rendimentos','2024-09-23',0,NULL,NULL,NULL,2,1016,1,NULL,NULL,'2025-05-05 15:32:08','2025-05-05 15:32:08',NULL,NULL,NULL),(2627,0.51,'Rendimentos','2024-09-24',0,NULL,NULL,NULL,2,1016,1,NULL,NULL,'2025-05-05 15:32:08','2025-05-05 15:32:08',NULL,NULL,NULL),(2628,800.00,'Transferência Pix recebida Marco Antonio Bubola','2024-09-24',0,NULL,NULL,NULL,2,1013,1,NULL,NULL,'2025-05-05 15:32:08','2025-05-05 15:32:08',NULL,NULL,NULL),(2629,0.80,'Rendimentos','2024-09-25',0,NULL,NULL,NULL,2,1016,1,NULL,NULL,'2025-05-05 15:32:08','2025-05-05 15:32:08',NULL,NULL,NULL),(2630,1848.52,'Pagamento de contas Banco Santander (Brasil) S. A.','2024-09-25',0,NULL,NULL,NULL,2,1014,2,NULL,NULL,'2025-05-05 15:32:08','2025-05-05 15:32:08',NULL,NULL,NULL),(2631,0.17,'Rendimentos','2024-09-26',0,NULL,NULL,NULL,2,1016,1,NULL,NULL,'2025-05-05 15:32:08','2025-05-05 15:32:08',NULL,NULL,NULL),(2632,0.18,'Rendimentos','2024-09-27',0,NULL,NULL,NULL,2,1016,1,NULL,NULL,'2025-05-05 15:32:08','2025-05-05 15:32:08',NULL,NULL,NULL),(2633,0.17,'Rendimentos','2024-09-30',0,NULL,NULL,NULL,2,1016,1,NULL,NULL,'2025-05-05 15:32:08','2025-05-05 15:32:08',NULL,NULL,NULL),(2634,55.00,'Transferência enviada Caua Araujo Vaz De Lima','2024-09-30',0,NULL,NULL,NULL,2,1026,2,NULL,NULL,'2025-05-05 15:32:08','2025-05-05 15:32:08',NULL,NULL,NULL),(2642,33.00,'pagamentos','2025-03-10',0,NULL,NULL,NULL,2,1026,1,NULL,NULL,'2025-06-05 00:40:37','2025-06-05 00:40:37',NULL,NULL,NULL),(2643,350.00,'Transferência Pix recebida Marco Antonio Bubola','2025-01-06',0,NULL,NULL,NULL,2,1013,1,NULL,NULL,'2025-06-05 00:57:42','2025-06-05 00:57:42',NULL,NULL,NULL),(2724,4040.97,'De  al 31-05-2025Periodo: Entradas: Saidas: DETALHE DOS MOVIMENTOS','2025-05-01',0,NULL,NULL,NULL,1,1042,2,NULL,NULL,'2025-06-17 13:33:51','2025-06-17 13:33:51',NULL,NULL,NULL),(2725,0.36,'Rendimentos','2025-05-02',0,NULL,NULL,NULL,1,1042,1,NULL,NULL,'2025-06-17 13:33:51','2025-06-17 13:33:51',NULL,NULL,NULL),(2726,0.28,'Rendimentos','2025-05-05',0,NULL,NULL,NULL,1,1042,1,NULL,NULL,'2025-06-17 13:33:51','2025-06-17 13:33:51',NULL,NULL,NULL),(2727,0.27,'Rendimentos','2025-05-06',0,NULL,NULL,NULL,1,1042,1,NULL,NULL,'2025-06-17 13:33:51','2025-06-17 13:33:51',NULL,NULL,NULL),(2728,0.28,'Rendimentos','2025-05-07',0,NULL,NULL,NULL,1,1042,1,NULL,NULL,'2025-06-17 13:33:51','2025-06-17 13:33:51',NULL,NULL,NULL),(2729,213.10,'Transferência Pix recebida Marco Antonio Bubola','2025-05-07',0,NULL,NULL,NULL,1,1042,1,NULL,NULL,'2025-06-17 13:33:51','2025-06-17 13:33:51',NULL,NULL,NULL),(2730,0.28,'Rendimentos','2025-05-08',0,NULL,NULL,NULL,1,1042,1,NULL,NULL,'2025-06-17 13:33:51','2025-06-17 13:33:51',NULL,NULL,NULL),(2731,0.39,'Rendimentos','2025-05-09',0,NULL,NULL,NULL,1,1042,1,NULL,NULL,'2025-06-17 13:33:51','2025-06-17 13:33:51',NULL,NULL,NULL),(2732,168.84,'Pagamento de contas Banco Bradesco S.A.','2025-05-09',0,NULL,NULL,NULL,1,1042,2,NULL,NULL,'2025-06-17 13:33:51','2025-06-17 13:33:51',NULL,NULL,NULL),(2733,1900.00,'Transferência Pix recebida Marco Antonio Bubola','2025-05-11',0,NULL,NULL,NULL,1,1042,1,NULL,NULL,'2025-06-17 13:33:51','2025-06-17 13:33:51',NULL,NULL,NULL),(2734,2023.18,'Pagamento de contas Banco Inter S.A.','2025-05-11',0,NULL,NULL,NULL,1,1042,2,NULL,NULL,'2025-06-17 13:33:51','2025-06-17 13:33:51',NULL,NULL,NULL),(2735,0.30,'Rendimentos','2025-05-12',0,NULL,NULL,NULL,1,1042,1,NULL,NULL,'2025-06-17 13:33:51','2025-06-17 13:33:51',NULL,NULL,NULL),(2736,67.46,'Débito por dívida Empréstimos Mercado Pago','2025-05-12',0,NULL,NULL,NULL,1,1042,2,NULL,NULL,'2025-06-17 13:33:51','2025-06-17 13:33:51',NULL,NULL,NULL),(2737,200.00,'Transferência Pix recebida Marco Antonio Bubola','2025-05-12',0,NULL,NULL,NULL,1,1042,1,NULL,NULL,'2025-06-17 13:33:51','2025-06-17 13:33:51',NULL,NULL,NULL),(2738,0.23,'Rendimentos','2025-05-13',0,NULL,NULL,NULL,1,1042,1,NULL,NULL,'2025-06-17 13:33:51','2025-06-17 13:33:51',NULL,NULL,NULL),(2739,0.31,'Rendimentos','2025-05-14',0,NULL,NULL,NULL,1,1042,1,NULL,NULL,'2025-06-17 13:33:51','2025-06-17 13:33:51',NULL,NULL,NULL),(2740,0.31,'Rendimentos','2025-05-15',0,NULL,NULL,NULL,1,1042,1,NULL,NULL,'2025-06-17 13:33:51','2025-06-17 13:33:51',NULL,NULL,NULL),(2741,546.64,'Pagamento de contas Nu Pagamentos S. A.','2025-05-15',0,NULL,NULL,NULL,1,1042,2,NULL,NULL,'2025-06-17 13:33:51','2025-06-17 13:33:51',NULL,NULL,NULL),(2742,0.31,'Rendimentos','2025-05-16',0,NULL,NULL,NULL,1,1042,1,NULL,NULL,'2025-06-17 13:33:51','2025-06-17 13:33:51',NULL,NULL,NULL),(2743,96.00,'Transferência enviada Caua Araujo Vaz De Lima','2025-05-16',0,NULL,NULL,NULL,1,1042,2,NULL,NULL,'2025-06-17 13:33:51','2025-06-17 13:33:51',NULL,NULL,NULL),(2744,605.00,'Transferência Pix recebida Marco Antonio Bubola','2025-05-18',0,NULL,NULL,NULL,1,1042,1,NULL,NULL,'2025-06-17 13:33:51','2025-06-17 13:33:51',NULL,NULL,NULL),(2745,605.00,'Dinheiro reservado Eudora','2025-05-18',0,NULL,NULL,NULL,1,1042,2,NULL,NULL,'2025-06-17 13:33:51','2025-06-17 13:33:51',NULL,NULL,NULL),(2746,0.04,'Rendimentos','2025-05-19',0,NULL,NULL,NULL,1,1042,1,NULL,NULL,'2025-06-17 13:33:51','2025-06-17 13:33:51',NULL,NULL,NULL),(2747,0.02,'Rendimentos','2025-05-20',0,NULL,NULL,NULL,1,1042,1,NULL,NULL,'2025-06-17 13:33:51','2025-06-17 13:33:51',NULL,NULL,NULL),(2748,0.02,'Rendimentos','2025-05-21',0,NULL,NULL,NULL,1,1042,1,NULL,NULL,'2025-06-17 13:33:51','2025-06-17 13:33:51',NULL,NULL,NULL),(2749,0.02,'Rendimentos','2025-05-22',0,NULL,NULL,NULL,1,1042,1,NULL,NULL,'2025-06-17 13:33:51','2025-06-17 13:33:51',NULL,NULL,NULL),(2750,13.85,'Pagamento com QR Pix SEM PARAR INSTITUICAO DE PAGAMENTO LTDA','2025-05-22',0,NULL,NULL,NULL,1,1042,2,NULL,NULL,'2025-06-17 13:33:51','2025-06-17 13:33:51',NULL,NULL,NULL),(2751,0.02,'Rendimentos','2025-05-23',0,NULL,NULL,NULL,1,1042,1,NULL,NULL,'2025-06-17 13:33:51','2025-06-17 13:33:51',NULL,NULL,NULL),(2752,80.00,'Transferência Pix recebida ANA CAROLINA FERREIRA COELHO FREIRE','2025-05-23',0,NULL,NULL,NULL,1,1042,1,NULL,NULL,'2025-06-17 13:33:51','2025-06-17 13:33:51',NULL,NULL,NULL),(2753,0.02,'Rendimentos','2025-05-26',0,NULL,NULL,NULL,1,1042,1,NULL,NULL,'2025-06-17 13:33:51','2025-06-17 13:33:51',NULL,NULL,NULL),(2754,100.00,'Transferência Pix enviada Eder Goncalves','2025-05-26',0,NULL,NULL,NULL,1,1042,2,NULL,NULL,'2025-06-17 13:33:51','2025-06-17 13:33:51',NULL,NULL,NULL),(2755,0.05,'Rendimentos','2025-05-27',0,NULL,NULL,NULL,1,1042,1,NULL,NULL,'2025-06-17 13:33:51','2025-06-17 13:33:51',NULL,NULL,NULL),(2756,100.00,'Transferência Pix recebida ANA CAROLINA FERREIRA COELHO FREIRE','2025-05-27',0,NULL,NULL,NULL,1,1042,1,NULL,NULL,'2025-06-17 13:33:51','2025-06-17 13:33:51',NULL,NULL,NULL),(2757,100.00,'Dinheiro reservado Eudora','2025-05-27',0,NULL,NULL,NULL,1,1042,2,NULL,NULL,'2025-06-17 13:33:51','2025-06-17 13:33:51',NULL,NULL,NULL),(2758,0.01,'Rendimentos','2025-05-28',0,NULL,NULL,NULL,1,1042,1,NULL,NULL,'2025-06-17 13:33:51','2025-06-17 13:33:51',NULL,NULL,NULL),(2759,0.01,'Rendimentos','2025-05-29',0,NULL,NULL,NULL,1,1042,1,NULL,NULL,'2025-06-17 13:33:51','2025-06-17 13:33:51',NULL,NULL,NULL),(2760,0.01,'Rendimentos','2025-05-30',0,NULL,NULL,NULL,1,1042,1,NULL,NULL,'2025-06-17 13:33:51','2025-06-17 13:33:51',NULL,NULL,NULL),(2761,160.00,'Dinheiro retirado Eudora','2025-05-30',0,NULL,NULL,NULL,1,1042,1,NULL,NULL,'2025-06-17 13:33:51','2025-06-17 13:33:51',NULL,NULL,NULL),(2762,160.00,'Transferência enviada Caua Araujo Vaz De Lima','2025-05-30',0,NULL,NULL,NULL,1,1042,2,NULL,NULL,'2025-06-17 13:33:51','2025-06-17 13:33:51',NULL,NULL,NULL),(2763,160.00,'Transferência cancelada Caua Araujo Vaz De Lima','2025-05-30',0,NULL,NULL,NULL,1,1042,1,NULL,NULL,'2025-06-17 13:33:51','2025-06-17 13:33:51',NULL,NULL,NULL),(2764,160.00,'Dinheiro reservado Eudora','2025-05-30',0,NULL,NULL,NULL,1,1042,2,NULL,NULL,'2025-06-17 13:33:51','2025-06-17 13:33:51',NULL,NULL,NULL),(2765,4040.97,'De  al 31-05-2025Periodo: Entradas: Saidas: DETALHE DOS MOVIMENTOS','2025-05-01',0,NULL,NULL,NULL,1,1042,2,NULL,NULL,'2025-06-17 13:34:59','2025-06-17 13:34:59',NULL,NULL,NULL),(2766,0.36,'Rendimentos','2025-05-02',0,NULL,NULL,NULL,1,1042,1,NULL,NULL,'2025-06-17 13:34:59','2025-06-17 13:34:59',NULL,NULL,NULL),(2767,0.28,'Rendimentos','2025-05-05',0,NULL,NULL,NULL,1,1042,1,NULL,NULL,'2025-06-17 13:34:59','2025-06-17 13:34:59',NULL,NULL,NULL),(2768,0.27,'Rendimentos','2025-05-06',0,NULL,NULL,NULL,1,1042,1,NULL,NULL,'2025-06-17 13:34:59','2025-06-17 13:34:59',NULL,NULL,NULL),(2769,0.28,'Rendimentos','2025-05-07',0,NULL,NULL,NULL,1,1042,1,NULL,NULL,'2025-06-17 13:34:59','2025-06-17 13:34:59',NULL,NULL,NULL),(2770,213.10,'Transferência Pix recebida Marco Antonio Bubola','2025-05-07',0,NULL,NULL,NULL,1,1042,1,NULL,NULL,'2025-06-17 13:34:59','2025-06-17 13:34:59',NULL,NULL,NULL),(2771,0.28,'Rendimentos','2025-05-08',0,NULL,NULL,NULL,1,1042,1,NULL,NULL,'2025-06-17 13:34:59','2025-06-17 13:34:59',NULL,NULL,NULL),(2772,0.39,'Rendimentos','2025-05-09',0,NULL,NULL,NULL,1,1042,1,NULL,NULL,'2025-06-17 13:34:59','2025-06-17 13:34:59',NULL,NULL,NULL),(2773,168.84,'Pagamento de contas Banco Bradesco S.A.','2025-05-09',0,NULL,NULL,NULL,1,1042,2,NULL,NULL,'2025-06-17 13:34:59','2025-06-17 13:34:59',NULL,NULL,NULL),(2774,1900.00,'Transferência Pix recebida Marco Antonio Bubola','2025-05-11',0,NULL,NULL,NULL,1,1042,1,NULL,NULL,'2025-06-17 13:34:59','2025-06-17 13:34:59',NULL,NULL,NULL),(2775,2023.18,'Pagamento de contas Banco Inter S.A.','2025-05-11',0,NULL,NULL,NULL,1,1042,2,NULL,NULL,'2025-06-17 13:34:59','2025-06-17 13:34:59',NULL,NULL,NULL),(2776,0.30,'Rendimentos','2025-05-12',0,NULL,NULL,NULL,1,1042,1,NULL,NULL,'2025-06-17 13:34:59','2025-06-17 13:34:59',NULL,NULL,NULL),(2777,67.46,'Débito por dívida Empréstimos Mercado Pago','2025-05-12',0,NULL,NULL,NULL,1,1042,2,NULL,NULL,'2025-06-17 13:34:59','2025-06-17 13:34:59',NULL,NULL,NULL),(2778,200.00,'Transferência Pix recebida Marco Antonio Bubola','2025-05-12',0,NULL,NULL,NULL,1,1042,1,NULL,NULL,'2025-06-17 13:34:59','2025-06-17 13:34:59',NULL,NULL,NULL),(2779,0.23,'Rendimentos','2025-05-13',0,NULL,NULL,NULL,1,1042,1,NULL,NULL,'2025-06-17 13:34:59','2025-06-17 13:34:59',NULL,NULL,NULL),(2780,0.31,'Rendimentos','2025-05-14',0,NULL,NULL,NULL,1,1042,1,NULL,NULL,'2025-06-17 13:34:59','2025-06-17 13:34:59',NULL,NULL,NULL),(2781,0.31,'Rendimentos','2025-05-15',0,NULL,NULL,NULL,1,1042,1,NULL,NULL,'2025-06-17 13:34:59','2025-06-17 13:34:59',NULL,NULL,NULL),(2782,546.64,'Pagamento de contas Nu Pagamentos S. A.','2025-05-15',0,NULL,NULL,NULL,1,1042,2,NULL,NULL,'2025-06-17 13:34:59','2025-06-17 13:34:59',NULL,NULL,NULL),(2783,0.31,'Rendimentos','2025-05-16',0,NULL,NULL,NULL,1,1042,1,NULL,NULL,'2025-06-17 13:34:59','2025-06-17 13:34:59',NULL,NULL,NULL),(2784,96.00,'Transferência enviada Caua Araujo Vaz De Lima','2025-05-16',0,NULL,NULL,NULL,1,1042,2,NULL,NULL,'2025-06-17 13:34:59','2025-06-17 13:34:59',NULL,NULL,NULL),(2785,605.00,'Transferência Pix recebida Marco Antonio Bubola','2025-05-18',0,NULL,NULL,NULL,1,1042,1,NULL,NULL,'2025-06-17 13:34:59','2025-06-17 13:34:59',NULL,NULL,NULL),(2786,605.00,'Dinheiro reservado Eudora','2025-05-18',0,NULL,NULL,NULL,1,1042,2,NULL,NULL,'2025-06-17 13:34:59','2025-06-17 13:34:59',NULL,NULL,NULL),(2787,0.04,'Rendimentos','2025-05-19',0,NULL,NULL,NULL,1,1042,1,NULL,NULL,'2025-06-17 13:34:59','2025-06-17 13:34:59',NULL,NULL,NULL),(2788,0.02,'Rendimentos','2025-05-20',0,NULL,NULL,NULL,1,1042,1,NULL,NULL,'2025-06-17 13:34:59','2025-06-17 13:34:59',NULL,NULL,NULL),(2789,0.02,'Rendimentos','2025-05-21',0,NULL,NULL,NULL,1,1042,1,NULL,NULL,'2025-06-17 13:34:59','2025-06-17 13:34:59',NULL,NULL,NULL),(2790,0.02,'Rendimentos','2025-05-22',0,NULL,NULL,NULL,1,1042,1,NULL,NULL,'2025-06-17 13:34:59','2025-06-17 13:34:59',NULL,NULL,NULL),(2791,13.85,'Pagamento com QR Pix SEM PARAR INSTITUICAO DE PAGAMENTO LTDA','2025-05-22',0,NULL,NULL,NULL,1,1042,2,NULL,NULL,'2025-06-17 13:34:59','2025-06-17 13:34:59',NULL,NULL,NULL),(2792,0.02,'Rendimentos','2025-05-23',0,NULL,NULL,NULL,1,1042,1,NULL,NULL,'2025-06-17 13:34:59','2025-06-17 13:34:59',NULL,NULL,NULL),(2793,80.00,'Transferência Pix recebida ANA CAROLINA FERREIRA COELHO FREIRE','2025-05-23',0,NULL,NULL,NULL,1,1042,1,NULL,NULL,'2025-06-17 13:34:59','2025-06-17 13:34:59',NULL,NULL,NULL),(2794,0.02,'Rendimentos','2025-05-26',0,NULL,NULL,NULL,1,1042,1,NULL,NULL,'2025-06-17 13:34:59','2025-06-17 13:34:59',NULL,NULL,NULL),(2795,100.00,'Transferência Pix enviada Eder Goncalves','2025-05-26',0,NULL,NULL,NULL,1,1042,2,NULL,NULL,'2025-06-17 13:34:59','2025-06-17 13:34:59',NULL,NULL,NULL),(2796,0.05,'Rendimentos','2025-05-27',0,NULL,NULL,NULL,1,1042,1,NULL,NULL,'2025-06-17 13:34:59','2025-06-17 13:34:59',NULL,NULL,NULL),(2797,100.00,'Transferência Pix recebida ANA CAROLINA FERREIRA COELHO FREIRE','2025-05-27',0,NULL,NULL,NULL,1,1042,1,NULL,NULL,'2025-06-17 13:34:59','2025-06-17 13:34:59',NULL,NULL,NULL),(2798,100.00,'Dinheiro reservado Eudora','2025-05-27',0,NULL,NULL,NULL,1,1042,2,NULL,NULL,'2025-06-17 13:34:59','2025-06-17 13:34:59',NULL,NULL,NULL),(2799,0.01,'Rendimentos','2025-05-28',0,NULL,NULL,NULL,1,1042,1,NULL,NULL,'2025-06-17 13:34:59','2025-06-17 13:34:59',NULL,NULL,NULL),(2800,0.01,'Rendimentos','2025-05-29',0,NULL,NULL,NULL,1,1042,1,NULL,NULL,'2025-06-17 13:34:59','2025-06-17 13:34:59',NULL,NULL,NULL),(2801,0.01,'Rendimentos','2025-05-30',0,NULL,NULL,NULL,1,1042,1,NULL,NULL,'2025-06-17 13:34:59','2025-06-17 13:34:59',NULL,NULL,NULL),(2802,160.00,'Dinheiro retirado Eudora','2025-05-30',0,NULL,NULL,NULL,1,1042,1,NULL,NULL,'2025-06-17 13:34:59','2025-06-17 13:34:59',NULL,NULL,NULL),(2803,160.00,'Transferência enviada Caua Araujo Vaz De Lima','2025-05-30',0,NULL,NULL,NULL,1,1042,2,NULL,NULL,'2025-06-17 13:34:59','2025-06-17 13:34:59',NULL,NULL,NULL),(2804,160.00,'Transferência cancelada Caua Araujo Vaz De Lima','2025-05-30',0,NULL,NULL,NULL,1,1042,1,NULL,NULL,'2025-06-17 13:34:59','2025-06-17 13:34:59',NULL,NULL,NULL),(2805,160.00,'Dinheiro reservado Eudora','2025-05-30',0,NULL,NULL,NULL,1,1042,2,NULL,NULL,'2025-06-17 13:34:59','2025-06-17 13:34:59',NULL,NULL,NULL),(2806,4040.97,'De  al 31-05-2025Periodo: Entradas: Saidas: DETALHE DOS MOVIMENTOS','2025-05-01',0,NULL,NULL,NULL,1,1042,2,NULL,NULL,'2025-06-17 13:40:23','2025-06-17 13:40:23',NULL,NULL,NULL),(2807,0.36,'Rendimentos','2025-05-02',0,NULL,NULL,NULL,1,1042,1,NULL,NULL,'2025-06-17 13:40:23','2025-06-17 13:40:23',NULL,NULL,NULL),(2808,0.28,'Rendimentos','2025-05-05',0,NULL,NULL,NULL,1,1042,1,NULL,NULL,'2025-06-17 13:40:23','2025-06-17 13:40:23',NULL,NULL,NULL),(2809,0.27,'Rendimentos','2025-05-06',0,NULL,NULL,NULL,1,1042,1,NULL,NULL,'2025-06-17 13:40:23','2025-06-17 13:40:23',NULL,NULL,NULL),(2810,0.28,'Rendimentos','2025-05-07',0,NULL,NULL,NULL,1,1042,1,NULL,NULL,'2025-06-17 13:40:23','2025-06-17 13:40:23',NULL,NULL,NULL),(2811,213.10,'Transferência Pix recebida Marco Antonio Bubola','2025-05-07',0,NULL,NULL,NULL,1,1042,1,NULL,NULL,'2025-06-17 13:40:23','2025-06-17 13:40:23',NULL,NULL,NULL),(2812,0.28,'Rendimentos','2025-05-08',0,NULL,NULL,NULL,1,1042,1,NULL,NULL,'2025-06-17 13:40:23','2025-06-17 13:40:23',NULL,NULL,NULL),(2813,0.39,'Rendimentos','2025-05-09',0,NULL,NULL,NULL,1,1042,1,NULL,NULL,'2025-06-17 13:40:23','2025-06-17 13:40:23',NULL,NULL,NULL),(2814,168.84,'Pagamento de contas Banco Bradesco S.A.','2025-05-09',0,NULL,NULL,NULL,1,1042,2,NULL,NULL,'2025-06-17 13:40:23','2025-06-17 13:40:23',NULL,NULL,NULL),(2815,1900.00,'Transferência Pix recebida Marco Antonio Bubola','2025-05-11',0,NULL,NULL,NULL,1,1042,1,NULL,NULL,'2025-06-17 13:40:23','2025-06-17 13:40:23',NULL,NULL,NULL),(2816,2023.18,'Pagamento de contas Banco Inter S.A.','2025-05-11',0,NULL,NULL,NULL,1,1042,2,NULL,NULL,'2025-06-17 13:40:23','2025-06-17 13:40:23',NULL,NULL,NULL),(2817,0.30,'Rendimentos','2025-05-12',0,NULL,NULL,NULL,1,1042,1,NULL,NULL,'2025-06-17 13:40:23','2025-06-17 13:40:23',NULL,NULL,NULL),(2818,67.46,'Débito por dívida Empréstimos Mercado Pago','2025-05-12',0,NULL,NULL,NULL,1,1042,2,NULL,NULL,'2025-06-17 13:40:23','2025-06-17 13:40:23',NULL,NULL,NULL),(2819,200.00,'Transferência Pix recebida Marco Antonio Bubola','2025-05-12',0,NULL,NULL,NULL,1,1042,1,NULL,NULL,'2025-06-17 13:40:23','2025-06-17 13:40:23',NULL,NULL,NULL),(2820,0.23,'Rendimentos','2025-05-13',0,NULL,NULL,NULL,1,1042,1,NULL,NULL,'2025-06-17 13:40:24','2025-06-17 13:40:24',NULL,NULL,NULL),(2821,0.31,'Rendimentos','2025-05-14',0,NULL,NULL,NULL,1,1042,1,NULL,NULL,'2025-06-17 13:40:24','2025-06-17 13:40:24',NULL,NULL,NULL),(2822,0.31,'Rendimentos','2025-05-15',0,NULL,NULL,NULL,1,1042,1,NULL,NULL,'2025-06-17 13:40:24','2025-06-17 13:40:24',NULL,NULL,NULL),(2823,546.64,'Pagamento de contas Nu Pagamentos S. A.','2025-05-15',0,NULL,NULL,NULL,1,1042,2,NULL,NULL,'2025-06-17 13:40:24','2025-06-17 13:40:24',NULL,NULL,NULL),(2824,0.31,'Rendimentos','2025-05-16',0,NULL,NULL,NULL,1,1042,1,NULL,NULL,'2025-06-17 13:40:24','2025-06-17 13:40:24',NULL,NULL,NULL),(2825,96.00,'Transferência enviada Caua Araujo Vaz De Lima','2025-05-16',0,NULL,NULL,NULL,1,1042,2,NULL,NULL,'2025-06-17 13:40:24','2025-06-17 13:40:24',NULL,NULL,NULL),(2826,605.00,'Transferência Pix recebida Marco Antonio Bubola','2025-05-18',0,NULL,NULL,NULL,1,1042,1,NULL,NULL,'2025-06-17 13:40:24','2025-06-17 13:40:24',NULL,NULL,NULL),(2827,605.00,'Dinheiro reservado Eudora','2025-05-18',0,NULL,NULL,NULL,1,1042,2,NULL,NULL,'2025-06-17 13:40:24','2025-06-17 13:40:24',NULL,NULL,NULL),(2828,0.04,'Rendimentos','2025-05-19',0,NULL,NULL,NULL,1,1042,1,NULL,NULL,'2025-06-17 13:40:24','2025-06-17 13:40:24',NULL,NULL,NULL),(2829,0.02,'Rendimentos','2025-05-20',0,NULL,NULL,NULL,1,1042,1,NULL,NULL,'2025-06-17 13:40:24','2025-06-17 13:40:24',NULL,NULL,NULL),(2830,0.02,'Rendimentos','2025-05-21',0,NULL,NULL,NULL,1,1042,1,NULL,NULL,'2025-06-17 13:40:24','2025-06-17 13:40:24',NULL,NULL,NULL),(2831,0.02,'Rendimentos','2025-05-22',0,NULL,NULL,NULL,1,1042,1,NULL,NULL,'2025-06-17 13:40:24','2025-06-17 13:40:24',NULL,NULL,NULL),(2832,13.85,'Pagamento com QR Pix SEM PARAR INSTITUICAO DE PAGAMENTO LTDA','2025-05-22',0,NULL,NULL,NULL,1,1042,2,NULL,NULL,'2025-06-17 13:40:24','2025-06-17 13:40:24',NULL,NULL,NULL),(2833,0.02,'Rendimentos','2025-05-23',0,NULL,NULL,NULL,1,1042,1,NULL,NULL,'2025-06-17 13:40:24','2025-06-17 13:40:24',NULL,NULL,NULL),(2834,80.00,'Transferência Pix recebida ANA CAROLINA FERREIRA COELHO FREIRE','2025-05-23',0,NULL,NULL,NULL,1,1042,1,NULL,NULL,'2025-06-17 13:40:24','2025-06-17 13:40:24',NULL,NULL,NULL),(2835,0.02,'Rendimentos','2025-05-26',0,NULL,NULL,NULL,1,1042,1,NULL,NULL,'2025-06-17 13:40:24','2025-06-17 13:40:24',NULL,NULL,NULL),(2836,100.00,'Transferência Pix enviada Eder Goncalves','2025-05-26',0,NULL,NULL,NULL,1,1042,2,NULL,NULL,'2025-06-17 13:40:24','2025-06-17 13:40:24',NULL,NULL,NULL),(2837,0.05,'Rendimentos','2025-05-27',0,NULL,NULL,NULL,1,1042,1,NULL,NULL,'2025-06-17 13:40:24','2025-06-17 13:40:24',NULL,NULL,NULL),(2838,100.00,'Transferência Pix recebida ANA CAROLINA FERREIRA COELHO FREIRE','2025-05-27',0,NULL,NULL,NULL,1,1042,1,NULL,NULL,'2025-06-17 13:40:24','2025-06-17 13:40:24',NULL,NULL,NULL),(2839,100.00,'Dinheiro reservado Eudora','2025-05-27',0,NULL,NULL,NULL,1,1042,2,NULL,NULL,'2025-06-17 13:40:24','2025-06-17 13:40:24',NULL,NULL,NULL),(2840,0.01,'Rendimentos','2025-05-28',0,NULL,NULL,NULL,1,1042,1,NULL,NULL,'2025-06-17 13:40:24','2025-06-17 13:40:24',NULL,NULL,NULL),(2841,0.01,'Rendimentos','2025-05-29',0,NULL,NULL,NULL,1,1042,1,NULL,NULL,'2025-06-17 13:40:24','2025-06-17 13:40:24',NULL,NULL,NULL),(2842,0.01,'Rendimentos','2025-05-30',0,NULL,NULL,NULL,1,1042,1,NULL,NULL,'2025-06-17 13:40:24','2025-06-17 13:40:24',NULL,NULL,NULL),(2843,160.00,'Dinheiro retirado Eudora','2025-05-30',0,NULL,NULL,NULL,1,1042,1,NULL,NULL,'2025-06-17 13:40:24','2025-06-17 13:40:24',NULL,NULL,NULL),(2844,160.00,'Transferência enviada Caua Araujo Vaz De Lima','2025-05-30',0,NULL,NULL,NULL,1,1042,2,NULL,NULL,'2025-06-17 13:40:24','2025-06-17 13:40:24',NULL,NULL,NULL),(2845,160.00,'Transferência cancelada Caua Araujo Vaz De Lima','2025-05-30',0,NULL,NULL,NULL,1,1042,1,NULL,NULL,'2025-06-17 13:40:24','2025-06-17 13:40:24',NULL,NULL,NULL),(2846,160.00,'Dinheiro reservado Eudora','2025-05-30',0,NULL,NULL,NULL,1,1042,2,NULL,NULL,'2025-06-17 13:40:24','2025-06-17 13:40:24',NULL,NULL,NULL),(2847,0.36,'Rendimentos','2025-05-02',0,NULL,NULL,NULL,2,1016,1,NULL,NULL,'2025-06-17 15:10:34','2025-06-17 15:10:34',NULL,NULL,NULL),(2848,0.28,'Rendimentos','2025-05-05',0,NULL,NULL,NULL,2,1016,1,NULL,NULL,'2025-06-17 15:10:34','2025-06-17 15:10:34',NULL,NULL,NULL),(2849,0.27,'Rendimentos','2025-05-06',0,NULL,NULL,NULL,2,1016,1,NULL,NULL,'2025-06-17 15:10:34','2025-06-17 15:10:34',NULL,NULL,NULL),(2850,0.28,'Rendimentos','2025-05-07',0,NULL,NULL,NULL,2,1016,1,NULL,NULL,'2025-06-17 15:10:34','2025-06-17 15:10:34',NULL,NULL,NULL),(2851,213.10,'Transferência Pix recebida Marco Antonio Bubola','2025-05-07',0,NULL,NULL,NULL,2,1013,1,NULL,NULL,'2025-06-17 15:10:34','2025-06-17 15:10:34',NULL,NULL,NULL),(2852,0.28,'Rendimentos','2025-05-08',0,NULL,NULL,NULL,2,1016,1,NULL,NULL,'2025-06-17 15:10:34','2025-06-17 15:10:34',NULL,NULL,NULL),(2853,0.39,'Rendimentos','2025-05-09',0,NULL,NULL,NULL,2,1016,1,NULL,NULL,'2025-06-17 15:10:34','2025-06-17 15:10:34',NULL,NULL,NULL),(2854,168.84,'Pagamento de contas Banco Bradesco S.A.','2025-05-09',0,NULL,NULL,NULL,2,1040,2,NULL,NULL,'2025-06-17 15:10:34','2025-06-17 15:10:34',NULL,35,NULL),(2855,1900.00,'Transferência Pix recebida Marco Antonio Bubola','2025-05-11',0,NULL,NULL,NULL,2,1011,1,NULL,NULL,'2025-06-17 15:10:34','2025-06-17 15:11:09',NULL,NULL,NULL),(2856,2023.18,'Pagamento de contas Banco Inter S.A.','2025-05-11',0,NULL,NULL,NULL,2,1015,2,NULL,NULL,'2025-06-17 15:10:34','2025-06-17 15:10:34',NULL,NULL,NULL),(2857,0.30,'Rendimentos','2025-05-12',0,NULL,NULL,NULL,2,1016,1,NULL,NULL,'2025-06-17 15:10:34','2025-06-17 15:10:34',NULL,NULL,NULL),(2858,67.46,'Débito por dívida Empréstimos Mercado Pago','2025-05-12',0,NULL,NULL,NULL,2,1024,2,NULL,NULL,'2025-06-17 15:10:34','2025-06-17 15:10:34',NULL,NULL,NULL),(2859,200.00,'Transferência Pix recebida Marco Antonio Bubola','2025-05-12',0,NULL,NULL,NULL,2,1013,1,NULL,NULL,'2025-06-17 15:10:34','2025-06-17 15:10:34',NULL,NULL,NULL),(2860,0.23,'Rendimentos','2025-05-13',0,NULL,NULL,NULL,2,1016,1,NULL,NULL,'2025-06-17 15:10:34','2025-06-17 15:10:34',NULL,NULL,NULL),(2861,0.31,'Rendimentos','2025-05-14',0,NULL,NULL,NULL,2,1016,1,NULL,NULL,'2025-06-17 15:10:34','2025-06-17 15:10:34',NULL,NULL,NULL),(2862,0.31,'Rendimentos','2025-05-15',0,NULL,NULL,NULL,2,1016,1,NULL,NULL,'2025-06-17 15:10:34','2025-06-17 15:10:34',NULL,NULL,NULL),(2863,546.64,'Pagamento de contas Nu Pagamentos S. A.','2025-05-15',0,NULL,NULL,NULL,2,1010,2,NULL,NULL,'2025-06-17 15:10:34','2025-06-17 15:10:34',NULL,NULL,NULL),(2864,0.31,'Rendimentos','2025-05-16',0,NULL,NULL,NULL,2,1016,1,NULL,NULL,'2025-06-17 15:10:34','2025-06-17 15:10:34',NULL,NULL,NULL),(2865,96.00,'Transferência enviada Caua Araujo Vaz De Lima','2025-05-16',0,NULL,NULL,NULL,2,1013,2,NULL,NULL,'2025-06-17 15:10:34','2025-06-17 15:10:34',NULL,NULL,NULL),(2866,605.00,'Transferência Pix recebida Marco Antonio Bubola','2025-05-18',0,NULL,NULL,NULL,2,1040,1,NULL,NULL,'2025-06-17 15:10:34','2025-06-17 15:10:34',NULL,35,NULL),(2867,605.00,'Dinheiro reservado Eudora','2025-05-18',0,NULL,NULL,NULL,2,1040,2,NULL,NULL,'2025-06-17 15:10:34','2025-06-17 15:10:34',NULL,35,NULL),(2868,0.04,'Rendimentos','2025-05-19',0,NULL,NULL,NULL,2,1016,1,NULL,NULL,'2025-06-17 15:10:34','2025-06-17 15:10:34',NULL,NULL,NULL),(2869,0.02,'Rendimentos','2025-05-20',0,NULL,NULL,NULL,2,1016,1,NULL,NULL,'2025-06-17 15:10:34','2025-06-17 15:10:34',NULL,NULL,NULL),(2870,0.02,'Rendimentos','2025-05-21',0,NULL,NULL,NULL,2,1016,1,NULL,NULL,'2025-06-17 15:10:34','2025-06-17 15:10:34',NULL,NULL,NULL),(2871,0.02,'Rendimentos','2025-05-22',0,NULL,NULL,NULL,2,1016,1,NULL,NULL,'2025-06-17 15:10:34','2025-06-17 15:10:34',NULL,NULL,NULL),(2872,13.85,'Pagamento com QR Pix SEM PARAR INSTITUICAO DE PAGAMENTO LTDA','2025-05-22',0,NULL,NULL,NULL,2,1013,2,NULL,NULL,'2025-06-17 15:10:34','2025-06-17 15:10:34',NULL,NULL,NULL),(2873,0.02,'Rendimentos','2025-05-23',0,NULL,NULL,NULL,2,1016,1,NULL,NULL,'2025-06-17 15:10:34','2025-06-17 15:10:34',NULL,NULL,NULL),(2874,80.00,'Transferência Pix recebida ANA CAROLINA FERREIRA COELHO FREIRE','2025-05-23',0,NULL,NULL,NULL,2,1013,1,NULL,NULL,'2025-06-17 15:10:34','2025-06-17 15:10:34',NULL,35,NULL),(2875,0.02,'Rendimentos','2025-05-26',0,NULL,NULL,NULL,2,1016,1,NULL,NULL,'2025-06-17 15:10:34','2025-06-17 15:10:34',NULL,NULL,NULL),(2876,100.00,'Transferência Pix enviada Eder Goncalves','2025-05-26',0,NULL,NULL,NULL,2,1013,2,NULL,NULL,'2025-06-17 15:10:34','2025-06-17 15:10:34',NULL,NULL,NULL),(2877,0.05,'Rendimentos','2025-05-27',0,NULL,NULL,NULL,2,1016,1,NULL,NULL,'2025-06-17 15:10:34','2025-06-17 15:10:34',NULL,NULL,NULL),(2878,100.00,'Transferência Pix recebida ANA CAROLINA FERREIRA COELHO FREIRE','2025-05-27',0,NULL,NULL,NULL,2,1013,1,NULL,NULL,'2025-06-17 15:10:34','2025-06-17 15:10:34',NULL,34,NULL),(2879,100.00,'Dinheiro reservado Eudora','2025-05-27',0,NULL,NULL,NULL,2,1040,2,NULL,NULL,'2025-06-17 15:10:34','2025-06-17 15:10:34',NULL,35,NULL),(2880,0.01,'Rendimentos','2025-05-28',0,NULL,NULL,NULL,2,1016,1,NULL,NULL,'2025-06-17 15:10:34','2025-06-17 15:10:34',NULL,NULL,NULL),(2881,0.01,'Rendimentos','2025-05-29',0,NULL,NULL,NULL,2,1016,1,NULL,NULL,'2025-06-17 15:10:35','2025-06-17 15:10:35',NULL,NULL,NULL),(2882,0.01,'Rendimentos','2025-05-30',0,NULL,NULL,NULL,2,1016,1,NULL,NULL,'2025-06-17 15:10:35','2025-06-17 15:10:35',NULL,NULL,NULL),(2883,214.87,'teste','2025-06-20',0,NULL,NULL,NULL,1,1042,1,NULL,NULL,'2025-06-20 13:24:08','2025-06-20 13:33:46',NULL,42,1),(2884,2444.00,'sasdasas','2025-06-20',0,NULL,NULL,NULL,1,1042,1,NULL,NULL,'2025-06-20 13:44:39','2025-06-20 13:53:37',NULL,42,1),(2885,214.87,'teste','2025-06-20',0,NULL,NULL,NULL,1,1042,2,NULL,NULL,'2025-06-20 14:20:40','2025-06-20 14:20:40',NULL,42,1),(2886,214.87,'teste','2025-06-20',0,NULL,NULL,NULL,1,1042,2,NULL,NULL,'2025-06-20 14:20:41','2025-06-20 14:20:41',NULL,42,1),(2887,0.28,'Rendimentos','2025-05-05',0,NULL,'2025-09-10 13:12:57',NULL,1,1016,1,NULL,NULL,'2025-09-10 13:12:57','2025-09-10 13:12:57',NULL,NULL,NULL),(2888,0.27,'Rendimentos','2025-05-06',0,NULL,'2025-09-10 13:12:57',NULL,1,1016,1,NULL,NULL,'2025-09-10 13:12:57','2025-09-10 13:12:57',NULL,NULL,NULL),(2889,0.28,'Rendimentos','2025-05-07',0,NULL,'2025-09-10 13:12:57',NULL,1,1016,1,NULL,NULL,'2025-09-10 13:12:57','2025-09-10 13:12:57',NULL,NULL,NULL),(2890,213.10,'Transferência Pix recebida Marco Antonio Bubola ','2025-05-07',0,NULL,'2025-09-10 13:12:57',NULL,1,1013,1,NULL,NULL,'2025-09-10 13:12:57','2025-09-10 13:12:57',NULL,NULL,NULL),(2891,0.28,'Rendimentos','2025-05-08',0,NULL,'2025-09-10 13:12:57',NULL,1,1016,1,NULL,NULL,'2025-09-10 13:12:57','2025-09-10 13:12:57',NULL,NULL,NULL),(2892,0.39,'Rendimentos','2025-05-09',0,NULL,'2025-09-10 13:12:57',NULL,1,1016,1,NULL,NULL,'2025-09-10 13:12:57','2025-09-10 13:12:57',NULL,NULL,NULL),(2893,213.10,'Transferência Pix recebida Marco Antonio Bubola ','2025-05-07',0,NULL,'2025-09-10 13:13:25',NULL,1,1042,1,NULL,NULL,'2025-09-10 13:13:25','2025-09-10 13:13:25',NULL,NULL,NULL),(2894,168.84,'Pagamento de contas Banco Bradesco S.A. ','2025-05-09',0,NULL,'2025-09-10 13:13:49',NULL,1,1042,2,NULL,NULL,'2025-09-10 13:13:49','2025-09-10 13:13:49',NULL,NULL,NULL),(2895,1900.00,'Transferência Pix recebida Marco Antonio Bubola ','2025-05-11',0,NULL,'2025-09-10 13:13:49',NULL,1,1042,1,NULL,NULL,'2025-09-10 13:13:49','2025-09-10 13:13:49',NULL,NULL,NULL),(2896,67.46,'Débito por dívida Empréstimos Mercado Pago ','2025-05-12',0,NULL,'2025-09-10 13:13:49',NULL,1,1042,2,NULL,NULL,'2025-09-10 13:13:49','2025-09-10 13:13:49',NULL,NULL,NULL),(2897,200.00,'Transferência Pix recebida Marco Antonio Bubola ','2025-05-12',0,NULL,'2025-09-10 13:13:49',NULL,1,1042,1,NULL,NULL,'2025-09-10 13:13:49','2025-09-10 13:13:49',NULL,NULL,NULL),(2898,0.01,'Rendimentos','2025-06-02',0,NULL,'2025-09-11 12:13:29',NULL,1,1042,1,NULL,NULL,'2025-09-11 12:13:29','2025-09-11 12:13:29',NULL,NULL,NULL),(2899,50.00,'Transferência Pix recebida ANA CAROLINA FERREIRA COELHO FREIRE ','2025-06-02',0,NULL,'2025-09-11 12:13:29',NULL,1,1042,1,NULL,NULL,'2025-09-11 12:13:29','2025-09-11 12:13:29',NULL,NULL,NULL),(2900,50.00,'Dinheiro reservado Eudora','2025-06-02',0,NULL,'2025-09-11 12:13:29',NULL,1,1042,2,NULL,NULL,'2025-09-11 12:13:29','2025-09-11 12:13:29',NULL,NULL,NULL),(2901,0.01,'Rendimentos','2025-06-03',0,NULL,'2025-09-11 12:13:29',NULL,1,1042,1,NULL,NULL,'2025-09-11 12:13:29','2025-09-11 12:13:29',NULL,NULL,NULL),(2902,0.01,'Rendimentos','2025-06-04',0,NULL,'2025-09-11 12:13:29',NULL,1,1042,1,NULL,NULL,'2025-09-11 12:13:29','2025-09-11 12:13:29',NULL,NULL,NULL),(2903,0.01,'Rendimentos','2025-06-05',0,NULL,'2025-09-11 12:13:29',NULL,1,1042,1,NULL,NULL,'2025-09-11 12:13:29','2025-09-11 12:13:29',NULL,NULL,NULL),(2904,1000.00,'Transferência Pix recebida Ana Carolina Ferreira Coelho Freire ','2025-06-05',0,NULL,'2025-09-11 12:13:29',NULL,1,1042,1,NULL,NULL,'2025-09-11 12:13:29','2025-09-11 12:13:29',NULL,NULL,NULL),(2905,106.89,'Transferência Pix recebida ANA CAROLINA FERREIRA COELHO FREIRE ','2025-06-05',0,NULL,'2025-09-11 12:13:29',NULL,1,1042,1,NULL,NULL,'2025-09-11 12:13:29','2025-09-11 12:13:29',NULL,NULL,NULL),(2906,0.45,'Rendimentos Transferência Pix recebida','2025-06-06',0,NULL,'2025-09-11 12:13:29',NULL,1,1042,1,NULL,NULL,'2025-09-11 12:13:29','2025-09-11 12:13:29',NULL,NULL,NULL),(2907,87.80,'Ana Carolina Ferreira Coelho Freire ','2025-06-06',0,NULL,'2025-09-11 12:13:29',NULL,1,1042,1,NULL,NULL,'2025-09-11 12:13:29','2025-09-11 12:13:29',NULL,NULL,NULL),(2908,194.69,'Dinheiro reservado Eudora','2025-06-06',0,NULL,'2025-09-11 12:13:29',NULL,1,1042,2,NULL,NULL,'2025-09-11 12:13:29','2025-09-11 12:13:29',NULL,NULL,NULL),(2909,180.00,'Transferência enviada Caua Araujo Vaz De Lima ','2025-06-06',0,NULL,'2025-09-11 12:13:29',NULL,1,1042,2,NULL,NULL,'2025-09-11 12:13:29','2025-09-11 12:13:29',NULL,NULL,NULL),(2910,18.76,'Transferência Pix recebida MARCO ANTONIO BUBOLA ','2025-06-07',0,NULL,'2025-09-11 12:13:29',NULL,1,1042,1,NULL,NULL,'2025-09-11 12:13:29','2025-09-11 12:13:29',NULL,NULL,NULL),(2911,225.72,'Transferência Pix recebida ANA CAROLINA FERREIRA COELHO FREIRE ','2025-06-07',0,NULL,'2025-09-11 12:13:29',NULL,1,1042,1,NULL,NULL,'2025-09-11 12:13:29','2025-09-11 12:13:29',NULL,NULL,NULL),(2912,146.86,'Transferência Pix recebida ANA CAROLINA FERREIRA COELHO FREIRE ','2025-06-07',0,NULL,'2025-09-11 12:13:29',NULL,1,1042,1,NULL,NULL,'2025-09-11 12:13:29','2025-09-11 12:13:29',NULL,NULL,NULL),(2913,402.58,'Dinheiro reservado Eudora','2025-06-07',0,NULL,'2025-09-11 12:13:29',NULL,1,1042,2,NULL,NULL,'2025-09-11 12:13:29','2025-09-11 12:13:29',NULL,NULL,NULL),(2914,400.00,'Transferência Pix recebida ANA CAROLINA FERREIRA COELHO FREIRE ','2025-06-07',0,NULL,'2025-09-11 12:13:29',NULL,1,1042,1,NULL,NULL,'2025-09-11 12:13:29','2025-09-11 12:13:29',NULL,NULL,NULL),(2915,400.00,'Dinheiro reservado Eudora','2025-06-07',0,NULL,'2025-09-11 12:13:29',NULL,1,1042,2,NULL,NULL,'2025-09-11 12:13:29','2025-09-11 12:13:29',NULL,NULL,NULL),(2916,30.00,'Dinheiro retirado Eudora','2025-06-07',0,NULL,'2025-09-11 12:13:29',NULL,1,1042,1,NULL,NULL,'2025-09-11 12:13:29','2025-09-11 12:13:29',NULL,NULL,NULL),(2917,0.36,'Rendimentos','2025-06-09',0,NULL,'2025-09-11 12:13:29',NULL,1,1042,1,NULL,NULL,'2025-09-11 12:13:29','2025-09-11 12:13:29',NULL,NULL,NULL),(2918,1900.00,'Transferência Pix recebida Marco Antonio Bubola ','2025-06-09',0,NULL,'2025-09-11 12:13:29',NULL,1,1042,1,NULL,NULL,'2025-09-11 12:13:29','2025-09-11 12:13:29',NULL,NULL,NULL),(2919,239.67,'Dinheiro retirado Eudora Transferência Pix enviada Ana','2025-06-09',0,NULL,'2025-09-11 12:13:29',NULL,1,1042,1,NULL,NULL,'2025-09-11 12:13:29','2025-09-11 12:13:29',NULL,NULL,NULL),(2920,239.97,'Carolina Ferreira Coelho Freire','2025-06-09',0,NULL,'2025-09-11 12:13:29',NULL,1,1042,2,NULL,NULL,'2025-09-11 12:13:29','2025-09-11 12:13:29',NULL,NULL,NULL),(2921,0.30,'Dinheiro retirado Eudora','2025-06-09',0,NULL,'2025-09-11 12:13:29',NULL,1,1042,1,NULL,NULL,'2025-09-11 12:13:29','2025-09-11 12:13:29',NULL,NULL,NULL),(2922,1.20,'Rendimentos','2025-06-10',0,NULL,'2025-09-11 12:13:29',NULL,1,1042,1,NULL,NULL,'2025-09-11 12:13:29','2025-09-11 12:13:29',NULL,NULL,NULL),(2923,2424.17,'Pagamento de contas Banco Inter S.A. ','2025-06-10',0,NULL,'2025-09-11 12:13:29',NULL,1,1042,2,NULL,NULL,'2025-09-11 12:13:29','2025-09-11 12:13:29',NULL,NULL,NULL),(2924,0.15,'Rendimentos','2025-06-11',0,NULL,'2025-09-11 12:13:29',NULL,1,1042,1,NULL,NULL,'2025-09-11 12:13:29','2025-09-11 12:13:29',NULL,NULL,NULL),(2925,0.15,'Rendimentos','2025-06-12',0,NULL,'2025-09-11 12:13:29',NULL,1,1042,1,NULL,NULL,'2025-09-11 12:13:29','2025-09-11 12:13:29',NULL,NULL,NULL),(2926,0.15,'Rendimentos','2025-06-13',0,NULL,'2025-09-11 12:13:29',NULL,1,1042,1,NULL,NULL,'2025-09-11 12:13:29','2025-09-11 12:13:29',NULL,NULL,NULL),(2927,40.00,'Dinheiro retirado Eudora','2025-06-14',0,NULL,'2025-09-11 12:13:29',NULL,1,1042,1,NULL,NULL,'2025-09-11 12:13:29','2025-09-11 12:13:29',NULL,NULL,NULL),(2928,353.56,'Pagamento de contas Nu Pagamentos S.A. ','2025-06-14',0,NULL,'2025-09-11 12:13:29',NULL,1,1042,2,NULL,NULL,'2025-09-11 12:13:29','2025-09-11 12:13:29',NULL,NULL,NULL),(2929,643.28,'Dinheiro retirado Eudora','2025-06-15',0,NULL,'2025-09-11 12:13:29',NULL,1,1042,1,NULL,NULL,'2025-09-11 12:13:29','2025-09-11 12:13:29',NULL,NULL,NULL),(2930,145.89,'Transferência Pix recebida ana carolina ferreira coelho freire ','2025-06-15',0,NULL,'2025-09-11 12:13:29',NULL,1,1042,1,NULL,NULL,'2025-09-11 12:13:29','2025-09-11 12:13:29',NULL,NULL,NULL),(2931,643.28,'Transferência Pix enviada Ana Carolina Ferreira Coelho Freire ','2025-06-15',0,NULL,'2025-09-11 12:13:29',NULL,1,1042,2,NULL,NULL,'2025-09-11 12:13:29','2025-09-11 12:13:29',NULL,NULL,NULL),(2932,145.39,'Dinheiro reservado Eudora','2025-06-15',0,NULL,'2025-09-11 12:13:29',NULL,1,1042,2,NULL,NULL,'2025-09-11 12:13:29','2025-09-11 12:13:29',NULL,NULL,NULL),(2933,0.15,'Rendimentos','2025-06-16',0,NULL,'2025-09-11 12:13:29',NULL,1,1042,1,NULL,NULL,'2025-09-11 12:13:29','2025-09-11 12:13:29',NULL,NULL,NULL),(2934,0.01,'Rendimentos 4/5','2025-06-17',0,NULL,'2025-09-11 12:13:29',NULL,1,1042,1,NULL,NULL,'2025-09-11 12:13:29','2025-09-11 12:13:29',NULL,NULL,NULL),(2935,0.01,'Rendimentos','2025-06-18',0,NULL,'2025-09-11 12:13:29',NULL,1,1042,1,NULL,NULL,'2025-09-11 12:13:29','2025-09-11 12:13:29',NULL,NULL,NULL),(2936,253.82,'Dinheiro retirado Eudora','2025-06-18',0,NULL,'2025-09-11 12:13:29',NULL,1,1042,1,NULL,NULL,'2025-09-11 12:13:29','2025-09-11 12:13:29',NULL,NULL,NULL),(2937,260.41,'Pagamento com QR Pix BOTICARIO PRODUTOS DE BELEZA LTDA ','2025-06-18',0,NULL,'2025-09-11 12:13:29',NULL,1,1042,2,NULL,NULL,'2025-09-11 12:13:29','2025-09-11 12:13:29',NULL,NULL,NULL),(2938,0.01,'Rendimentos','2025-06-20',0,NULL,'2025-09-11 12:13:29',NULL,1,1042,1,NULL,NULL,'2025-09-11 12:13:29','2025-09-11 12:13:29',NULL,NULL,NULL),(2939,280.00,'Dinheiro retirado Eudora','2025-06-20',0,NULL,'2025-09-11 12:13:30',NULL,1,1042,1,NULL,NULL,'2025-09-11 12:13:30','2025-09-11 12:13:30',NULL,NULL,NULL),(2940,280.00,'Transferência enviada Caua Araujo Vaz De Lima ','2025-06-20',0,NULL,'2025-09-11 12:13:30',NULL,1,1042,2,NULL,NULL,'2025-09-11 12:13:30','2025-09-11 12:13:30',NULL,NULL,NULL),(2941,470.00,'Transferência Pix recebida ANA CAROLINA FERREIRA COELHO FREIRE ','2025-06-20',0,NULL,'2025-09-11 12:13:30',NULL,1,1042,1,NULL,NULL,'2025-09-11 12:13:30','2025-09-11 12:13:30',NULL,NULL,NULL),(2942,100.00,'Transferência Pix recebida Bianca Altafini dos Santos ','2025-06-20',0,NULL,'2025-09-11 12:13:30',NULL,1,1042,1,NULL,NULL,'2025-09-11 12:13:30','2025-09-11 12:13:30',NULL,NULL,NULL),(2943,570.00,'Dinheiro reservado Eudora','2025-06-21',0,NULL,'2025-09-11 12:13:30',NULL,1,1042,2,NULL,NULL,'2025-09-11 12:13:30','2025-09-11 12:13:30',NULL,NULL,NULL),(2944,0.01,'Rendimentos','2025-06-23',0,NULL,'2025-09-11 12:13:30',NULL,1,1042,1,NULL,NULL,'2025-09-11 12:13:30','2025-09-11 12:13:30',NULL,NULL,NULL),(2945,0.01,'Rendimentos','2025-06-24',0,NULL,'2025-09-11 12:13:30',NULL,1,1042,1,NULL,NULL,'2025-09-11 12:13:30','2025-09-11 12:13:30',NULL,NULL,NULL),(2946,0.01,'Rendimentos','2025-06-25',0,NULL,'2025-09-11 12:13:30',NULL,1,1042,1,NULL,NULL,'2025-09-11 12:13:30','2025-09-11 12:13:30',NULL,NULL,NULL),(2947,0.01,'Rendimentos','2025-06-26',0,NULL,'2025-09-11 12:13:30',NULL,1,1042,1,NULL,NULL,'2025-09-11 12:13:30','2025-09-11 12:13:30',NULL,NULL,NULL),(2948,0.01,'Rendimentos','2025-06-27',0,NULL,'2025-09-11 12:13:30',NULL,1,1042,1,NULL,NULL,'2025-09-11 12:13:30','2025-09-11 12:13:30',NULL,NULL,NULL),(2949,20.00,'Dinheiro retirado Eudora','2025-06-29',0,NULL,'2025-09-11 12:13:30',NULL,1,1042,1,NULL,NULL,'2025-09-11 12:13:30','2025-09-11 12:13:30',NULL,NULL,NULL),(2950,258.73,'Transferência Pix recebida ANA CAROLINA FERREIRA COELHO FREIRE ','2025-06-29',0,NULL,'2025-09-11 12:13:30',NULL,1,1042,1,NULL,NULL,'2025-09-11 12:13:30','2025-09-11 12:13:30',NULL,NULL,NULL),(2951,258.73,'Dinheiro reservado Eudora','2025-06-29',0,NULL,'2025-09-11 12:13:30',NULL,1,1042,2,NULL,NULL,'2025-09-11 12:13:30','2025-09-11 12:13:30',NULL,NULL,NULL),(2952,0.01,'Rendimentos','2025-06-30',0,NULL,'2025-09-11 12:13:30',NULL,1,1042,1,NULL,NULL,'2025-09-11 12:13:30','2025-09-11 12:13:30',NULL,NULL,NULL),(2954,77.70,'jj','2025-10-07',0,NULL,'2025-10-07 15:03:59',NULL,1,1045,2,'',NULL,'2025-10-07 15:03:59','2025-10-07 15:03:59',NULL,44,2),(2955,7.77,'nbk','2025-10-07',0,NULL,'2025-10-07 15:06:11',NULL,1,1042,1,'',NULL,'2025-10-07 15:06:11','2025-10-07 15:06:11',NULL,44,1),(2956,20.00,'Dinheiro retirado Eudora','2025-06-29',0,NULL,'2025-10-08 15:29:28',NULL,1,1042,1,NULL,NULL,'2025-10-08 15:29:28','2025-10-08 15:29:28',NULL,42,2),(2957,258.73,'Transferência Pix recebida ANA CAROLINA FERREIRA COELHO FREIRE ','2025-06-29',0,NULL,'2025-10-08 15:29:28',NULL,1,1045,1,NULL,NULL,'2025-10-08 15:29:28','2025-10-08 15:29:28',NULL,NULL,NULL),(2958,258.73,'Dinheiro reservado Eudora','2025-06-29',0,NULL,'2025-10-08 15:29:28',NULL,1,1042,2,NULL,NULL,'2025-10-08 15:29:28','2025-10-08 15:29:28',NULL,43,2),(2959,0.01,'Rendimentos','2025-06-30',0,NULL,'2025-10-08 15:29:28',NULL,1,1045,1,NULL,NULL,'2025-10-08 15:29:28','2025-10-08 15:29:28',NULL,NULL,NULL),(2960,0.01,'Rendimentos','2025-06-02',0,NULL,'2025-10-08 15:39:41',NULL,2,1016,1,NULL,NULL,'2025-10-08 15:39:41','2025-10-08 15:39:41',NULL,NULL,NULL),(2961,50.00,'Transferência Pix recebida ANA CAROLINA FERREIRA COELHO FREIRE ','2025-06-02',0,NULL,'2025-10-08 15:39:41',NULL,2,1013,1,NULL,NULL,'2025-10-08 15:39:41','2025-10-08 15:39:41',NULL,NULL,NULL),(2962,50.00,'Dinheiro reservado Eudora','2025-06-02',0,NULL,'2025-10-08 15:39:41',NULL,2,1040,2,NULL,NULL,'2025-10-08 15:39:41','2025-10-08 15:39:41',NULL,35,6),(2963,0.01,'Rendimentos','2025-06-03',0,NULL,'2025-10-08 15:39:41',NULL,2,1016,1,NULL,NULL,'2025-10-08 15:39:41','2025-10-08 15:39:41',NULL,NULL,NULL),(2964,0.01,'Rendimentos','2025-06-04',0,NULL,'2025-10-08 15:39:41',NULL,2,1016,1,NULL,NULL,'2025-10-08 15:39:41','2025-10-08 15:39:41',NULL,NULL,NULL),(2965,0.01,'Rendimentos','2025-06-05',0,NULL,'2025-10-08 15:39:41',NULL,2,1016,1,NULL,NULL,'2025-10-08 15:39:41','2025-10-08 15:39:41',NULL,NULL,NULL),(2966,1000.00,'Transferência Pix recebida Ana Carolina Ferreira Coelho Freire ','2025-06-05',0,NULL,'2025-10-08 15:39:41',NULL,2,1013,1,NULL,NULL,'2025-10-08 15:39:41','2025-10-08 15:39:41',NULL,34,NULL),(2967,106.89,'Transferência Pix recebida ANA CAROLINA FERREIRA COELHO FREIRE ','2025-06-05',0,NULL,'2025-10-08 15:39:41',NULL,2,1013,1,NULL,NULL,'2025-10-08 15:39:41','2025-10-08 15:39:41',NULL,34,NULL),(2968,0.45,'Rendimentos Transferência Pix recebida','2025-06-06',0,NULL,'2025-10-08 15:39:41',NULL,2,1013,1,NULL,NULL,'2025-10-08 15:39:41','2025-10-08 15:39:41',NULL,NULL,NULL),(2969,87.80,'Ana Carolina Ferreira Coelho Freire ','2025-06-06',0,NULL,'2025-10-08 15:39:41',NULL,2,1013,1,NULL,NULL,'2025-10-08 15:39:41','2025-10-08 15:39:41',NULL,34,NULL),(2970,194.69,'Dinheiro reservado Eudora','2025-06-06',0,NULL,'2025-10-08 15:39:41',NULL,2,1013,2,NULL,NULL,'2025-10-08 15:39:41','2025-10-08 15:39:41',NULL,35,6),(2971,180.00,'Transferência enviada Caua Araujo Vaz De Lima ','2025-06-06',0,NULL,'2025-10-08 15:39:41',NULL,2,1013,2,NULL,NULL,'2025-10-08 15:39:41','2025-10-08 15:39:41',NULL,NULL,NULL),(2972,18.76,'Transferência Pix recebida MARCO ANTONIO BUBOLA ','2025-06-07',0,NULL,'2025-10-08 15:39:41',NULL,2,1013,1,NULL,NULL,'2025-10-08 15:39:41','2025-10-08 15:39:41',NULL,34,NULL),(2973,225.72,'Transferência Pix recebida ANA CAROLINA FERREIRA COELHO FREIRE ','2025-06-07',0,NULL,'2025-10-08 15:39:41',NULL,2,1013,1,NULL,NULL,'2025-10-08 15:39:41','2025-10-08 15:39:41',NULL,34,NULL),(2974,146.86,'Transferência Pix recebida ANA CAROLINA FERREIRA COELHO FREIRE ','2025-06-07',0,NULL,'2025-10-08 15:39:41',NULL,2,1013,1,NULL,NULL,'2025-10-08 15:39:41','2025-10-08 15:39:41',NULL,34,NULL),(2975,402.58,'Dinheiro reservado Eudora','2025-06-07',0,NULL,'2025-10-08 15:39:41',NULL,2,1013,2,NULL,NULL,'2025-10-08 15:39:41','2025-10-08 15:39:41',NULL,35,6),(2976,400.00,'Transferência Pix recebida ANA CAROLINA FERREIRA COELHO FREIRE ','2025-06-07',0,NULL,'2025-10-08 15:39:41',NULL,2,1013,1,NULL,NULL,'2025-10-08 15:39:41','2025-10-08 15:39:41',NULL,34,NULL),(2977,400.00,'Dinheiro reservado Eudora','2025-06-07',0,NULL,'2025-10-08 15:39:41',NULL,2,1013,2,NULL,NULL,'2025-10-08 15:39:41','2025-10-08 15:39:41',NULL,35,6),(2978,30.00,'Dinheiro retirado Eudora','2025-06-07',0,NULL,'2025-10-08 15:39:41',NULL,2,1013,1,NULL,NULL,'2025-10-08 15:39:41','2025-10-08 15:39:41',NULL,35,6),(2979,0.36,'Rendimentos','2025-06-09',0,NULL,'2025-10-08 15:39:41',NULL,2,1016,1,NULL,NULL,'2025-10-08 15:39:41','2025-10-08 15:39:41',NULL,NULL,NULL),(2980,1900.00,'Transferência Pix recebida Marco Antonio Bubola ','2025-06-09',0,NULL,'2025-10-08 15:39:41',NULL,2,1011,1,NULL,NULL,'2025-10-08 15:39:41','2025-10-08 15:39:41',NULL,NULL,NULL),(2981,239.67,'Dinheiro retirado Eudora Transferência Pix enviada Ana','2025-06-09',0,NULL,'2025-10-08 15:39:41',NULL,2,1013,1,NULL,NULL,'2025-10-08 15:39:41','2025-10-08 15:39:41',NULL,35,6),(2982,0.30,'Dinheiro retirado Eudora','2025-06-09',0,NULL,'2025-10-08 15:39:42',NULL,2,1013,1,NULL,NULL,'2025-10-08 15:39:42','2025-10-08 15:39:42',NULL,35,6),(2983,1.20,'Rendimentos','2025-06-10',0,NULL,'2025-10-08 15:39:42',NULL,2,1016,1,NULL,NULL,'2025-10-08 15:39:42','2025-10-08 15:39:42',NULL,NULL,NULL),(2984,2424.17,'Pagamento de contas Banco Inter S.A. ','2025-06-10',0,NULL,'2025-10-08 15:39:42',NULL,2,1015,2,NULL,NULL,'2025-10-08 15:39:42','2025-10-08 15:39:42',NULL,NULL,NULL),(2985,0.15,'Rendimentos','2025-06-11',0,NULL,'2025-10-08 15:39:42',NULL,2,1016,1,NULL,NULL,'2025-10-08 15:39:42','2025-10-08 15:39:42',NULL,NULL,NULL),(2986,0.15,'Rendimentos','2025-06-12',0,NULL,'2025-10-08 15:39:42',NULL,2,1016,1,NULL,NULL,'2025-10-08 15:39:42','2025-10-08 15:39:42',NULL,NULL,NULL),(2987,0.15,'Rendimentos','2025-06-13',0,NULL,'2025-10-08 15:39:42',NULL,2,1016,1,NULL,NULL,'2025-10-08 15:39:42','2025-10-08 15:39:42',NULL,NULL,NULL),(2988,40.00,'Dinheiro retirado Eudora','2025-06-14',0,NULL,'2025-10-08 15:39:42',NULL,2,1013,1,NULL,NULL,'2025-10-08 15:39:42','2025-10-08 15:39:42',NULL,35,6),(2989,353.56,'Pagamento de contas Nu Pagamentos S.A. ','2025-06-14',0,NULL,'2025-10-08 15:39:42',NULL,2,1013,2,NULL,NULL,'2025-10-08 15:39:42','2025-10-08 15:39:42',NULL,NULL,NULL),(2990,643.28,'Dinheiro retirado Eudora','2025-06-15',0,NULL,'2025-10-08 15:39:42',NULL,2,1013,1,NULL,NULL,'2025-10-08 15:39:42','2025-10-08 15:39:42',NULL,35,6),(2991,145.89,'Transferência Pix recebida ana carolina ferreira coelho freire ','2025-06-15',0,NULL,'2025-10-08 15:39:42',NULL,2,1013,1,NULL,NULL,'2025-10-08 15:39:42','2025-10-08 15:39:42',NULL,34,NULL),(2992,643.28,'Transferência Pix enviada Ana Carolina Ferreira Coelho Freire ','2025-06-15',0,NULL,'2025-10-08 15:39:42',NULL,2,1013,2,NULL,NULL,'2025-10-08 15:39:42','2025-10-08 15:39:42',NULL,34,NULL),(2993,145.39,'Dinheiro reservado Eudora','2025-06-15',0,NULL,'2025-10-08 15:39:42',NULL,2,1013,2,NULL,NULL,'2025-10-08 15:39:42','2025-10-08 15:39:42',NULL,34,6),(2994,0.15,'Rendimentos','2025-06-16',0,NULL,'2025-10-08 15:39:42',NULL,2,1016,1,NULL,NULL,'2025-10-08 15:39:42','2025-10-08 15:39:42',NULL,NULL,NULL),(2995,0.01,'Rendimentos 4/5','2025-06-17',0,NULL,'2025-10-08 15:39:42',NULL,2,1016,1,NULL,NULL,'2025-10-08 15:39:42','2025-10-08 15:39:42',NULL,NULL,NULL),(2996,0.01,'Rendimentos','2025-06-18',0,NULL,'2025-10-08 15:39:42',NULL,2,1016,1,NULL,NULL,'2025-10-08 15:39:42','2025-10-08 15:39:42',NULL,NULL,NULL),(2997,253.82,'Dinheiro retirado Eudora','2025-06-18',0,NULL,'2025-10-08 15:39:42',NULL,2,1013,1,NULL,NULL,'2025-10-08 15:39:42','2025-10-08 15:39:42',NULL,34,6),(2998,260.41,'Pagamento com QR Pix BOTICARIO PRODUTOS DE BELEZA LTDA ','2025-06-18',0,NULL,'2025-10-08 15:39:42',NULL,2,1013,2,NULL,NULL,'2025-10-08 15:39:42','2025-10-08 15:39:42',NULL,35,NULL),(2999,0.01,'Rendimentos','2025-06-20',0,NULL,'2025-10-08 15:39:42',NULL,2,1016,1,NULL,NULL,'2025-10-08 15:39:42','2025-10-08 15:39:42',NULL,NULL,NULL),(3000,280.00,'Dinheiro retirado Eudora','2025-06-20',0,NULL,'2025-10-08 15:39:42',NULL,2,1013,1,NULL,NULL,'2025-10-08 15:39:42','2025-10-08 15:39:42',NULL,35,6),(3001,280.00,'Transferência enviada Caua Araujo Vaz De Lima ','2025-06-20',0,NULL,'2025-10-08 15:39:42',NULL,2,1013,2,NULL,NULL,'2025-10-08 15:39:42','2025-10-08 15:39:42',NULL,NULL,NULL),(3002,470.00,'Transferência Pix recebida ANA CAROLINA FERREIRA COELHO FREIRE ','2025-06-20',0,NULL,'2025-10-08 15:39:42',NULL,2,1013,1,NULL,NULL,'2025-10-08 15:39:42','2025-10-08 15:39:42',NULL,NULL,NULL),(3003,100.00,'Transferência Pix recebida Bianca Altafini dos Santos ','2025-06-20',0,NULL,'2025-10-08 15:39:42',NULL,2,1013,1,NULL,NULL,'2025-10-08 15:39:42','2025-10-08 15:39:42',NULL,NULL,NULL),(3004,570.00,'Dinheiro reservado Eudora','2025-06-21',0,NULL,'2025-10-08 15:39:42',NULL,2,1013,2,NULL,NULL,'2025-10-08 15:39:42','2025-10-08 15:39:42',NULL,34,6),(3005,0.01,'Rendimentos','2025-06-23',0,NULL,'2025-10-08 15:39:42',NULL,2,1016,1,NULL,NULL,'2025-10-08 15:39:42','2025-10-08 15:39:42',NULL,NULL,NULL),(3006,0.01,'Rendimentos','2025-06-24',0,NULL,'2025-10-08 15:39:42',NULL,2,1016,1,NULL,NULL,'2025-10-08 15:39:42','2025-10-08 15:39:42',NULL,NULL,NULL),(3007,0.01,'Rendimentos','2025-06-25',0,NULL,'2025-10-08 15:39:42',NULL,2,1016,1,NULL,NULL,'2025-10-08 15:39:42','2025-10-08 15:39:42',NULL,NULL,NULL),(3008,0.01,'Rendimentos','2025-06-26',0,NULL,'2025-10-08 15:39:42',NULL,2,1016,1,NULL,NULL,'2025-10-08 15:39:42','2025-10-08 15:39:42',NULL,NULL,NULL),(3009,0.01,'Rendimentos','2025-06-27',0,NULL,'2025-10-08 15:39:42',NULL,2,1016,1,NULL,NULL,'2025-10-08 15:39:42','2025-10-08 15:39:42',NULL,NULL,NULL),(3010,20.00,'Dinheiro retirado Eudora','2025-06-29',0,NULL,'2025-10-08 15:39:42',NULL,2,1013,1,NULL,NULL,'2025-10-08 15:39:42','2025-10-08 15:39:42',NULL,34,6),(3011,258.73,'Transferência Pix recebida ANA CAROLINA FERREIRA COELHO FREIRE ','2025-06-29',0,NULL,'2025-10-08 15:39:42',NULL,2,1013,1,NULL,NULL,'2025-10-08 15:39:42','2025-10-08 15:39:42',NULL,34,NULL),(3012,258.73,'Dinheiro reservado Eudora','2025-06-29',0,NULL,'2025-10-08 15:39:42',NULL,2,1013,2,NULL,NULL,'2025-10-08 15:39:42','2025-10-08 15:39:42',NULL,35,NULL),(3013,0.01,'Rendimentos','2025-06-30',0,NULL,'2025-10-08 15:39:42',NULL,2,1016,1,NULL,NULL,'2025-10-08 15:39:42','2025-10-08 15:39:42',NULL,NULL,NULL),(3014,0.02,'Rendimentos','2025-07-01',0,NULL,'2025-11-10 16:35:46',NULL,2,1016,1,NULL,NULL,'2025-11-10 16:35:46','2025-11-10 16:35:46',NULL,NULL,NULL),(3015,0.02,'Rendimentos','2025-07-02',0,NULL,'2025-11-10 16:35:46',NULL,2,1016,1,NULL,NULL,'2025-11-10 16:35:46','2025-11-10 16:35:46',NULL,NULL,NULL),(3016,0.02,'Rendimentos','2025-07-03',0,NULL,'2025-11-10 16:35:46',NULL,2,1016,1,NULL,NULL,'2025-11-10 16:35:46','2025-11-10 16:35:46',NULL,NULL,NULL),(3017,80.00,'Dinheiro retirado Eudora','2025-07-03',0,NULL,'2025-11-10 16:35:46',NULL,2,1013,1,NULL,NULL,'2025-11-10 16:35:46','2025-11-10 16:35:46',NULL,35,6),(3018,80.00,'Transferência enviada Caua Araujo Vaz De Lima ','2025-07-03',0,NULL,'2025-11-10 16:35:46',NULL,2,1013,2,NULL,NULL,'2025-11-10 16:35:46','2025-11-10 16:35:46',NULL,NULL,NULL),(3019,0.02,'Rendimentos','2025-07-04',0,NULL,'2025-11-10 16:35:46',NULL,2,1016,1,NULL,NULL,'2025-11-10 16:35:46','2025-11-10 16:35:46',NULL,NULL,NULL),(3020,1100.00,'Transferência Pix recebida Ana Carolina Ferreira Coelho Freire ','2025-07-05',0,NULL,'2025-11-10 16:35:46',NULL,2,1013,1,NULL,NULL,'2025-11-10 16:35:46','2025-11-10 16:35:46',NULL,NULL,NULL),(3021,328.15,'Dinheiro retirado Eudora','2025-07-05',0,NULL,'2025-11-10 16:35:46',NULL,2,1013,1,NULL,NULL,'2025-11-10 16:35:46','2025-11-10 16:35:46',NULL,35,6),(3022,328.15,'Transferência Pix enviada Ana Carolina Ferreira Coelho Freire ','2025-07-05',0,NULL,'2025-11-10 16:35:46',NULL,2,1013,2,NULL,NULL,'2025-11-10 16:35:46','2025-11-10 16:35:46',NULL,NULL,NULL),(3023,100.00,'Transferência Pix recebida Ana Carolina Ferreira Coelho Freire ','2025-07-05',0,NULL,'2025-11-10 16:35:46',NULL,2,1013,1,NULL,NULL,'2025-11-10 16:35:46','2025-11-10 16:35:46',NULL,NULL,NULL),(3024,239.63,'Transferência Pix recebida ANA CAROLINA FERREIRA COELHO FREIRE ','2025-07-05',0,NULL,'2025-11-10 16:35:46',NULL,2,1013,1,NULL,NULL,'2025-11-10 16:35:46','2025-11-10 16:35:46',NULL,NULL,NULL),(3025,66.00,'Transferência Pix cancelada Ana Carolina Ferreira Coelho Freire ','2025-07-05',0,NULL,'2025-11-10 16:35:46',NULL,2,1013,2,NULL,NULL,'2025-11-10 16:35:46','2025-11-10 16:35:46',NULL,NULL,NULL),(3026,279.63,'Dinheiro reservado Eudora','2025-07-06',0,NULL,'2025-11-10 16:35:46',NULL,2,1013,2,NULL,NULL,'2025-11-10 16:35:46','2025-11-10 16:35:46',NULL,35,6),(3027,0.02,'Rendimentos','2025-07-07',0,NULL,'2025-11-10 16:35:46',NULL,2,1016,1,NULL,NULL,'2025-11-10 16:35:46','2025-11-10 16:35:46',NULL,NULL,NULL),(3028,0.50,'Rendimentos','2025-07-08',0,NULL,'2025-11-10 16:35:46',NULL,2,1016,1,NULL,NULL,'2025-11-10 16:35:46','2025-11-10 16:35:46',NULL,NULL,NULL),(3029,1909.51,'Transferência Pix recebida Marco Antonio Bubola ','2025-07-08',0,NULL,'2025-11-10 16:35:46',NULL,2,1013,1,NULL,NULL,'2025-11-10 16:35:46','2025-11-10 16:35:46',NULL,NULL,NULL),(3030,1.36,'Rendimentos','2025-07-09',0,NULL,'2025-11-10 16:35:46',NULL,2,1016,1,NULL,NULL,'2025-11-10 16:35:46','2025-11-10 16:35:46',NULL,NULL,NULL),(3031,1.35,'Rendimentos','2025-07-10',0,NULL,'2025-11-10 16:35:46',NULL,2,1016,1,NULL,NULL,'2025-11-10 16:35:46','2025-11-10 16:35:46',NULL,NULL,NULL),(3032,1763.50,'Pagamento de contas Banco Inter S.A. ','2025-07-10',0,NULL,'2025-11-10 16:35:46',NULL,2,1015,2,NULL,NULL,'2025-11-10 16:35:46','2025-11-10 16:35:46',NULL,NULL,NULL),(3033,574.90,'Dinheiro retirado Eudora','2025-07-10',0,NULL,'2025-11-10 16:35:46',NULL,2,1013,1,NULL,NULL,'2025-11-10 16:35:46','2025-11-10 16:35:46',NULL,35,6),(3034,574.90,'Transferência Pix enviada Ana Carolina Ferreira Coelho Freire ','2025-07-10',0,NULL,'2025-11-10 16:35:46',NULL,2,1013,2,NULL,NULL,'2025-11-10 16:35:46','2025-11-10 16:35:46',NULL,NULL,NULL),(3035,200.00,'Transferência Pix recebida Marco Antonio Bubola ','2025-07-10',0,NULL,'2025-11-10 16:35:46',NULL,2,1013,1,NULL,NULL,'2025-11-10 16:35:46','2025-11-10 16:35:46',NULL,NULL,NULL),(3036,1.35,'Rendimentos','2025-07-11',0,NULL,'2025-11-10 16:35:46',NULL,2,1016,1,NULL,NULL,'2025-11-10 16:35:46','2025-11-10 16:35:46',NULL,NULL,NULL),(3037,0.66,'Rendimentos','2025-07-14',0,NULL,'2025-11-10 16:35:46',NULL,2,1016,1,NULL,NULL,'2025-11-10 16:35:46','2025-11-10 16:35:46',NULL,NULL,NULL),(3038,0.66,'Rendimentos','2025-07-15',0,NULL,'2025-11-10 16:35:46',NULL,2,1016,1,NULL,NULL,'2025-11-10 16:35:46','2025-11-10 16:35:46',NULL,NULL,NULL),(3039,1419.05,'Pagamento de contas Nu Pagamentos S.A. ','2025-07-15',0,NULL,'2025-11-10 16:35:46',NULL,2,1010,2,NULL,NULL,'2025-11-10 16:35:46','2025-11-10 16:35:46',NULL,NULL,NULL),(3040,0.67,'Rendimentos','2025-07-16',0,NULL,'2025-11-10 16:35:46',NULL,2,1016,1,NULL,NULL,'2025-11-10 16:35:46','2025-11-10 16:35:46',NULL,NULL,NULL),(3041,14.64,'Transferência Pix recebida Marco Antonio Bubola ','2025-07-16',0,NULL,'2025-11-10 16:35:46',NULL,2,1013,1,NULL,NULL,'2025-11-10 16:35:46','2025-11-10 16:35:46',NULL,NULL,NULL),(3042,253.82,'Dinheiro retirado Eudora','2025-07-16',0,NULL,'2025-11-10 16:35:46',NULL,2,1013,1,NULL,NULL,'2025-11-10 16:35:46','2025-11-10 16:35:46',NULL,35,6),(3043,253.82,'Pagamento com QR Pix BOTICARIO PRODUTOS DE BELEZA LTDA ','2025-07-16',0,NULL,'2025-11-10 16:35:46',NULL,2,1013,2,NULL,NULL,'2025-11-10 16:35:46','2025-11-10 16:35:46',NULL,NULL,NULL),(3044,0.03,'Rendimentos','2025-07-17',0,NULL,'2025-11-10 16:35:46',NULL,2,1016,1,NULL,NULL,'2025-11-10 16:35:46','2025-11-10 16:35:46',NULL,NULL,NULL),(3045,100.00,'Dinheiro retirado Eudora','2025-07-17',0,NULL,'2025-11-10 16:35:46',NULL,2,1013,1,NULL,NULL,'2025-11-10 16:35:46','2025-11-10 16:35:46',NULL,35,6),(3046,100.00,'Transferência Pix enviada Ana Carolina Ferreira Coelho Freire ','2025-07-17',0,NULL,'2025-11-10 16:35:46',NULL,2,1013,2,NULL,NULL,'2025-11-10 16:35:46','2025-11-10 16:35:46',NULL,NULL,NULL),(3047,0.05,'Rendimentos','2025-07-18',0,NULL,'2025-11-10 16:35:46',NULL,2,1016,1,NULL,NULL,'2025-11-10 16:35:46','2025-11-10 16:35:46',NULL,NULL,NULL),(3048,10.00,'Transferência Pix enviada Luiz Claudio Salomone ','2025-07-18',0,NULL,'2025-11-10 16:35:46',NULL,2,1013,2,NULL,NULL,'2025-11-10 16:35:46','2025-11-10 16:35:46',NULL,NULL,NULL),(3049,34.47,'Venda de Bitcoin BTC , ','2025-07-19',0,NULL,'2025-11-10 16:35:46',NULL,2,1013,1,NULL,NULL,'2025-11-10 16:35:46','2025-11-10 16:35:46',NULL,NULL,NULL),(3050,80.00,'Transferência enviada Caua Araujo Vaz De Lima ','2025-07-19',0,NULL,'2025-11-10 16:35:46',NULL,2,1013,2,NULL,NULL,'2025-11-10 16:35:46','2025-11-10 16:35:46',NULL,NULL,NULL),(3051,0.04,'Rendimentos','2025-07-21',0,NULL,'2025-11-10 16:35:46',NULL,2,1016,1,NULL,NULL,'2025-11-10 16:35:46','2025-11-10 16:35:46',NULL,NULL,NULL),(3052,0.01,'Rendimentos','2025-07-22',0,NULL,'2025-11-10 16:35:46',NULL,2,1016,1,NULL,NULL,'2025-11-10 16:35:46','2025-11-10 16:35:46',NULL,NULL,NULL),(3053,0.01,'Rendimentos','2025-07-23',0,NULL,'2025-11-10 16:35:46',NULL,2,1016,1,NULL,NULL,'2025-11-10 16:35:46','2025-11-10 16:35:46',NULL,NULL,NULL),(3054,0.01,'Rendimentos','2025-07-24',0,NULL,'2025-11-10 16:35:46',NULL,2,1016,1,NULL,NULL,'2025-11-10 16:35:46','2025-11-10 16:35:46',NULL,NULL,NULL),(3055,0.01,'Rendimentos','2025-07-25',0,NULL,'2025-11-10 16:35:46',NULL,2,1016,1,NULL,NULL,'2025-11-10 16:35:46','2025-11-10 16:35:46',NULL,NULL,NULL),(3056,0.01,'Rendimentos','2025-07-28',0,NULL,'2025-11-10 16:35:46',NULL,2,1016,1,NULL,NULL,'2025-11-10 16:35:46','2025-11-10 16:35:46',NULL,NULL,NULL),(3057,0.01,'Rendimentos','2025-07-29',0,NULL,'2025-11-10 16:35:46',NULL,2,1016,1,NULL,NULL,'2025-11-10 16:35:46','2025-11-10 16:35:46',NULL,NULL,NULL),(3058,0.01,'Rendimentos','2025-07-30',0,NULL,'2025-11-10 16:35:46',NULL,2,1016,1,NULL,NULL,'2025-11-10 16:35:46','2025-11-10 16:35:46',NULL,NULL,NULL),(3059,0.01,'Rendimentos','2025-07-31',0,NULL,'2025-11-10 16:35:46',NULL,2,1016,1,NULL,NULL,'2025-11-10 16:35:46','2025-11-10 16:35:46',NULL,NULL,NULL),(3060,3.98,'Venda de Meli Dólar MUSD , ','2025-07-31',0,NULL,'2025-11-10 16:35:46',NULL,2,1013,1,NULL,NULL,'2025-11-10 16:35:46','2025-11-10 16:35:46',NULL,NULL,NULL),(3061,100.00,'Dinheiro retirado Eudora','2025-07-31',0,NULL,'2025-11-10 16:35:46',NULL,2,1013,1,NULL,NULL,'2025-11-10 16:35:46','2025-11-10 16:35:46',NULL,35,6),(3062,100.00,'Transferência Pix enviada Eder Goncalves ','2025-07-31',0,NULL,'2025-11-10 16:35:46',NULL,2,1013,2,NULL,NULL,'2025-11-10 16:35:46','2025-11-10 16:35:46',NULL,NULL,NULL),(3063,574.90,'Transferência Pix enviada Ana Carolina Ferreira Coelho Freire ','2025-07-10',0,NULL,'2025-11-10 16:40:06',NULL,2,1013,2,NULL,NULL,'2025-11-10 16:40:06','2025-11-10 16:40:06',NULL,34,NULL),(3064,0.01,'Rendimentos','2025-08-01',0,NULL,'2025-11-10 16:45:21',NULL,2,1016,1,NULL,NULL,'2025-11-10 16:45:21','2025-11-10 16:45:21',NULL,NULL,NULL),(3065,0.01,'Rendimentos','2025-08-04',0,NULL,'2025-11-10 16:45:21',NULL,2,1016,1,NULL,NULL,'2025-11-10 16:45:21','2025-11-10 16:45:21',NULL,NULL,NULL),(3066,0.02,'Rendimentos','2025-08-05',0,NULL,'2025-11-10 16:45:21',NULL,2,1016,1,NULL,NULL,'2025-11-10 16:45:21','2025-11-10 16:45:21',NULL,NULL,NULL),(3067,0.01,'Rendimentos','2025-08-06',0,NULL,'2025-11-10 16:45:21',NULL,2,1016,1,NULL,NULL,'2025-11-10 16:45:21','2025-11-10 16:45:21',NULL,NULL,NULL),(3068,0.02,'Rendimentos','2025-08-07',0,NULL,'2025-11-10 16:45:21',NULL,2,1016,1,NULL,NULL,'2025-11-10 16:45:21','2025-11-10 16:45:21',NULL,NULL,NULL),(3069,0.02,'Rendimentos','2025-08-08',0,NULL,'2025-11-10 16:45:21',NULL,2,1016,1,NULL,NULL,'2025-11-10 16:45:21','2025-11-10 16:45:21',NULL,NULL,NULL),(3070,1012.97,'Transferência Pix recebida ANA CAROLINA FERREIRA COELHO FREIRE ','2025-08-08',0,NULL,'2025-11-10 16:45:21',NULL,2,1013,1,NULL,NULL,'2025-11-10 16:45:21','2025-11-10 16:45:21',NULL,NULL,NULL),(3071,1012.97,'Transferência Pix cancelada ANA CAROLINA FERREIRA COELHO FREIRE ','2025-08-08',0,NULL,'2025-11-10 16:45:21',NULL,2,1013,2,NULL,NULL,'2025-11-10 16:45:21','2025-11-10 16:45:21',NULL,NULL,NULL),(3072,0.01,'Rendimentos','2025-08-11',0,NULL,'2025-11-10 16:45:21',NULL,2,1016,1,NULL,NULL,'2025-11-10 16:45:21','2025-11-10 16:45:21',NULL,NULL,NULL),(3073,1106.22,'Transferência Pix recebida Marco Antonio Bubola ','2025-08-11',0,NULL,'2025-11-10 16:45:21',NULL,2,1013,1,NULL,NULL,'2025-11-10 16:45:21','2025-11-10 16:45:21',NULL,NULL,NULL),(3074,808.27,'Transferência Pix recebida Marco Antonio Bubola ','2025-08-11',0,NULL,'2025-11-10 16:45:21',NULL,2,1013,1,NULL,NULL,'2025-11-10 16:45:21','2025-11-10 16:45:21',NULL,NULL,NULL),(3075,0.52,'Rendimentos','2025-08-12',0,NULL,'2025-11-10 16:45:21',NULL,2,1016,1,NULL,NULL,'2025-11-10 16:45:21','2025-11-10 16:45:21',NULL,NULL,NULL),(3076,0.88,'Rendimentos','2025-08-13',0,NULL,'2025-11-10 16:45:21',NULL,2,1016,1,NULL,NULL,'2025-11-10 16:45:21','2025-11-10 16:45:21',NULL,NULL,NULL),(3077,0.88,'Rendimentos','2025-08-14',0,NULL,'2025-11-10 16:45:21',NULL,2,1016,1,NULL,NULL,'2025-11-10 16:45:21','2025-11-10 16:45:21',NULL,NULL,NULL),(3078,97.71,'Venda de Bitcoin BTC , ','2025-08-14',0,NULL,'2025-11-10 16:45:21',NULL,2,1013,1,NULL,NULL,'2025-11-10 16:45:21','2025-11-10 16:45:21',NULL,NULL,NULL),(3079,1970.93,'Pagamento de contas Nu Pagamentos S.A. ','2025-08-14',0,NULL,'2025-11-10 16:45:21',NULL,2,1010,2,NULL,NULL,'2025-11-10 16:45:21','2025-11-10 16:45:21',NULL,NULL,NULL),(3080,0.04,'Rendimentos','2025-08-15',0,NULL,'2025-11-10 16:45:21',NULL,2,1016,1,NULL,NULL,'2025-11-10 16:45:21','2025-11-10 16:45:21',NULL,NULL,NULL),(3081,0.04,'Rendimentos','2025-08-18',0,NULL,'2025-11-10 16:45:21',NULL,2,1016,1,NULL,NULL,'2025-11-10 16:45:21','2025-11-10 16:45:21',NULL,NULL,NULL),(3082,0.04,'Rendimentos','2025-08-19',0,NULL,'2025-11-10 16:45:21',NULL,2,1016,1,NULL,NULL,'2025-11-10 16:45:21','2025-11-10 16:45:21',NULL,NULL,NULL),(3083,0.04,'Rendimentos','2025-08-20',0,NULL,'2025-11-10 16:45:21',NULL,2,1016,1,NULL,NULL,'2025-11-10 16:45:21','2025-11-10 16:45:21',NULL,NULL,NULL),(3084,0.04,'Rendimentos','2025-08-21',0,NULL,'2025-11-10 16:45:21',NULL,2,1016,1,NULL,NULL,'2025-11-10 16:45:21','2025-11-10 16:45:21',NULL,NULL,NULL),(3085,0.04,'Rendimentos','2025-08-22',0,NULL,'2025-11-10 16:45:21',NULL,2,1016,1,NULL,NULL,'2025-11-10 16:45:21','2025-11-10 16:45:21',NULL,NULL,NULL),(3086,0.05,'Rendimentos','2025-08-25',0,NULL,'2025-11-10 16:45:21',NULL,2,1016,1,NULL,NULL,'2025-11-10 16:45:21','2025-11-10 16:45:21',NULL,NULL,NULL),(3087,126.53,'Transferência Pix recebida Marco Antonio Bubola ','2025-08-25',0,NULL,'2025-11-10 16:45:21',NULL,2,1013,1,NULL,NULL,'2025-11-10 16:45:21','2025-11-10 16:45:21',NULL,NULL,NULL),(3088,100.00,'Transferência Pix enviada Eder Goncalves ','2025-08-25',0,NULL,'2025-11-10 16:45:21',NULL,2,1013,2,NULL,NULL,'2025-11-10 16:45:21','2025-11-10 16:45:21',NULL,NULL,NULL),(3089,0.04,'Rendimentos','2025-08-26',0,NULL,'2025-11-10 16:45:21',NULL,2,1016,1,NULL,NULL,'2025-11-10 16:45:21','2025-11-10 16:45:21',NULL,NULL,NULL),(3090,0.05,'Rendimentos','2025-08-27',0,NULL,'2025-11-10 16:45:21',NULL,2,1016,1,NULL,NULL,'2025-11-10 16:45:21','2025-11-10 16:45:21',NULL,NULL,NULL),(3091,83.02,'Dinheiro retirado Eudora','2025-08-27',0,NULL,'2025-11-10 16:45:21',NULL,2,1013,1,NULL,NULL,'2025-11-10 16:45:21','2025-11-10 16:45:21',NULL,35,6),(3092,0.08,'Rendimentos','2025-08-28',0,NULL,'2025-11-10 16:45:21',NULL,2,1016,1,NULL,NULL,'2025-11-10 16:45:21','2025-11-10 16:45:21',NULL,NULL,NULL),(3093,80.00,'Transferência enviada Caua Araujo Vaz De Lima ','2025-08-28',0,NULL,'2025-11-10 16:45:21',NULL,2,1013,2,NULL,NULL,'2025-11-10 16:45:21','2025-11-10 16:45:21',NULL,NULL,NULL),(3094,0.08,'Rendimentos','2025-08-29',0,NULL,'2025-11-10 16:45:21',NULL,2,1016,1,NULL,NULL,'2025-11-10 16:45:21','2025-11-10 16:45:21',NULL,NULL,NULL),(3095,0.04,'Rendimentos','2025-09-01',0,NULL,'2025-11-10 16:47:39',NULL,2,1016,1,NULL,NULL,'2025-11-10 16:47:39','2025-11-10 16:47:39',NULL,NULL,NULL),(3096,0.05,'Rendimentos','2025-09-02',0,NULL,'2025-11-10 16:47:39',NULL,2,1016,1,NULL,NULL,'2025-11-10 16:47:39','2025-11-10 16:47:39',NULL,NULL,NULL),(3097,0.04,'Rendimentos','2025-09-03',0,NULL,'2025-11-10 16:47:39',NULL,2,1016,1,NULL,NULL,'2025-11-10 16:47:39','2025-11-10 16:47:39',NULL,NULL,NULL),(3098,17.09,'Pagamento com QR Pix SEM PARAR INSTITUICAO DE PAGAMENTO LTDA ','2025-09-03',0,NULL,'2025-11-10 16:47:39',NULL,2,1013,2,NULL,NULL,'2025-11-10 16:47:39','2025-11-10 16:47:39',NULL,NULL,NULL),(3099,12.47,'Pagamento com QR Pix SEM PARAR INSTITUICAO DE PAGAMENTO LTDA ','2025-09-03',0,NULL,'2025-11-10 16:47:39',NULL,2,1013,2,NULL,NULL,'2025-11-10 16:47:39','2025-11-10 16:47:39',NULL,NULL,NULL),(3100,0.03,'Rendimentos','2025-09-04',0,NULL,'2025-11-10 16:47:39',NULL,2,1016,1,NULL,NULL,'2025-11-10 16:47:39','2025-11-10 16:47:39',NULL,NULL,NULL),(3101,0.02,'Rendimentos','2025-09-05',0,NULL,'2025-11-10 16:47:39',NULL,2,1016,1,NULL,NULL,'2025-11-10 16:47:39','2025-11-10 16:47:39',NULL,NULL,NULL),(3102,0.03,'Rendimentos','2025-09-08',0,NULL,'2025-11-10 16:47:39',NULL,2,1016,1,NULL,NULL,'2025-11-10 16:47:39','2025-11-10 16:47:39',NULL,NULL,NULL),(3103,0.04,'Rendimentos','2025-09-09',0,NULL,'2025-11-10 16:47:39',NULL,2,1016,1,NULL,NULL,'2025-11-10 16:47:39','2025-11-10 16:47:39',NULL,NULL,NULL),(3104,1300.00,'Transferência Pix recebida Ana Carolina Ferreira Coelho Freire ','2025-09-09',0,NULL,'2025-11-10 16:47:39',NULL,2,1013,1,NULL,NULL,'2025-11-10 16:47:39','2025-11-10 16:47:39',NULL,NULL,NULL),(3105,0.03,'Rendimentos','2025-09-10',0,NULL,'2025-11-10 16:47:39',NULL,2,1016,1,NULL,NULL,'2025-11-10 16:47:39','2025-11-10 16:47:39',NULL,NULL,NULL),(3106,35.86,'Transferência Pix recebida Bianca Altafini dos Santos ','2025-09-10',0,NULL,'2025-11-10 16:47:39',NULL,2,1013,1,NULL,NULL,'2025-11-10 16:47:39','2025-11-10 16:47:39',NULL,NULL,NULL),(3107,2382.77,'Transferência Pix recebida Marco Antonio Bubola ','2025-09-10',0,NULL,'2025-11-10 16:47:39',NULL,2,1013,1,NULL,NULL,'2025-11-10 16:47:39','2025-11-10 16:47:39',NULL,NULL,NULL),(3108,1375.12,'Pagamento de contas Banco Inter S.A. ','2025-09-10',0,NULL,'2025-11-10 16:47:39',NULL,2,1015,2,NULL,NULL,'2025-11-10 16:47:39','2025-11-10 16:47:39',NULL,NULL,NULL),(3109,0.61,'Rendimentos','2025-09-11',0,NULL,'2025-11-10 16:47:39',NULL,2,1016,1,NULL,NULL,'2025-11-10 16:47:39','2025-11-10 16:47:39',NULL,NULL,NULL),(3110,1.07,'Rendimentos','2025-09-12',0,NULL,'2025-11-10 16:47:39',NULL,2,1016,1,NULL,NULL,'2025-11-10 16:47:39','2025-11-10 16:47:39',NULL,NULL,NULL),(3111,200.00,'Transferência enviada Caua Araujo Vaz De Lima ','2025-09-12',0,NULL,'2025-11-10 16:47:39',NULL,2,1013,2,NULL,NULL,'2025-11-10 16:47:39','2025-11-10 16:47:39',NULL,NULL,NULL),(3112,1.08,'Rendimentos','2025-09-15',0,NULL,'2025-11-10 16:47:39',NULL,2,1016,1,NULL,NULL,'2025-11-10 16:47:39','2025-11-10 16:47:39',NULL,NULL,NULL),(3113,0.99,'Rendimentos','2025-09-16',0,NULL,'2025-11-10 16:47:39',NULL,2,1016,1,NULL,NULL,'2025-11-10 16:47:39','2025-11-10 16:47:39',NULL,NULL,NULL),(3114,212.00,'Transferência Pix recebida Marco Antonio Bubola ','2025-09-16',0,NULL,'2025-11-10 16:47:39',NULL,2,1013,1,NULL,NULL,'2025-11-10 16:47:39','2025-11-10 16:47:39',NULL,NULL,NULL),(3115,2420.88,'Pagamento de contas Nu Pagamentos S.A. ','2025-09-16',0,NULL,'2025-11-10 16:47:39',NULL,2,1010,2,NULL,NULL,'2025-11-10 16:47:39','2025-11-10 16:47:39',NULL,NULL,NULL),(3116,0.01,'Rendimentos','2025-09-17',0,NULL,'2025-11-10 16:47:39',NULL,2,1016,1,NULL,NULL,'2025-11-10 16:47:39','2025-11-10 16:47:39',NULL,NULL,NULL),(3117,0.01,'Rendimentos','2025-09-26',0,NULL,'2025-11-10 16:47:39',NULL,2,1016,1,NULL,NULL,'2025-11-10 16:47:39','2025-11-10 16:47:39',NULL,NULL,NULL),(3118,2501.20,'Transferência Pix recebida MARCO ANTONIO BUBOLA  Transferência Pix recebida Ana Carolina Ferreira Coelho','2025-09-29',0,NULL,'2025-11-10 16:47:39',NULL,2,1013,1,NULL,NULL,'2025-11-10 16:47:39','2025-11-10 16:47:39',NULL,NULL,NULL),(3119,130.00,'Freire','2025-09-29',0,NULL,'2025-11-10 16:47:39',NULL,2,1013,1,NULL,NULL,'2025-11-10 16:47:39','2025-11-10 16:47:39',NULL,NULL,NULL),(3120,2632.40,'Dinheiro reservado Usual','2025-09-29',0,NULL,'2025-11-10 16:47:39',NULL,2,1013,2,NULL,NULL,'2025-11-10 16:47:39','2025-11-10 16:47:39',NULL,NULL,NULL),(3121,200.00,'Dinheiro retirado Usual','2025-09-30',0,NULL,'2025-11-10 16:47:39',NULL,2,1013,1,NULL,NULL,'2025-11-10 16:47:39','2025-11-10 16:47:39',NULL,NULL,NULL),(3122,200.00,'Transferência Pix enviada Eder Goncalves ','2025-09-30',0,NULL,'2025-11-10 16:47:39',NULL,2,1013,2,NULL,NULL,'2025-11-10 16:47:39','2025-11-10 16:47:39',NULL,NULL,NULL),(3123,196.83,'Transferência Pix recebida Marco Antonio Bubola','2025-10-01',0,NULL,'2025-11-10 16:55:02',NULL,2,1013,1,NULL,NULL,'2025-11-10 16:55:02','2025-11-10 16:55:02',NULL,NULL,NULL),(3124,196.83,'Dinheiro reservado Usual','2025-10-01',0,NULL,'2025-11-10 16:55:02',NULL,2,1013,2,NULL,NULL,'2025-11-10 16:55:02','2025-11-10 16:55:02',NULL,NULL,NULL),(3125,1676.29,'Transferência Pix recebida MARCO ANTONIO BUBOLA','2025-10-03',0,NULL,'2025-11-10 16:55:02',NULL,2,1013,1,NULL,NULL,'2025-11-10 16:55:02','2025-11-10 16:55:02',NULL,NULL,NULL),(3126,1676.29,'Dinheiro reservado Usual','2025-10-03',0,NULL,'2025-11-10 16:55:02',NULL,2,1013,2,NULL,NULL,'2025-11-10 16:55:02','2025-11-10 16:55:02',NULL,NULL,NULL),(3127,1905.00,'Transferência Pix recebida MARCO ANTONIO BUBOLA','2025-10-06',0,NULL,'2025-11-10 16:55:02',NULL,2,1013,1,NULL,NULL,'2025-11-10 16:55:02','2025-11-10 16:55:02',NULL,NULL,NULL),(3128,1905.00,'Dinheiro reservado Usual','2025-10-06',0,NULL,'2025-11-10 16:55:02',NULL,2,1013,2,NULL,NULL,'2025-11-10 16:55:02','2025-11-10 16:55:02',NULL,NULL,NULL),(3129,192.49,'Dinheiro retirado Usual','2025-10-08',0,NULL,'2025-11-10 16:55:02',NULL,2,1013,1,NULL,NULL,'2025-11-10 16:55:02','2025-11-10 16:55:02',NULL,NULL,NULL),(3130,192.49,'Transferência Pix enviada Marco Antonio Bubola ','2025-10-08',0,NULL,'2025-11-10 16:55:02',NULL,2,1013,2,NULL,NULL,'2025-11-10 16:55:02','2025-11-10 16:55:02',NULL,NULL,NULL),(3131,1043.81,'Dinheiro retirado Usual','2025-10-11',0,NULL,'2025-11-10 16:55:02',NULL,2,1013,1,NULL,NULL,'2025-11-10 16:55:02','2025-11-10 16:55:02',NULL,NULL,NULL),(3132,1043.81,'Pagamento de contas Banco Inter S.A. ','2025-10-11',0,NULL,'2025-11-10 16:55:02',NULL,2,1015,2,NULL,NULL,'2025-11-10 16:55:02','2025-11-10 16:55:02',NULL,NULL,NULL),(3133,131.45,'Transferência Pix recebida Marco Antonio Bubola','2025-10-13',0,NULL,'2025-11-10 16:55:02',NULL,2,1013,1,NULL,NULL,'2025-11-10 16:55:02','2025-11-10 16:55:02',NULL,NULL,NULL),(3134,2300.00,'Dinheiro retirado Usual','2025-10-13',0,NULL,'2025-11-10 16:55:02',NULL,2,1013,1,NULL,NULL,'2025-11-10 16:55:02','2025-11-10 16:55:02',NULL,NULL,NULL),(3135,2369.89,'Pagamento de contas Nu Pagamentos S.A. ','2025-10-13',0,NULL,'2025-11-10 16:55:02',NULL,2,1010,2,NULL,NULL,'2025-11-10 16:55:02','2025-11-10 16:55:02',NULL,NULL,NULL),(3136,0.03,'Rendimentos','2025-10-14',0,NULL,'2025-11-10 16:55:02',NULL,2,1016,1,NULL,NULL,'2025-11-10 16:55:02','2025-11-10 16:55:02',NULL,NULL,NULL),(3137,61.59,'Dinheiro reservado Usual','2025-10-14',0,NULL,'2025-11-10 16:55:02',NULL,2,1013,2,NULL,NULL,'2025-11-10 16:55:02','2025-11-10 16:55:02',NULL,NULL,NULL),(3138,280.00,'Dinheiro retirado Usual','2025-10-15',0,NULL,'2025-11-10 16:55:02',NULL,2,1013,1,NULL,NULL,'2025-11-10 16:55:02','2025-11-10 16:55:02',NULL,NULL,NULL),(3139,280.00,'Transferência enviada Caua Araujo Vaz De Lima ','2025-10-15',0,NULL,'2025-11-10 16:55:02',NULL,2,1013,2,NULL,NULL,'2025-11-10 16:55:02','2025-11-10 16:55:02',NULL,NULL,NULL),(3140,131.46,'Transferência Pix recebida Marco Antonio Bubola','2025-10-29',0,NULL,'2025-11-10 16:55:02','2025-11-11 12:47:02',2,1013,1,NULL,NULL,'2025-11-10 16:55:02','2025-11-11 12:47:02',NULL,NULL,NULL),(3141,131.46,'Dinheiro reservado Usual','2025-10-29',0,NULL,'2025-11-10 16:55:02',NULL,2,1013,2,NULL,NULL,'2025-11-10 16:55:02','2025-11-10 16:55:02',NULL,NULL,NULL),(3142,9.64,'Transferência Pix recebida Marco Antonio Bubola','2025-10-29',0,NULL,'2025-11-10 16:55:02',NULL,2,1013,1,NULL,NULL,'2025-11-10 16:55:02','2025-11-10 16:55:02',NULL,NULL,NULL),(3143,9.64,'Dinheiro reservado Usual','2025-10-29',0,NULL,'2025-11-10 16:55:02',NULL,2,1013,2,NULL,NULL,'2025-11-10 16:55:02','2025-11-10 16:55:02',NULL,NULL,NULL);
/*!40000 ALTER TABLE `cashbook` ENABLE KEYS */;
UNLOCK TABLES;

--
-- Table structure for table `category`
--

DROP TABLE IF EXISTS `category`;
/*!40101 SET @saved_cs_client     = @@character_set_client */;
/*!50503 SET character_set_client = utf8mb4 */;
CREATE TABLE `category` (
  `id_category` int NOT NULL AUTO_INCREMENT,
  `parent_id` int DEFAULT NULL,
  `name` varchar(100) CHARACTER SET utf8mb4 COLLATE utf8mb4_unicode_ci NOT NULL,
  `desc_category` varchar(100) CHARACTER SET utf8mb3 COLLATE utf8mb3_general_ci DEFAULT NULL,
  `hexcolor_category` varchar(45) CHARACTER SET utf8mb3 COLLATE utf8mb3_unicode_ci DEFAULT NULL,
  `icone` varchar(100) CHARACTER SET utf8mb3 COLLATE utf8mb3_unicode_ci DEFAULT NULL,
  `descricao_detalhada` text CHARACTER SET utf8mb3 COLLATE utf8mb3_unicode_ci,
  `tipo` enum('gasto','receita','ambos') CHARACTER SET utf8mb3 COLLATE utf8mb3_unicode_ci DEFAULT 'ambos',
  `limite_orcamento` decimal(10,2) DEFAULT NULL,
  `compartilhavel` tinyint(1) DEFAULT '0',
  `tags` varchar(255) CHARACTER SET utf8mb3 COLLATE utf8mb3_unicode_ci DEFAULT NULL,
  `regras_auto_categorizacao` json DEFAULT NULL,
  `id_bank` int DEFAULT NULL,
  `id_clients` int DEFAULT NULL,
  `id_produtos_clientes` int DEFAULT NULL,
  `historico_alteracoes` text CHARACTER SET utf8mb3 COLLATE utf8mb3_unicode_ci,
  `is_active` int NOT NULL DEFAULT '1',
  `sort_order` int DEFAULT NULL,
  `description` text CHARACTER SET utf8mb4 COLLATE utf8mb4_unicode_ci,
  `user_id` bigint unsigned NOT NULL,
  `type` enum('product','transaction') CHARACTER SET utf8mb4 COLLATE utf8mb4_unicode_ci DEFAULT 'product',
  `created_at` timestamp NOT NULL DEFAULT CURRENT_TIMESTAMP,
  `updated_at` timestamp NOT NULL DEFAULT CURRENT_TIMESTAMP ON UPDATE CURRENT_TIMESTAMP,
  PRIMARY KEY (`id_category`),
  KEY `idx_category_user_id` (`user_id`),
  KEY `fk_category_banks` (`id_bank`),
  KEY `fk_category_clients` (`id_clients`),
  KEY `category_sort_order_index` (`sort_order`),
  CONSTRAINT `category_ibfk_1` FOREIGN KEY (`user_id`) REFERENCES `users` (`id`),
  CONSTRAINT `fk_category_banks` FOREIGN KEY (`id_bank`) REFERENCES `banks` (`id_bank`) ON DELETE SET NULL,
  CONSTRAINT `fk_category_clients` FOREIGN KEY (`id_clients`) REFERENCES `clients` (`id`) ON DELETE SET NULL
) ENGINE=InnoDB AUTO_INCREMENT=1161 DEFAULT CHARSET=utf8mb4 COLLATE=utf8mb4_unicode_ci COMMENT='transaction';
/*!40101 SET character_set_client = @saved_cs_client */;

--
-- Dumping data for table `category`
--

LOCK TABLES `category` WRITE;
/*!40000 ALTER TABLE `category` DISABLE KEYS */;
INSERT INTO `category` VALUES (1,NULL,'Perfume','Categoria de teste','#ff0a0a','icons8-perfume','Descrição detalhada da categoria','gasto',1000.00,0,'tag1,tag2,tag3','{\"rule1\": \"value1\", \"rule2\": \"value2\"}',NULL,NULL,NULL,'Nenhuma alteração',1,NULL,'Descrição padrão',2,'product','2025-04-21 15:45:51','2025-05-08 04:32:03'),(1010,1017,'Nubank',NULL,'#9900ff','icons8-nubank',NULL,'ambos',NULL,0,NULL,NULL,NULL,NULL,NULL,NULL,1,NULL,NULL,2,'transaction','2025-04-21 15:45:51','2025-05-21 00:06:03'),(1011,NULL,'Salario',NULL,'#8e7cc3','icons8-pagamento',NULL,'ambos',NULL,0,NULL,NULL,NULL,NULL,NULL,NULL,1,NULL,NULL,2,'transaction','2025-04-21 15:45:51','2025-05-07 02:20:02'),(1012,NULL,'Pagamento',NULL,'#ff0000','icons8-pagamento',NULL,'ambos',NULL,0,NULL,'\"\"',NULL,NULL,NULL,'\nAtualizado em: 2024-10-31 21:34:17 por marco',1,NULL,NULL,2,'transaction','2025-04-21 15:45:51','2025-05-07 02:19:55'),(1013,1012,'Pix',NULL,'#0055ff','icons8-pix',NULL,'ambos',NULL,0,NULL,NULL,NULL,NULL,NULL,NULL,1,NULL,NULL,2,'transaction','2025-04-21 15:45:51','2025-05-07 02:47:05'),(1014,NULL,'Xp',NULL,'#000000','icons8-xp',NULL,'ambos',NULL,0,NULL,'\"\"',NULL,NULL,NULL,'\nAtualizado em: 2024-11-13 03:19:25 por marco',1,NULL,NULL,2,'transaction','2025-04-21 15:45:51','2025-05-07 02:27:06'),(1015,1017,'Inter',NULL,'#ff9900','icons8-inter',NULL,'ambos',NULL,0,NULL,NULL,NULL,NULL,NULL,NULL,1,NULL,NULL,2,'transaction','2025-04-21 15:45:51','2025-05-05 21:29:08'),(1016,1012,'Rendimento',NULL,'#93c47d','icons8-rendimento',NULL,'ambos',NULL,0,NULL,NULL,NULL,NULL,NULL,NULL,1,NULL,NULL,2,'transaction','2025-04-21 15:45:51','2025-05-07 02:29:32'),(1018,1020,'Bares e Restaurantes',NULL,'#0000ff','icons8-restaurante',NULL,'ambos',NULL,0,'bar,restaurante,beer,burger,touro,tuttibom,acaiteria,lanchonete,comitiva,aylton,sosbeer','\"\"',NULL,NULL,NULL,'\nAtualizado em: 2024-11-12 17:53:10 por marco',1,NULL,NULL,2,'transaction','2025-04-21 15:45:51','2025-11-10 20:48:00'),(1019,1020,'Compras e Beleza',NULL,'#ef0bc7','icons8-beleza',NULL,'ambos',NULL,0,'compras,beleza,loja,magazine,shopping,tabacaria','\"\"',NULL,NULL,NULL,'\nAtualizado em: 2024-11-12 17:52:05 por marco',1,NULL,NULL,2,'transaction','2025-04-21 15:45:51','2025-11-10 20:48:00'),(1020,NULL,'Cartao',NULL,'#ffff00','icons8-cartao',NULL,'ambos',NULL,NULL,NULL,'\"\"',NULL,NULL,NULL,'Categoria criada em: 2024-11-07 03:03:00 por marco',1,NULL,NULL,2,'transaction','2025-04-21 15:45:51','2025-05-07 02:31:30'),(1021,1020,'Supermercados e Alimentação',NULL,'#00ff00','icons8-supermercado',NULL,'ambos',NULL,NULL,'supermercado,mercado,antonelli,atacadao,rofatto,cubatao,alimentacao,feira,hortifruti',NULL,NULL,NULL,NULL,'Categoria criada em: 2024-11-12 17:54:04 por marco',1,NULL,NULL,2,'transaction','2025-04-21 15:45:51','2025-11-10 20:52:45'),(1022,1020,'Combustíveis e Postos',NULL,'#ffff00','icons8-posto',NULL,'ambos',NULL,NULL,'posto,combustivel,gasolina,etanol,shell,frogpay,abastecimento,arena,ipiranga',NULL,NULL,NULL,NULL,'Categoria criada em: 2024-11-12 17:55:05 por marco',1,NULL,NULL,2,'transaction','2025-04-21 15:45:51','2025-11-10 20:48:00'),(1023,1020,'Farmácias e Saúde',NULL,'#ff7b00','icons8-farmacia',NULL,'ambos',NULL,NULL,'farmacia,drogaria,pharma,saude,remedio,drogasil,pacheco',NULL,NULL,NULL,NULL,'Categoria criada em: 2024-11-12 17:55:44 por marco',1,NULL,NULL,2,'transaction','2025-04-21 15:45:51','2025-11-10 20:48:00'),(1024,1020,'Compras Online',NULL,'#45818e','icons8-online',NULL,'ambos',NULL,NULL,'shopee,mercadolivre,netshoes,online,ecommerce,internet',NULL,NULL,NULL,NULL,'Categoria criada em: 2024-11-12 17:56:25 por marco',1,NULL,NULL,2,'transaction','2025-04-21 15:45:51','2025-11-10 20:48:00'),(1025,1020,'Transferências e Pagamentos',NULL,'#f6b26b','icons8-transferencia',NULL,'ambos',NULL,NULL,NULL,NULL,NULL,NULL,NULL,'Categoria criada em: 2024-11-12 17:57:07 por marco',1,NULL,NULL,2,'transaction','2025-04-21 15:45:51','2025-05-07 02:39:56'),(1026,1020,'Outros','Despesas diversas não categorizadas','#f6b26b','icons8-restaurante',NULL,'ambos',NULL,NULL,'outros,diversos,geral,variado,miscelanea',NULL,NULL,NULL,NULL,'Categoria criada em: 2024-11-12 17:57:47 por marco',1,NULL,NULL,2,'transaction','2025-04-21 15:45:51','2025-11-10 20:51:09'),(1027,1020,'Hospedagem e Viagens',NULL,'#9fc5e8','icons8-viagem',NULL,'ambos',NULL,NULL,'hotel,pousada,airbnb,booking,decolar,hospedagem,hopihari',NULL,NULL,NULL,NULL,'Categoria criada em: 2024-11-12 18:09:03 por marco',1,NULL,NULL,2,'transaction','2025-04-21 15:45:51','2025-11-10 20:52:45'),(1028,1020,'Academia',NULL,'#ff0000','icons8-academia',NULL,'ambos',NULL,NULL,'academia,gym,fitness,smartfit,treino,musculacao','\"\"',NULL,NULL,NULL,'Categoria criada em: 2024-11-29 15:42:42 por marco a\nAtualizado em: 2024-11-29 15:50:53 por marco a',1,NULL,NULL,2,'transaction','2025-04-21 15:45:51','2025-11-10 20:48:00'),(1029,1020,'streaming',NULL,'#a2c4c9','icons8-steaming',NULL,'ambos',NULL,NULL,'netflix,spotify,prime,disney,hbo,streaming,assinatura',NULL,NULL,NULL,NULL,'Categoria criada em: 2024-11-29 15:51:52 por marco a',1,NULL,NULL,2,'transaction','2025-04-21 15:45:51','2025-11-10 20:48:00'),(1030,1020,'Mecânico',NULL,'#000000','icons8-academia',NULL,'ambos',NULL,NULL,'mecanico,pneus,borracharia,oficina,jsrosa,manutencao',NULL,NULL,NULL,NULL,'Categoria criada em: 2024-11-29 16:23:11 por marco a',1,NULL,NULL,2,'transaction','2025-04-21 15:45:51','2025-11-10 20:48:00'),(1031,1020,'Drop 3',NULL,'#000000','bi-cart-check',NULL,'ambos',NULL,NULL,NULL,NULL,NULL,NULL,NULL,'Categoria criada em: 2024-11-29 16:33:12 por marco a',1,NULL,NULL,2,'transaction','2025-04-21 15:45:51','2025-05-21 00:06:03'),(1033,NULL,'teste','teste','#ff0000','bi-cart-check',NULL,'ambos',11.00,NULL,NULL,NULL,NULL,NULL,NULL,NULL,1,NULL,NULL,2,'transaction','2025-04-21 18:46:40','2025-05-21 00:06:03'),(1034,NULL,'Nubank','banco nubank','#d400ff','icons8-nubank',NULL,NULL,NULL,NULL,NULL,NULL,NULL,NULL,NULL,NULL,1,NULL,NULL,2,'transaction','2025-04-21 20:25:35','2025-05-07 02:46:08'),(1036,NULL,'kit','kit','#707070','icons8-box','te',NULL,NULL,NULL,NULL,NULL,NULL,NULL,NULL,NULL,1,NULL,NULL,2,'product','2025-04-21 20:50:32','2025-05-07 02:50:50'),(1037,NULL,'Urso',NULL,'#ffffff','icons8-urso',NULL,'ambos',NULL,0,NULL,NULL,NULL,NULL,NULL,NULL,1,NULL,NULL,2,'product','2025-04-21 22:02:08','2025-04-21 22:35:34'),(1038,NULL,'teste','teste','#ba4040','bi-headphones',NULL,'ambos',NULL,0,NULL,NULL,NULL,NULL,NULL,NULL,1,NULL,NULL,2,'product','2025-04-25 16:32:03','2025-04-25 16:32:03'),(1039,NULL,'Seguro','seguro','#95eef4','bi-geo',NULL,'ambos',NULL,0,NULL,NULL,NULL,NULL,NULL,NULL,1,NULL,NULL,2,'transaction','2025-05-21 02:51:20','2025-05-21 02:51:20'),(1040,NULL,'Eudora & boticario','Eudora & boticario','#ee1bab','bi-file-earmark',NULL,'ambos',NULL,0,'eudora,boticario,natura,cosmeticos,perfumaria',NULL,NULL,NULL,NULL,NULL,1,NULL,NULL,2,'transaction','2025-05-21 02:56:54','2025-11-10 20:48:00'),(1041,NULL,'Sorveteria',NULL,'#000000',NULL,NULL,'ambos',NULL,0,'sorveteria,sorvete,acai,geladeria',NULL,NULL,NULL,NULL,NULL,1,NULL,NULL,2,'transaction','2025-05-21 03:54:20','2025-11-10 20:48:00'),(1042,NULL,'teste',NULL,'#000000','icons8-transferencia',NULL,'ambos',NULL,0,NULL,NULL,NULL,NULL,NULL,NULL,1,NULL,NULL,1,'transaction','2025-06-09 16:10:08','2025-06-09 16:10:08'),(1043,NULL,'beers/maco',NULL,'#00ff1e',NULL,NULL,'ambos',NULL,0,'beer,cerveja,bebida,bar,choperia,maco',NULL,NULL,NULL,NULL,NULL,1,NULL,NULL,2,'transaction','2025-06-09 16:21:45','2025-11-10 20:48:00'),(1044,NULL,'sdsd','asdada','#f59e0b','fas fa-utensils',NULL,NULL,NULL,0,NULL,NULL,NULL,NULL,NULL,NULL,1,NULL,NULL,1,'product','2025-09-11 17:04:47','2025-09-11 17:04:47'),(1045,NULL,'efaefa','fewrwer','#10b981','fas fa-dollar-sign',NULL,NULL,NULL,0,NULL,NULL,NULL,NULL,NULL,NULL,1,NULL,NULL,1,'transaction','2025-09-11 17:07:01','2025-09-11 17:07:01'),(1046,NULL,'Perfumaria','Perfumes, colônias e fragrâncias','#9C27B0','fas fa-spray-can','Categoria para todos os produtos de perfumaria incluindo perfumes, colônias, águas de cheiro e produtos aromáticos das marcas Eudora e Boticário','receita',NULL,0,NULL,NULL,NULL,NULL,NULL,NULL,1,NULL,NULL,2,'product','2025-09-19 04:04:24','2025-09-19 04:04:24'),(1048,NULL,'Cuidados com a Pele','Produtos para cuidados faciais e corporais','#4CAF50','fas fa-leaf','Cremes hidratantes, protetores solares, sabonetes, loções e produtos para cuidados com a pele','receita',NULL,0,NULL,NULL,NULL,NULL,NULL,NULL,1,NULL,NULL,2,'product','2025-09-19 04:04:24','2025-09-19 04:04:24'),(1049,NULL,'Cuidados com o Cabelo','Produtos capilares','#FF9800','fas fa-cut','Shampoos, condicionadores, máscaras, óleos e tratamentos capilares das marcas Eudora e Boticário','receita',NULL,0,NULL,NULL,NULL,NULL,NULL,NULL,1,NULL,NULL,2,'product','2025-09-19 04:04:24','2025-09-19 04:04:24'),(1050,NULL,'Higiene Pessoal','Produtos de higiene e limpeza pessoal','#2196F3','fas fa-soap','Desodorantes, sabonetes, géis de banho e produtos de higiene pessoal','receita',NULL,0,NULL,NULL,NULL,NULL,NULL,NULL,1,NULL,NULL,2,'product','2025-09-19 04:04:24','2025-09-19 04:04:24'),(1051,NULL,'Presentes e Kits','Kits e produtos para presentear','#F44336','fas fa-gift','Kits especiais, produtos para presente e embalagens promocionais das marcas Eudora e Boticário','receita',NULL,0,NULL,NULL,NULL,NULL,NULL,NULL,1,NULL,NULL,2,'product','2025-09-19 04:04:24','2025-09-19 04:04:24'),(1055,NULL,'Nutrição e Bem-estar','Suplementos e produtos para bem-estar','#8BC34A','fas fa-heart','Suplementos, vitaminas e produtos voltados para nutrição e bem-estar corporal','receita',NULL,0,NULL,NULL,NULL,NULL,NULL,NULL,1,NULL,NULL,2,'product','2025-09-19 04:04:24','2025-09-19 04:04:24'),(1056,NULL,'Perfume Feminino','Perfumes e fragrâncias femininas','#E91E63','fas fa-venus','Perfumes femininos das marcas Eudora e Boticário - fragrâncias florais, frutadas, amadeiradas','receita',NULL,0,NULL,NULL,NULL,NULL,NULL,NULL,1,NULL,NULL,2,'product','2025-09-19 04:33:29','2025-09-19 04:33:29'),(1057,NULL,'Perfume Masculino','Perfumes e fragrâncias masculinas','#2196F3','fas fa-mars','Perfumes masculinos das marcas Eudora e Boticário - fragrâncias amadeiradas, cítricas, aromáticas','receita',NULL,0,NULL,NULL,NULL,NULL,NULL,NULL,1,NULL,NULL,2,'product','2025-09-19 04:33:29','2025-09-19 04:33:29'),(1058,NULL,'Colônia','Colônias e águas de cheiro','#9C27B0','fas fa-tint','Colônias, águas de cheiro e fragrâncias leves para uso diário','receita',NULL,0,NULL,NULL,NULL,NULL,NULL,NULL,1,NULL,NULL,2,'product','2025-09-19 04:33:29','2025-09-19 04:33:29'),(1059,NULL,'Body Spray','Desodorantes colônias e body sprays','#00BCD4','fas fa-spray-can','Body sprays, desodorantes colônias e fragrâncias corporais refrescantes','receita',NULL,0,NULL,NULL,NULL,NULL,NULL,NULL,1,NULL,NULL,2,'product','2025-09-19 04:33:29','2025-09-19 04:33:29'),(1060,NULL,'Creme Hidratante','Cremes hidratantes corporais','#4CAF50','fas fa-hand-holding-water','Cremes hidratantes para corpo, pernas, mãos e áreas específicas','receita',NULL,0,NULL,NULL,NULL,NULL,NULL,NULL,1,NULL,NULL,2,'product','2025-09-19 04:33:29','2025-09-19 04:33:29'),(1061,NULL,'Loção Corporal','Loções e hidratantes líquidos','#8BC34A','fas fa-pump-soap','Loções corporais hidratantes, óleos corporais e produtos líquidos para hidratação','receita',NULL,0,NULL,NULL,NULL,NULL,NULL,NULL,1,NULL,NULL,2,'product','2025-09-19 04:33:29','2025-09-19 04:33:29'),(1062,NULL,'Protetor Solar','Protetores solares faciais e corporais','#FF9800','fas fa-sun','Protetores solares com diferentes FPS para rosto e corpo','receita',NULL,0,NULL,NULL,NULL,NULL,NULL,NULL,1,NULL,NULL,2,'product','2025-09-19 04:33:29','2025-09-19 04:33:29'),(1063,NULL,'Base e Corretivo','Bases líquidas, em pó e corretivos','#F44336','fas fa-palette','Bases faciais, corretivos, primers e produtos para uniformizar a pele','receita',NULL,0,NULL,NULL,NULL,NULL,NULL,NULL,1,NULL,NULL,2,'product','2025-09-19 04:33:29','2025-09-19 04:33:29'),(1064,NULL,'Batom e Gloss','Batons líquidos, cremosos e gloss','#E91E63','fas fa-kiss','Batons líquidos, cremosos, matte, gloss labial e produtos para os lábios','receita',NULL,0,NULL,NULL,NULL,NULL,NULL,NULL,1,NULL,NULL,2,'product','2025-09-19 04:33:29','2025-09-19 04:33:29'),(1065,NULL,'Rímel e Olhos','Rímeis, sombras e produtos para olhos','#673AB7','fas fa-eye','Rímeis, sombras, delineadores, lápis e produtos para maquiagem dos olhos','receita',NULL,0,NULL,NULL,NULL,NULL,NULL,NULL,1,NULL,NULL,2,'product','2025-09-19 04:33:29','2025-09-19 04:33:29'),(1066,NULL,'Blush e Iluminador','Blush, bronzer e iluminadores','#FF5722','fas fa-gem','Blush, bronzer, iluminadores e produtos para dar cor e brilho ao rosto','receita',NULL,0,NULL,NULL,NULL,NULL,NULL,NULL,1,NULL,NULL,2,'product','2025-09-19 04:33:29','2025-09-19 04:33:29'),(1067,NULL,'Shampoo','Shampoos para todos os tipos de cabelo','#2196F3','fas fa-shower','Shampoos para cabelos oleosos, secos, mistos, com caspa e tratamentos específicos','receita',NULL,0,NULL,NULL,NULL,NULL,NULL,NULL,1,NULL,NULL,2,'product','2025-09-19 04:33:29','2025-09-19 04:33:29'),(1068,NULL,'Condicionador','Condicionadores e cremes para pentear','#009688','fas fa-hand-paper','Condicionadores, cremes para pentear e produtos leave-in para hidratação capilar','receita',NULL,0,NULL,NULL,NULL,NULL,NULL,NULL,1,NULL,NULL,2,'product','2025-09-19 04:33:29','2025-09-19 04:33:29'),(1069,NULL,'Máscara Capilar','Máscaras de tratamento capilar','#795548','fas fa-spa','Máscaras capilares intensivas para hidratação, nutrição e reconstrução dos fios','receita',NULL,0,NULL,NULL,NULL,NULL,NULL,NULL,1,NULL,NULL,2,'product','2025-09-19 04:33:29','2025-09-19 04:33:29'),(1070,NULL,'Óleo Capilar','Óleos e séruns para cabelo','#FFC107','fas fa-oil-can','Óleos capilares, séruns e produtos para dar brilho e nutrição aos cabelos','receita',NULL,0,NULL,NULL,NULL,NULL,NULL,NULL,1,NULL,NULL,2,'product','2025-09-19 04:33:29','2025-09-19 04:33:29'),(1071,NULL,'Sabonete Líquido','Sabonetes líquidos para corpo e mãos','#607D8B','fas fa-pump-soap','Sabonetes líquidos hidratantes, antibacterianos e perfumados para corpo e mãos','receita',NULL,0,NULL,NULL,NULL,NULL,NULL,NULL,1,NULL,NULL,2,'product','2025-09-19 04:33:29','2025-09-19 04:33:29'),(1072,NULL,'Sabonete em Barra','Sabonetes sólidos e em barra','#9E9E9E','fas fa-soap','Sabonetes em barra hidratantes, esfoliantes e com diferentes fragrâncias','receita',NULL,0,NULL,NULL,NULL,NULL,NULL,NULL,1,NULL,NULL,2,'product','2025-09-19 04:33:29','2025-09-19 04:33:29'),(1073,NULL,'Desodorante Roll-on','Desodorantes roll-on antitranspirantes','#3F51B5','fas fa-circle','Desodorantes roll-on com proteção antitranspirante para uso diário','receita',NULL,0,NULL,NULL,NULL,NULL,NULL,NULL,1,NULL,NULL,2,'product','2025-09-19 04:33:29','2025-09-19 04:33:29'),(1074,NULL,'Desodorante Aerosol','Desodorantes em spray aerosol','#00BCD4','fas fa-spray-can','Desodorantes aerosol com secagem rápida e proteção prolongada','receita',NULL,0,NULL,NULL,NULL,NULL,NULL,NULL,1,NULL,NULL,2,'product','2025-09-19 04:33:29','2025-09-19 04:33:29'),(1075,NULL,'Esmalte','Esmaltes e produtos para unhas','#E91E63','fas fa-hand','Esmaltes coloridos, base, top coat e produtos para cuidados com as unhas','receita',NULL,0,NULL,NULL,NULL,NULL,NULL,NULL,1,NULL,NULL,2,'product','2025-09-19 04:33:29','2025-09-19 04:33:29'),(1076,NULL,'Creme Facial','Cremes faciais e tratamentos','#8BC34A','fas fa-smile','Cremes faciais hidratantes, anti-idade, para acne e tratamentos específicos','receita',NULL,0,NULL,NULL,NULL,NULL,NULL,NULL,1,NULL,NULL,2,'product','2025-09-19 04:33:29','2025-09-19 04:33:29'),(1078,NULL,'Maquiagem','Produtos de maquiagem e beleza','#E91E63','fas fa-palette','Base, batom, rímel, sombra, blush, corretivo e demais produtos de maquiagem das marcas Eudora e Boticário','receita',NULL,0,NULL,NULL,NULL,NULL,NULL,NULL,1,NULL,NULL,2,'product','2025-10-05 00:12:01','2025-10-05 00:12:01'),(1105,NULL,'Casa e Ambiente','Produtos para casa e ambientes','#795548','fas fa-home','Velas, aromatizadores de ambiente, difusores e produtos para perfumar e decorar a casa','receita',NULL,0,NULL,NULL,NULL,NULL,NULL,NULL,1,NULL,NULL,2,'product','2025-10-07 15:39:32','2025-10-07 15:39:32'),(1143,NULL,'Infantil','Produtos infantis','#FFC107','fas fa-baby','Produtos específicos para crianças e bebês das marcas Eudora e Boticário','receita',NULL,0,NULL,NULL,NULL,NULL,NULL,NULL,1,NULL,NULL,2,'product','2025-10-17 00:57:54','2025-10-17 00:57:54'),(1157,NULL,'Transporte','Uber, táxi, ônibus, transporte público','#4ECDC4','fas fa-car',NULL,'gasto',NULL,0,'uber,99,cabify,taxi,onibus,transporte,metro,trem',NULL,NULL,NULL,NULL,NULL,1,NULL,NULL,2,'transaction','2025-11-10 20:48:00','2025-11-10 20:48:00'),(1158,NULL,'Educação','Cursos, livros, material escolar','#55EFC4','fas fa-graduation-cap',NULL,'gasto',NULL,0,'curso,educacao,livro,escola,faculdade,udemy,alura',NULL,NULL,NULL,NULL,NULL,1,NULL,NULL,2,'transaction','2025-11-10 20:48:00','2025-11-10 20:48:00'),(1159,NULL,'Casa e Moradia','Aluguel, condomínio, contas da casa','#FDCB6E','fas fa-home',NULL,'gasto',NULL,0,'aluguel,condominio,iptu,luz,agua,gas,casa,moradia',NULL,NULL,NULL,NULL,NULL,1,NULL,NULL,2,'transaction','2025-11-10 20:48:00','2025-11-10 20:48:00'),(1160,NULL,'Lazer e Entretenimento','Cinema, teatro, parques, diversão','#A29BFE','fas fa-gamepad',NULL,'gasto',NULL,0,'cinema,teatro,parque,diversao,lazer,entretenimento',NULL,NULL,NULL,NULL,NULL,1,NULL,NULL,2,'transaction','2025-11-10 20:48:00','2025-11-10 20:48:00');
/*!40000 ALTER TABLE `category` ENABLE KEYS */;
UNLOCK TABLES;

--
-- Table structure for table `clients`
--

DROP TABLE IF EXISTS `clients`;
/*!40101 SET @saved_cs_client     = @@character_set_client */;
/*!50503 SET character_set_client = utf8mb4 */;
CREATE TABLE `clients` (
  `id` int NOT NULL AUTO_INCREMENT,
  `name` varchar(100) NOT NULL,
  `email` varchar(255) DEFAULT NULL,
  `phone` varchar(16) DEFAULT NULL,
  `address` text,
  `caminho_foto` varchar(255) DEFAULT NULL COMMENT 'Caminho para a foto do cliente',
  `user_id` bigint unsigned NOT NULL,
  `created_at` timestamp NULL DEFAULT CURRENT_TIMESTAMP,
  `updated_at` timestamp NULL DEFAULT CURRENT_TIMESTAMP ON UPDATE CURRENT_TIMESTAMP,
  PRIMARY KEY (`id`),
  KEY `idx_clients_user_id` (`user_id`),
  KEY `idx_clients_name` (`name`),
  CONSTRAINT `clients_ibfk_1` FOREIGN KEY (`user_id`) REFERENCES `users` (`id`)
) ENGINE=InnoDB AUTO_INCREMENT=60 DEFAULT CHARSET=utf8mb4 COLLATE=utf8mb4_0900_ai_ci;
/*!40101 SET character_set_client = @saved_cs_client */;

--
-- Dumping data for table `clients`
--

LOCK TABLES `clients` WRITE;
/*!40000 ALTER TABLE `clients` DISABLE KEYS */;
INSERT INTO `clients` VALUES (7,'Jessica','marcobubola@hotmail.com','19984122111','casa','https://avataaars.io/?avatarStyle=Circle&topType=LongHairStraight2&hairColor=Auburn&clotheType=BlazerShirt&eyeType=Default&eyebrowType=Default&mouthType=Smile&skinColor=Pale',2,'2025-03-19 01:17:24','2025-06-19 14:01:35'),(8,'Pricila',NULL,NULL,NULL,'https://avataaars.io/?avatarStyle=Circle&topType=LongHairStraight&hairColor=Black&clotheType=Hoodie&eyeType=Happy&eyebrowType=RaisedExcited&mouthType=Smile&skinColor=Brown',2,'2025-03-19 01:50:01','2025-06-19 06:57:33'),(9,'Filho pricila',NULL,NULL,NULL,NULL,2,'2025-03-19 03:21:32','2025-03-19 03:21:32'),(10,'kaue',NULL,NULL,NULL,'https://avataaars.io/?avatarStyle=Circle&topType=ShortHairShortFlat&hairColor=Brown&clotheType=BlazerShirt&eyeType=Default&eyebrowType=Default&mouthType=Smile&skinColor=Light',2,'2025-03-19 03:22:29','2025-06-19 14:02:38'),(11,'alexandra',NULL,NULL,NULL,NULL,2,'2025-03-19 03:25:43','2025-03-19 03:25:43'),(12,'Rafa',NULL,NULL,NULL,NULL,2,'2025-03-19 03:27:14','2025-03-19 03:27:14'),(13,'juninho',NULL,NULL,NULL,NULL,2,'2025-03-19 03:35:28','2025-03-19 03:35:28'),(15,'joana',NULL,NULL,NULL,NULL,2,'2025-03-19 03:36:22','2025-03-19 03:36:22'),(16,'luana',NULL,NULL,NULL,NULL,2,'2025-03-19 03:36:28','2025-03-19 03:36:28'),(17,'fran',NULL,NULL,NULL,NULL,2,'2025-03-19 03:36:36','2025-03-19 03:36:36'),(18,'julia',NULL,NULL,NULL,NULL,2,'2025-03-19 03:36:41','2025-03-19 03:36:41'),(19,'vilma',NULL,NULL,NULL,NULL,2,'2025-03-19 03:40:45','2025-03-19 03:40:45'),(20,'luciana',NULL,NULL,NULL,NULL,2,'2025-03-19 03:41:21','2025-03-19 03:41:21'),(21,'ketilin',NULL,NULL,NULL,NULL,2,'2025-03-19 03:41:33','2025-03-19 03:41:33'),(22,'aoki',NULL,NULL,NULL,NULL,2,'2025-03-19 03:41:38','2025-03-19 03:41:38'),(23,'miriam',NULL,NULL,NULL,NULL,2,'2025-03-19 03:42:36','2025-03-19 03:42:36'),(24,'teste',NULL,NULL,NULL,NULL,2,'2025-03-19 05:40:47','2025-03-19 05:40:47'),(25,'lidia',NULL,NULL,NULL,NULL,2,'2025-03-26 05:29:15','2025-03-26 05:29:15'),(27,'alessandra',NULL,NULL,NULL,NULL,2,'2025-04-03 04:24:56','2025-04-03 04:24:56'),(29,'marco bubola','marcobubola@hotmail.com','(19) 98412-2111','Rua Nhambiquara de Tupã',NULL,2,'2025-04-25 03:12:45','2025-04-25 03:12:45'),(31,'lucas',NULL,NULL,NULL,NULL,2,'2025-05-13 22:30:14','2025-05-13 22:30:14'),(32,'luiz antonio',NULL,NULL,NULL,NULL,2,'2025-05-13 22:31:34','2025-05-13 22:31:34'),(33,'marisol',NULL,NULL,NULL,NULL,2,'2025-05-13 22:33:08','2025-05-13 22:33:08'),(34,'Aninha',NULL,NULL,NULL,NULL,2,'2025-05-21 02:49:51','2025-05-21 02:49:51'),(35,'eudora',NULL,NULL,NULL,NULL,2,'2025-05-21 02:53:29','2025-05-21 02:53:29'),(36,'jaira',NULL,NULL,NULL,NULL,2,'2025-06-19 02:29:38','2025-06-19 02:29:38'),(37,'suzana',NULL,NULL,NULL,NULL,2,'2025-06-19 02:33:21','2025-06-19 02:33:21'),(38,'silvana',NULL,NULL,NULL,NULL,2,'2025-06-19 02:34:14','2025-06-19 02:34:14'),(39,'ramaties',NULL,NULL,NULL,NULL,2,'2025-06-19 02:36:10','2025-06-19 02:36:10'),(40,'carol tecnica',NULL,NULL,NULL,NULL,2,'2025-06-19 02:37:48','2025-06-19 02:38:12'),(41,'suelem',NULL,NULL,NULL,NULL,2,'2025-06-19 02:47:08','2025-06-19 02:47:08'),(42,'marco bubola','marcobubola@hotmail.com','(19) 98412-2111',NULL,'https://avataaars.io/?avatarStyle=Circle&topType=ShortHairDreads01&hairColor=Blonde&clotheType=GraphicShirt&eyeType=Squint&eyebrowType=Default&mouthType=Default&skinColor=DarkBrown',1,'2025-06-19 14:51:21','2025-07-03 02:57:54'),(43,'marco bubolaweew','marcobuwwbola@hotmail.com','199841221113','Rua Nhambiquara de Tupã','https://avataaars.io/?avatarStyle=Circle&topType=ShortHairDreads02&hairColor=SilverGray&clotheType=GraphicShirt&eyeType=Squint&eyebrowType=Default&mouthType=Default&skinColor=DarkBrown',1,'2025-07-03 02:46:54','2025-07-10 20:35:26'),(44,'hdbsad','Anabieber_@gmail.com','19984122111','Rua Nhambiquara de Tupã','https://avataaars.io/?avatarStyle=Circle&topType=ShortHairRound&hairColor=Black&clotheType=BlazerSweater&eyeType=Default&eyebrowType=Default&mouthType=Smile&skinColor=Light',1,'2025-07-03 02:58:17','2025-07-03 02:58:17'),(45,'marco bubola','marcobubola@hotmail.com','(19) 98412-2111','Rua Nhambiquara de Tupã','https://avataaars.io/?avatarStyle=Circle&topType=ShortHairShortFlat&hairColor=Brown&clotheType=BlazerShirt&eyeType=Default&eyebrowType=Default&mouthType=Smile&skinColor=Light',1,'2025-09-19 15:40:01','2025-09-19 15:40:01'),(47,'Franciele',NULL,NULL,NULL,'https://avataaars.io/?avatarStyle=Circle&topType=LongHairMiaWallace&hairColor=Brown&clotheType=Hoodie&eyeType=Squint&eyebrowType=Default&mouthType=Default&skinColor=Tanned',2,'2025-10-17 01:54:29','2025-10-17 01:54:29'),(48,'amarildo',NULL,NULL,NULL,'https://avataaars.io/?avatarStyle=Circle&topType=ShortHairSides&hairColor=Auburn&clotheType=BlazerShirt&eyeType=Happy&eyebrowType=RaisedExcited&mouthType=Smile&skinColor=Pale',2,'2025-10-17 01:56:54','2025-10-17 01:56:54'),(49,'ketelyn',NULL,NULL,NULL,'https://avataaars.io/?avatarStyle=Circle&topType=LongHairStraight2&hairColor=Auburn&clotheType=BlazerShirt&eyeType=Default&eyebrowType=Default&mouthType=Smile&skinColor=Pale',2,'2025-10-17 01:58:20','2025-10-17 01:58:20'),(50,'Laura',NULL,NULL,NULL,'https://avataaars.io/?avatarStyle=Circle&topType=LongHairStraightStrand&hairColor=Red&clotheType=ShirtCrewNeck&eyeType=Happy&eyebrowType=RaisedExcited&mouthType=Smile&skinColor=Brown',2,'2025-10-17 02:13:53','2025-10-17 02:13:53'),(51,'alex ',NULL,NULL,NULL,'https://avataaars.io/?avatarStyle=Circle&topType=ShortHairShortFlat&hairColor=Brown&clotheType=Hoodie&eyeType=Happy&eyebrowType=RaisedExcited&mouthType=Smile&skinColor=Yellow',2,'2025-10-17 02:16:50','2025-10-17 02:16:50'),(52,'luana salao',NULL,NULL,NULL,'https://avataaars.io/?avatarStyle=Circle&topType=LongHairStraight&hairColor=Black&clotheType=Hoodie&eyeType=Happy&eyebrowType=RaisedExcited&mouthType=Smile&skinColor=Brown',2,'2025-11-18 02:52:57','2025-11-18 02:52:57'),(53,'ana',NULL,NULL,NULL,'https://avataaars.io/?avatarStyle=Circle&topType=LongHairCurvy&hairColor=Red&clotheType=BlazerSweater&eyeType=Happy&eyebrowType=RaisedExcited&mouthType=Smile&skinColor=Brown',2,'2025-11-18 03:00:33','2025-11-18 03:00:33'),(54,'simone',NULL,NULL,NULL,'https://avataaars.io/?avatarStyle=Circle&topType=LongHairCurly&hairColor=Red&clotheType=BlazerSweater&eyeType=Default&eyebrowType=Default&mouthType=Smile&skinColor=Black',2,'2025-11-18 03:01:13','2025-11-18 03:01:13'),(55,'andreia',NULL,NULL,NULL,'https://avataaars.io/?avatarStyle=Circle&topType=LongHairBigHair&hairColor=Blonde&clotheType=GraphicShirt&eyeType=Default&eyebrowType=Default&mouthType=Smile&skinColor=Yellow',2,'2025-11-18 03:06:24','2025-11-18 03:06:24'),(56,'carmen',NULL,NULL,NULL,'https://avataaars.io/?avatarStyle=Circle&topType=LongHairBigHair&hairColor=Blonde&clotheType=GraphicShirt&eyeType=Default&eyebrowType=Default&mouthType=Smile&skinColor=Yellow',2,'2025-11-18 03:09:15','2025-11-18 03:09:15'),(57,'joice',NULL,NULL,NULL,'https://avataaars.io/?avatarStyle=Circle&topType=LongHairCurvy&hairColor=Red&clotheType=BlazerSweater&eyeType=Happy&eyebrowType=RaisedExcited&mouthType=Smile&skinColor=Brown',2,'2025-11-18 03:12:58','2025-11-18 03:12:58'),(58,'mateus',NULL,NULL,NULL,'https://avataaars.io/?avatarStyle=Circle&topType=ShortHairDreads01&hairColor=Blonde&clotheType=GraphicShirt&eyeType=Squint&eyebrowType=Default&mouthType=Default&skinColor=DarkBrown',2,'2025-11-18 03:18:51','2025-11-18 03:18:51'),(59,'duda',NULL,NULL,NULL,'https://avataaars.io/?avatarStyle=Circle&topType=LongHairStraightStrand&hairColor=Red&clotheType=ShirtCrewNeck&eyeType=Happy&eyebrowType=RaisedExcited&mouthType=Smile&skinColor=Brown',2,'2025-11-18 03:20:40','2025-11-18 03:20:40');
/*!40000 ALTER TABLE `clients` ENABLE KEYS */;
UNLOCK TABLES;

--
-- Table structure for table `cofrinhos`
--

DROP TABLE IF EXISTS `cofrinhos`;
/*!40101 SET @saved_cs_client     = @@character_set_client */;
/*!50503 SET character_set_client = utf8mb4 */;
CREATE TABLE `cofrinhos` (
  `id` int NOT NULL AUTO_INCREMENT,
  `user_id` bigint unsigned NOT NULL,
  `nome` varchar(255) CHARACTER SET utf8mb4 COLLATE utf8mb4_unicode_ci NOT NULL,
  `meta_valor` decimal(10,2) DEFAULT NULL,
  `status` enum('ativo','arquivado') CHARACTER SET utf8mb4 COLLATE utf8mb4_unicode_ci NOT NULL DEFAULT 'ativo',
  `created_at` timestamp NULL DEFAULT CURRENT_TIMESTAMP,
  `updated_at` timestamp NULL DEFAULT CURRENT_TIMESTAMP ON UPDATE CURRENT_TIMESTAMP,
  `icone` varchar(50) CHARACTER SET utf8mb4 COLLATE utf8mb4_unicode_ci DEFAULT 'fa-piggy-bank',
  PRIMARY KEY (`id`),
  KEY `user_id` (`user_id`),
  CONSTRAINT `cofrinhos_ibfk_1` FOREIGN KEY (`user_id`) REFERENCES `users` (`id`)
) ENGINE=InnoDB AUTO_INCREMENT=7 DEFAULT CHARSET=utf8mb4 COLLATE=utf8mb4_unicode_ci;
/*!40101 SET character_set_client = @saved_cs_client */;

--
-- Dumping data for table `cofrinhos`
--

LOCK TABLES `cofrinhos` WRITE;
/*!40000 ALTER TABLE `cofrinhos` DISABLE KEYS */;
INSERT INTO `cofrinhos` VALUES (1,1,'teste',10000.00,'ativo','2025-06-20 16:33:29','2025-06-23 13:34:32','fa-piggy-bank'),(2,1,'marco',44444444.00,'ativo','2025-06-20 16:34:28','2025-06-20 16:34:28','fa-piggy-bank'),(4,1,'Viagem dos sonhos',500.00,'ativo','2025-06-23 13:38:09','2025-06-23 13:38:09','fa-piggy-bank'),(5,1,'Viagem dos sonhos',1000.00,'ativo','2025-06-23 13:59:53','2025-06-23 13:59:53','fa-piggy-bank'),(6,2,'eudora',100000.00,'ativo','2025-10-07 18:23:31','2025-10-07 18:23:31','fa-piggy-bank');
/*!40000 ALTER TABLE `cofrinhos` ENABLE KEYS */;
UNLOCK TABLES;

--
-- Table structure for table `failed_jobs`
--

DROP TABLE IF EXISTS `failed_jobs`;
/*!40101 SET @saved_cs_client     = @@character_set_client */;
/*!50503 SET character_set_client = utf8mb4 */;
CREATE TABLE `failed_jobs` (
  `id` bigint unsigned NOT NULL AUTO_INCREMENT,
  `uuid` varchar(255) CHARACTER SET utf8mb4 COLLATE utf8mb4_unicode_ci NOT NULL,
  `connection` text CHARACTER SET utf8mb4 COLLATE utf8mb4_unicode_ci NOT NULL,
  `queue` text CHARACTER SET utf8mb4 COLLATE utf8mb4_unicode_ci NOT NULL,
  `payload` longtext CHARACTER SET utf8mb4 COLLATE utf8mb4_unicode_ci NOT NULL,
  `exception` longtext CHARACTER SET utf8mb4 COLLATE utf8mb4_unicode_ci NOT NULL,
  `failed_at` timestamp NOT NULL DEFAULT CURRENT_TIMESTAMP,
  PRIMARY KEY (`id`),
  UNIQUE KEY `failed_jobs_uuid_unique` (`uuid`)
) ENGINE=InnoDB DEFAULT CHARSET=utf8mb4 COLLATE=utf8mb4_unicode_ci;
/*!40101 SET character_set_client = @saved_cs_client */;

--
-- Dumping data for table `failed_jobs`
--

LOCK TABLES `failed_jobs` WRITE;
/*!40000 ALTER TABLE `failed_jobs` DISABLE KEYS */;
/*!40000 ALTER TABLE `failed_jobs` ENABLE KEYS */;
UNLOCK TABLES;

--
-- Table structure for table `invoice`
--

DROP TABLE IF EXISTS `invoice`;
/*!40101 SET @saved_cs_client     = @@character_set_client */;
/*!50503 SET character_set_client = utf8mb4 */;
CREATE TABLE `invoice` (
  `id_invoice` int NOT NULL AUTO_INCREMENT,
  `id_bank` int NOT NULL,
  `description` varchar(255) NOT NULL,
  `installments` varchar(255) NOT NULL,
  `value` decimal(10,2) NOT NULL,
  `invoice_date` date NOT NULL,
  `user_id` bigint unsigned NOT NULL,
  `category_id` int NOT NULL,
  `created_at` timestamp NULL DEFAULT CURRENT_TIMESTAMP,
  `updated_at` timestamp NULL DEFAULT CURRENT_TIMESTAMP ON UPDATE CURRENT_TIMESTAMP,
  `client_id` int DEFAULT NULL,
  `dividida` tinyint(1) DEFAULT '0',
  PRIMARY KEY (`id_invoice`),
  KEY `id_bank` (`id_bank`),
  KEY `category_id` (`category_id`),
  KEY `idx_invoice_user_id` (`user_id`),
  KEY `idx_invoice_value` (`value`),
  KEY `fk_invoice_clients` (`client_id`),
  CONSTRAINT `fk_invoice_clients` FOREIGN KEY (`client_id`) REFERENCES `clients` (`id`) ON DELETE SET NULL,
  CONSTRAINT `invoice_ibfk_1` FOREIGN KEY (`user_id`) REFERENCES `users` (`id`),
  CONSTRAINT `invoice_ibfk_2` FOREIGN KEY (`id_bank`) REFERENCES `banks` (`id_bank`),
  CONSTRAINT `invoice_ibfk_3` FOREIGN KEY (`category_id`) REFERENCES `category` (`id_category`)
) ENGINE=InnoDB AUTO_INCREMENT=1023 DEFAULT CHARSET=utf8mb4 COLLATE=utf8mb4_0900_ai_ci;
/*!40101 SET character_set_client = @saved_cs_client */;

--
-- Dumping data for table `invoice`
--

LOCK TABLES `invoice` WRITE;
/*!40000 ALTER TABLE `invoice` DISABLE KEYS */;
INSERT INTO `invoice` VALUES (209,8,'SosBeer                ITAPIRA       BRA','Compra à vista',4.00,'2024-12-02',2,1018,'2025-05-01 18:28:23','2025-05-01 18:28:23',NULL,0),(210,8,'AGRO CUBATAO           ITAPIRA       BRA','Compra à vista',50.00,'2024-12-02',2,1021,'2025-05-01 18:28:23','2025-05-01 18:28:23',NULL,0),(211,8,'49237538MariaInes      SERRA NEGRA   BRA','Compra à vista',27.00,'2024-12-01',2,1026,'2025-05-01 18:28:23','2025-06-04 04:28:20',34,1),(212,8,'57559680Maria          SERRA NEGRA   BRA','Compra à vista',11.00,'2024-12-01',2,1026,'2025-05-01 18:28:23','2025-06-04 04:28:16',34,1),(213,8,'SUPERMERCADO MIX CENTE ITAPIRA       BRA','Compra à vista',7.13,'2024-11-30',2,1021,'2025-05-01 18:28:23','2025-05-01 18:28:23',NULL,0),(214,8,'Zeferinoltda           ITAPIRA       BRA','Compra à vista',82.26,'2024-11-30',2,1026,'2025-05-01 18:28:23','2025-06-04 04:28:18',34,1),(215,8,'AUTO POSTO ARENA DE I  ITAPIRA       BRA','Compra à vista',52.37,'2024-11-29',2,1022,'2025-05-01 18:28:23','2025-05-01 18:28:23',NULL,0),(216,8,'Burger King App        Barueri       BRA','Compra à vista',66.90,'2024-11-29',2,1018,'2025-05-01 18:28:23','2025-06-04 04:28:20',34,1),(217,8,'MOGI CHOCOLATERIA      MOGI GUACU    BRA','Compra à vista',23.51,'2024-11-29',2,1041,'2025-05-01 18:28:23','2025-06-04 04:28:18',34,1),(218,8,'AyltonCeragioli        ITAPIRA       BRA','Compra à vista',13.00,'2024-11-29',2,1026,'2025-05-01 18:28:23','2025-05-01 18:28:23',NULL,0),(219,8,'ANTONELLI SUPERMERCA   ITAPIRA       BRA','Compra à vista',22.92,'2024-11-28',2,1021,'2025-05-01 18:28:23','2025-05-01 18:28:23',NULL,0),(220,8,'SUPERM PENHA CENTER    ITAPIRA       BRA','Compra à vista',16.40,'2024-11-27',2,1021,'2025-05-01 18:28:23','2025-05-01 18:28:23',NULL,0),(221,8,'SosBeer                ITAPIRA       BRA','Compra à vista',9.00,'2024-11-26',2,1018,'2025-05-01 18:28:23','2025-05-01 18:28:23',NULL,0),(222,8,'FuzueSorvetesLtda      ITAPIRA       BRA','Compra à vista',40.60,'2024-11-24',2,1041,'2025-05-01 18:28:23','2025-06-04 04:28:19',34,1),(223,8,'SosBeer                ITAPIRA       BRA','Compra à vista',18.00,'2024-11-24',2,1018,'2025-05-01 18:28:23','2025-05-01 18:28:23',NULL,0),(224,8,'TOURO S BURGUER        ITAPIRA       BRA','Compra à vista',52.00,'2024-11-23',2,1018,'2025-05-01 18:28:23','2025-06-04 04:28:23',34,1),(225,8,'Reginaldo              ITAPIRA       BRA','Compra à vista',14.00,'2024-11-22',2,1026,'2025-05-01 18:28:23','2025-05-01 18:28:23',NULL,0),(226,8,'SUPERM PENHA CENTER    ITAPIRA       BRA','Compra à vista',14.66,'2024-11-22',2,1021,'2025-05-01 18:28:23','2025-05-01 18:28:23',NULL,0),(227,8,'FOXMOTO COM BIC E PECA ITAPIRA       BRA','Compra à vista',44.90,'2024-11-21',2,1030,'2025-05-01 18:28:23','2025-05-01 18:28:23',NULL,0),(228,8,'CP PARC SHOPPING INTER','Parcela 1/10 da compra',470.79,'2024-11-19',2,1024,'2025-05-01 18:28:23','2025-05-01 18:28:23',NULL,0),(229,8,'SosBeer                ITAPIRA       BRA','Compra à vista',32.00,'2024-11-15',2,1018,'2025-05-01 18:28:23','2025-05-01 18:28:23',NULL,0),(230,8,'Zeferino               ITAPIRA       BRA','Compra à vista',31.60,'2024-11-15',2,1019,'2025-05-01 18:28:23','2025-05-01 18:28:23',NULL,0),(231,8,'AUTO POSTO N  R        ITAPIRA       BRA','Compra à vista',60.00,'2024-11-14',2,1022,'2025-05-01 18:28:23','2025-05-01 18:28:23',NULL,0),(232,8,'AUTO POSTO ARENA DE I  ITAPIRA       BRA','Compra à vista',50.83,'2024-11-13',2,1022,'2025-05-01 18:28:23','2025-05-01 18:28:23',NULL,0),(233,8,'TABACARIA JB 05        ITAPIRA       BRA','Compra à vista',26.90,'2024-11-12',2,1018,'2025-05-01 18:28:23','2025-05-01 18:28:23',NULL,0),(234,8,'AGRO CUBATAO           ITAPIRA       BRA','Compra à vista',36.00,'2024-11-11',2,1021,'2025-05-01 18:28:23','2025-05-01 18:28:23',NULL,0),(235,8,'AUTO POSTO N  R        ITAPIRA       BRA','Compra à vista',30.00,'2024-11-10',2,1022,'2025-05-01 18:28:23','2025-05-01 18:28:23',NULL,0),(236,8,'Zeferinoltda           ITAPIRA       BRA','Compra à vista',150.56,'2024-11-09',2,1026,'2025-05-01 18:28:23','2025-06-04 04:28:24',34,1),(237,8,'SosBeer                ITAPIRA       BRA','Compra à vista',5.00,'2024-11-09',2,1018,'2025-05-01 18:28:23','2025-05-01 18:28:23',NULL,0),(238,8,'ROFATTO SUPERMERCADOS  ITAPIRA       BRA','Compra à vista',38.17,'2024-11-06',2,1021,'2025-05-01 18:28:23','2025-05-01 18:28:23',NULL,0),(239,8,'ABAST SHELL BOX','Compra à vista',30.00,'2025-01-01',2,1022,'2025-05-01 19:40:45','2025-05-01 19:40:45',NULL,0),(240,8,'SUPERMERCADO           ITAPIRA       BRA','Compra à vista',311.67,'2024-12-31',2,1021,'2025-05-01 19:40:45','2025-06-04 04:27:55',34,1),(241,8,'FARMACIA SANTA CRUZ    Itapira       BRA','Compra à vista',53.90,'2024-12-30',2,1023,'2025-05-01 19:40:45','2025-06-05 03:19:15',34,1),(242,8,'SUPERMERCADO           ITAPIRA       BRA','Compra à vista',39.51,'2024-12-29',2,1021,'2025-05-01 19:40:45','2025-05-01 19:40:45',NULL,0),(243,8,'1A99                   ITAPIRA       BRA','Compra à vista',32.93,'2024-12-28',2,1021,'2025-05-01 19:40:45','2025-05-01 19:40:45',NULL,0),(244,8,'MP  BARAODASPIZZA      OSASCO        BRA','Compra à vista',39.25,'2024-12-28',2,1018,'2025-05-01 19:40:45','2025-06-05 03:19:46',34,1),(245,8,'BARAODASPIZZA          Itapira       BRA','Compra à vista',86.50,'2024-12-28',2,1018,'2025-05-01 19:40:45','2025-06-05 03:19:53',34,1),(246,8,'SUPERMERCADO           ITAPIRA       BRA','Compra à vista',19.96,'2024-12-28',2,1021,'2025-05-01 19:40:45','2025-05-01 19:40:45',NULL,0),(247,8,'BARAODASPIZZA          Itapira       BRA','Compra à vista',62.50,'2024-12-27',2,1018,'2025-05-01 19:40:45','2025-06-04 04:28:07',34,1),(248,8,'ABAST SHELL BOX','Compra à vista',50.00,'2024-12-25',2,1022,'2025-05-01 19:40:45','2025-05-01 19:40:45',NULL,0),(249,8,'Zeferinoltda           ITAPIRA       BRA','Compra à vista',77.84,'2024-12-24',2,1026,'2025-05-01 19:40:45','2025-06-04 04:28:00',34,1),(250,8,'TABACARIA JB 05        ITAPIRA       BRA','Compra à vista',42.80,'2024-12-23',2,1018,'2025-05-01 19:40:45','2025-05-01 19:40:45',NULL,0),(251,8,'SUPERMERCADO           ITAPIRA       BRA','Compra à vista',101.89,'2024-12-23',2,1021,'2025-05-01 19:40:45','2025-06-04 04:28:07',34,1),(252,8,'SUPERM PENHA CENTER    ITAPIRA       BRA','Compra à vista',34.09,'2024-12-23',2,1021,'2025-05-01 19:40:45','2025-05-01 19:40:45',NULL,0),(253,8,'JAPONESA COSMETICOS    ITAPIRA       BRA','Compra à vista',97.89,'2024-12-22',2,1019,'2025-05-01 19:40:45','2025-06-04 03:56:31',29,0),(254,8,'RAIA262                ITAPIRA       BRA','Compra à vista',22.07,'2024-12-22',2,1023,'2025-05-01 19:40:45','2025-05-01 19:40:45',NULL,0),(255,8,'CleusaAparecidaDa      ITAPIRA       BRA','Compra à vista',24.00,'2024-12-22',2,1018,'2025-05-01 19:40:45','2025-06-04 04:28:01',34,1),(256,8,'SUPERMERCADO MIX CENTE ITAPIRA       BRA','Compra à vista',24.94,'2024-12-21',2,1021,'2025-05-01 19:40:45','2025-05-01 19:40:45',NULL,0),(257,8,'BF  MEGA MOTOS         ITAPIRA       BRA','Compra à vista',80.00,'2024-12-18',2,1030,'2025-05-01 19:40:45','2025-05-01 19:40:45',NULL,0),(258,8,'ROFATTO SUPERMERCADOS  ITAPIRA       BRA','Compra à vista',50.01,'2024-12-18',2,1021,'2025-05-01 19:40:45','2025-05-01 19:40:45',NULL,0),(259,8,'AyltonCeragioli        ITAPIRA       BRA','Compra à vista',34.00,'2024-12-17',2,1026,'2025-05-01 19:40:45','2025-05-01 19:40:45',NULL,0),(260,8,'SUPERM PENHA CENTER    ITAPIRA       BRA','Compra à vista',10.58,'2024-12-17',2,1021,'2025-05-01 19:40:45','2025-05-01 19:40:45',NULL,0),(261,8,'SORV SABOR VANILLA II  ITAPIRA       BRA','Compra à vista',29.70,'2024-12-15',2,1041,'2025-05-01 19:40:45','2025-06-04 04:28:12',34,1),(262,8,'DROGARIA SAO PAULO SA  ITAPIRA       BRA','Compra à vista',51.88,'2024-12-15',2,1023,'2025-05-01 19:40:45','2025-06-04 03:53:56',34,0),(263,8,'SORV SABOR VANILLA II  ITAPIRA       BRA','Compra à vista',24.04,'2024-12-15',2,1041,'2025-05-01 19:40:45','2025-06-04 04:28:11',34,1),(264,8,'SUPERMERCADO           ITAPIRA       BRA','Compra à vista',118.63,'2024-12-14',2,1021,'2025-05-01 19:40:45','2025-06-04 04:28:14',34,1),(265,8,'AUTO POSTO ARENA DE I  ITAPIRA       BRA','Compra à vista',20.00,'2024-12-11',2,1022,'2025-05-01 19:40:45','2025-05-01 19:40:45',NULL,0),(266,8,'EST DEB AUTOM PARCIAL MAN','Compra à vista',2.50,'2024-12-11',2,1026,'2025-05-01 19:40:45','2025-05-01 19:40:45',NULL,0),(267,8,'SosBeer                ITAPIRA       BRA','Compra à vista',10.00,'2024-12-11',2,1018,'2025-05-01 19:40:45','2025-05-01 19:40:45',NULL,0),(268,8,'DEB AUT PARCIAL','Compra à vista',2.50,'2024-12-10',2,1026,'2025-05-01 19:40:45','2025-05-01 19:40:45',NULL,0),(269,8,'SUPERMERCADOS POPULAR  ITAPIRA       BRA','Compra à vista',52.94,'2024-12-08',2,1021,'2025-05-01 19:40:45','2025-06-04 04:28:12',34,1),(270,8,'ABAST SHELL BOX','Compra à vista',50.00,'2024-12-07',2,1022,'2025-05-01 19:40:45','2025-05-01 19:40:45',NULL,0),(271,8,'CarnivorosMind         MOGI GUACU    BRA','Compra à vista',126.66,'2024-12-07',2,1018,'2025-05-01 19:40:45','2025-06-04 04:28:13',34,1),(272,8,'1A99                   ITAPIRA       BRA','Compra à vista',46.92,'2024-12-07',2,1021,'2025-05-01 19:40:45','2025-05-01 19:40:45',NULL,0),(273,8,'AyltonCeragioli        ITAPIRA       BRA','Compra à vista',4.50,'2024-12-06',2,1026,'2025-05-01 19:40:45','2025-05-01 19:40:45',NULL,0),(274,8,'ROFATTO SUPERMERCADOS  ITAPIRA       BRA','Compra à vista',22.37,'2024-12-05',2,1021,'2025-05-01 19:40:45','2025-05-01 19:40:45',NULL,0),(275,8,'SUPERM PENHA CENTER    ITAPIRA       BRA','Compra à vista',19.61,'2024-12-04',2,1021,'2025-05-01 19:40:45','2025-05-01 19:40:45',NULL,0),(276,8,'TABACARIA JB 05        ITAPIRA       BRA','Compra à vista',37.80,'2024-12-04',2,1018,'2025-05-01 19:40:45','2025-05-01 19:40:45',NULL,0),(277,8,'CP PARC SHOPPING INTER','2',470.79,'2024-12-07',2,1024,'2025-05-01 19:40:45','2025-11-10 21:41:13',NULL,0),(278,8,'ABAST SHELL BOX','Compra à vista',30.00,'2025-02-02',2,1022,'2025-05-01 19:43:55','2025-05-01 19:43:55',NULL,0),(279,8,'PAULO SERGIO PELLIZARI ITAPIRA       BRA','Compra à vista',67.00,'2025-02-01',2,1018,'2025-05-01 19:43:55','2025-06-04 04:27:39',34,1),(280,8,'TABACARIA JB 05        ITAPIRA       BRA','Compra à vista',17.90,'2025-01-31',2,1018,'2025-05-01 19:43:55','2025-05-01 19:43:55',NULL,0),(281,8,'AUTO POSTO ARENA DE I  ITAPIRA       BRA','Compra à vista',48.72,'2025-01-29',2,1022,'2025-05-01 19:43:55','2025-05-01 19:43:55',NULL,0),(282,8,'SILVANA B GONCALVES    ITAPIRA       BRA','Compra à vista',9.20,'2025-01-27',2,1026,'2025-05-01 19:43:55','2025-05-01 19:43:55',NULL,0),(283,8,'ABAST SHELL BOX','Compra à vista',30.00,'2025-01-26',2,1022,'2025-05-01 19:43:55','2025-05-01 19:43:55',NULL,0),(284,8,'TuttibomAcaiE          ITAPIRA       BRA','Compra à vista',32.89,'2025-01-26',2,1041,'2025-05-01 19:43:55','2025-06-04 04:27:35',34,1),(285,8,'1A99                   ITAPIRA       BRA','Compra à vista',46.38,'2025-01-25',2,1021,'2025-05-01 19:43:55','2025-05-01 19:43:55',NULL,0),(286,8,'ANTONELLI SUPERMERCA   ITAPIRA       BRA','Compra à vista',142.92,'2025-01-25',2,1021,'2025-05-01 19:43:55','2025-06-04 04:27:40',34,1),(287,8,'SUPERMERCADO JARDIM P  ITAPIRA       BRA','Compra à vista',10.60,'2025-01-25',2,1021,'2025-05-01 19:43:55','2025-05-01 19:43:55',NULL,0),(288,8,'CUBATAO                ITAPIRA       BRA','Compra à vista',83.24,'2025-01-22',2,1021,'2025-05-01 19:43:55','2025-06-04 04:27:44',34,1),(289,8,'SUPERM PENHA CENTER    ITAPIRA       BRA','Compra à vista',29.38,'2025-01-21',2,1021,'2025-05-01 19:43:55','2025-05-01 19:43:55',NULL,0),(290,8,'ABAST SHELL BOX','Compra à vista',30.00,'2025-01-19',2,1022,'2025-05-01 19:43:55','2025-05-01 19:43:55',NULL,0),(291,8,'SUPERMERCADO           ITAPIRA       BRA','Compra à vista',59.25,'2025-01-18',2,1021,'2025-05-01 19:43:55','2025-06-04 04:27:46',34,1),(292,8,'MarcosalemFirmino      MOGI GUACU    BRA','Compra à vista',49.90,'2025-01-18',2,1026,'2025-05-01 19:43:55','2025-06-04 04:27:45',34,1),(293,8,'MP  PIZZARIA           OSASCO        BRA','Compra à vista',50.50,'2025-01-18',2,1018,'2025-05-01 19:43:55','2025-06-04 04:27:47',34,1),(294,8,'FLC PASTEIS E SALGADOS ITAPIRA       BRA','Compra à vista',33.00,'2025-01-17',2,1018,'2025-05-01 19:43:55','2025-06-04 04:27:46',34,1),(295,8,'AyltonCeragioli        ITAPIRA       BRA','Compra à vista',28.00,'2025-01-17',2,1026,'2025-05-01 19:43:55','2025-05-01 19:43:55',NULL,0),(296,8,'SosBeer                ITAPIRA       BRA','Compra à vista',6.00,'2025-01-16',2,1018,'2025-05-01 19:43:55','2025-05-01 19:43:55',NULL,0),(297,8,'AUTO CENTER PENHA      ITAPIRA       BRA','Compra à vista',70.00,'2025-01-15',2,1030,'2025-05-01 19:43:55','2025-06-04 03:24:42',NULL,0),(298,8,'AyltonCeragioli        ITAPIRA       BRA','Compra à vista',18.00,'2025-01-14',2,1026,'2025-05-01 19:43:55','2025-05-01 19:43:55',NULL,0),(299,8,'SUPERM PENHA CENTER    ITAPIRA       BRA','Compra à vista',33.16,'2025-01-13',2,1021,'2025-05-01 19:43:55','2025-05-01 19:43:55',NULL,0),(300,8,'AGRO CUBATAO           ITAPIRA       BRA','Compra à vista',36.00,'2025-01-13',2,1021,'2025-05-01 19:43:55','2025-05-01 19:43:55',NULL,0),(301,8,'TuttibomAcaiE          ITAPIRA       BRA','Compra à vista',42.22,'2025-01-12',2,1041,'2025-05-01 19:43:55','2025-06-04 04:27:54',34,1),(302,8,'TABACARIA JB 05        ITAPIRA       BRA','Compra à vista',15.90,'2025-01-11',2,1018,'2025-05-01 19:43:55','2025-05-01 19:43:55',NULL,0),(303,8,'ABAST SHELL BOX','Compra à vista',50.00,'2025-01-11',2,1022,'2025-05-01 19:43:55','2025-05-01 19:43:55',NULL,0),(304,8,'SUPERMERCADO           ITAPIRA       BRA','Compra à vista',31.96,'2025-01-10',2,1021,'2025-05-01 19:43:55','2025-05-01 19:43:55',NULL,0),(305,8,'AUTO POSTO ARENA DE I  ITAPIRA       BRA','Compra à vista',45.78,'2025-01-09',2,1022,'2025-05-01 19:43:55','2025-05-01 19:43:55',NULL,0),(306,8,'AyltonCeragioli        ITAPIRA       BRA','Compra à vista',10.00,'2025-01-09',2,1026,'2025-05-01 19:43:55','2025-05-01 19:43:55',NULL,0),(307,8,'SosBeer                ITAPIRA       BRA','Compra à vista',4.00,'2025-01-06',2,1018,'2025-05-01 19:43:55','2025-05-01 19:43:55',NULL,0),(308,8,'HRM COMERCIO ALIMENTIC ITAPIRA       BRA','Compra à vista',38.00,'2025-01-05',2,1041,'2025-05-01 19:43:55','2025-06-04 04:27:56',34,1),(309,8,'ABAST SHELL BOX','Compra à vista',30.00,'2025-01-05',2,1022,'2025-05-01 19:43:55','2025-05-01 19:43:55',NULL,0),(310,8,'1A99                   ITAPIRA       BRA','Compra à vista',34.92,'2025-01-04',2,1021,'2025-05-01 19:43:55','2025-05-01 19:43:55',NULL,0),(311,8,'SMC SUPERMERCADOS      ITAPIRA       BRA','Compra à vista',112.21,'2025-01-04',2,1021,'2025-05-01 19:43:55','2025-06-04 04:27:55',34,1),(312,8,'SUPERM PENHA CENTER    ITAPIRA       BRA','Compra à vista',13.78,'2025-01-03',2,1021,'2025-05-01 19:43:55','2025-05-01 19:43:55',NULL,0),(313,8,'SUPERMERCADO           ITAPIRA       BRA','Compra à vista',30.07,'2025-01-03',2,1021,'2025-05-01 19:43:55','2025-05-01 19:43:55',NULL,0),(314,8,'CP PARC SHOPPING INTER','Parcela 3/10 da compra',470.79,'2025-01-03',2,1024,'2025-05-01 19:43:55','2025-05-01 19:43:55',NULL,0),(315,8,'BURGER KING            MOGI GUACU    BRA','Compra à vista',17.99,'2025-03-01',2,1018,'2025-05-01 19:55:02','2025-06-04 04:27:16',34,1),(316,8,'BURGER KING            MOGI GUACU    BRA','Compra à vista',87.89,'2025-03-01',2,1018,'2025-05-01 19:55:02','2025-06-04 04:27:23',34,1),(317,8,'GuiomarAparecida       ITAPIRA       BRA','Compra à vista',46.00,'2025-02-28',2,1026,'2025-05-01 19:55:02','2025-06-04 04:27:17',34,1),(318,8,'ComitivaLanch          ITAPIRA       BRA','Compra à vista',6.00,'2025-02-28',2,1018,'2025-05-01 19:55:02','2025-05-01 19:55:02',NULL,0),(319,8,'SUPERMERCADO PENHA CE  ITAPIRA       BRA','Compra à vista',12.46,'2025-02-27',2,1021,'2025-05-01 19:55:02','2025-05-01 19:55:02',NULL,0),(320,8,'SUPERMERCADO POPULAR D ITAPIRA       BRA','Compra à vista',28.97,'2025-02-26',2,1021,'2025-05-01 19:55:02','2025-05-01 19:55:02',NULL,0),(321,8,'AGRO CUBATAO           ITAPIRA       BRA','Compra à vista',47.00,'2025-02-25',2,1021,'2025-05-01 19:55:02','2025-05-01 19:55:02',NULL,0),(322,8,'SUPERMERCADO PENHA CE  ITAPIRA       BRA','Compra à vista',15.77,'2025-02-24',2,1021,'2025-05-01 19:55:02','2025-05-01 19:55:02',NULL,0),(323,8,'ABAST SHELL BOX','Compra à vista',30.00,'2025-02-23',2,1022,'2025-05-01 19:55:02','2025-05-01 19:55:02',NULL,0),(324,8,'SPASSO SABORES         ITAPIRA       BRA','Compra à vista',40.60,'2025-02-23',2,1018,'2025-05-01 19:55:02','2025-06-04 04:27:21',34,1),(325,8,'SPASSO SABORES         ITAPIRA       BRA','Compra à vista',14.49,'2025-02-23',2,1018,'2025-05-01 19:55:02','2025-06-04 04:27:18',34,1),(326,8,'AUTO POSTO SANTA MARTA ITAPIRA       BRA','Compra à vista',20.00,'2025-02-23',2,1022,'2025-05-01 19:55:02','2025-05-01 19:55:02',NULL,0),(327,8,'TuttibomAcaiE          ITAPIRA       BRA','Compra à vista',26.72,'2025-02-23',2,1041,'2025-05-01 19:55:02','2025-06-04 04:27:22',34,1),(328,8,'CLEUSA DOS SANTOS LEME ITAPIRA       BRA','Compra à vista',28.00,'2025-02-22',2,1018,'2025-05-01 19:55:02','2025-06-04 04:27:26',34,1),(329,8,'AyltonCeragioli        ITAPIRA       BRA','Compra à vista',31.00,'2025-02-21',2,1026,'2025-05-01 19:55:02','2025-05-01 19:55:02',NULL,0),(330,8,'ITAPIRENSE COMBUSTIVEI ITAPIRA       BRA','Compra à vista',20.00,'2025-02-17',2,1022,'2025-05-01 19:55:02','2025-05-01 19:55:02',NULL,0),(331,8,'ABAST SHELL BOX','Compra à vista',50.00,'2025-02-16',2,1022,'2025-05-01 19:55:02','2025-05-01 19:55:02',NULL,0),(332,8,'SORV SABOR VANILLA II  ITAPIRA       BRA','Compra à vista',23.80,'2025-02-16',2,1041,'2025-05-01 19:55:02','2025-05-21 05:00:06',34,1),(333,8,'IzukySushiBar          ITAPIRA       BRA','Compra à vista',285.75,'2025-02-15',2,1018,'2025-05-01 19:55:02','2025-06-05 03:17:26',34,1),(334,8,'DROGARIA SAO PAULO SA  ITAPIRA       BRA','Compra à vista',37.56,'2025-02-15',2,1023,'2025-05-01 19:55:02','2025-06-05 03:17:57',34,1),(335,8,'AyltonCeragioli        ITAPIRA       BRA','Compra à vista',18.00,'2025-02-14',2,1026,'2025-05-01 19:55:02','2025-05-01 19:55:02',NULL,0),(336,8,'SosBeer                ITAPIRA       BRA','Compra à vista',22.00,'2025-02-13',2,1018,'2025-05-01 19:55:02','2025-05-01 19:55:02',NULL,0),(337,8,'SUPERMERCADO PENHA CE  ITAPIRA       BRA','Compra à vista',21.22,'2025-02-12',2,1021,'2025-05-01 19:55:02','2025-05-01 19:55:02',NULL,0),(338,8,'SUPERMERCADO PENHA CE  ITAPIRA       BRA','Compra à vista',4.03,'2025-02-12',2,1021,'2025-05-01 19:55:02','2025-05-01 19:55:02',NULL,0),(339,8,'AyltonCeragioli        ITAPIRA       BRA','Compra à vista',31.00,'2025-02-11',2,1026,'2025-05-01 19:55:02','2025-05-01 19:55:02',NULL,0),(340,8,'ABAST SHELL BOX','Compra à vista',30.00,'2025-02-09',2,1022,'2025-05-01 19:55:02','2025-05-01 19:55:02',NULL,0),(341,8,'CUBATAO                ITAPIRA       BRA','Compra à vista',79.04,'2025-02-08',2,1021,'2025-05-01 19:55:02','2025-06-04 04:27:30',34,1),(342,8,'TENDA ATACADO S A      SAO CARLOS    BRA','Compra à vista',84.21,'2025-02-07',2,1021,'2025-05-01 19:55:02','2025-06-04 04:27:34',34,1),(343,8,'IKI LANCHES            ITAPIRA       BRA','Compra à vista',31.00,'2025-02-07',2,1018,'2025-05-01 19:55:02','2025-06-04 04:27:38',34,1),(344,8,'BURGER KING            MOGI GUACU    BRA','Compra à vista',17.99,'2025-02-07',2,1018,'2025-05-01 19:55:02','2025-05-21 05:03:33',34,1),(345,8,'AyltonCeragioli        ITAPIRA       BRA','Compra à vista',28.00,'2025-02-05',2,1026,'2025-05-01 19:55:02','2025-05-01 19:55:02',NULL,0),(346,8,'AGRO CUBATAO           ITAPIRA       BRA','Compra à vista',38.00,'2025-02-04',2,1021,'2025-05-01 19:55:02','2025-05-01 19:55:02',NULL,0),(347,8,'SHOPEE  EVTECSTORE     SAO PAULO     BRA','Parcela 1/2 da compra',61.50,'2025-02-03',2,1024,'2025-05-01 19:55:02','2025-05-01 19:55:02',NULL,0),(348,8,'CP PARC SHOPPING INTER','4',470.79,'2025-02-03',2,1024,'2025-05-01 19:55:02','2025-05-01 19:55:53',NULL,0),(349,8,'ENCARGOS ROTATIVO','1',0.03,'2025-04-02',2,1026,'2025-05-01 19:59:46','2025-05-01 20:00:54',NULL,0),(350,8,'IOF ADICIONAL DB PF','1',0.02,'2025-04-02',2,1026,'2025-05-01 19:59:46','2025-05-01 20:01:07',NULL,0),(351,8,'AyltonCeragioli        ITAPIRA       BRA','Compra à vista',5.00,'2025-03-30',2,1026,'2025-05-01 19:59:46','2025-05-01 19:59:46',NULL,0),(352,8,'ABAST SHELL BOX','Compra à vista',30.00,'2025-03-30',2,1022,'2025-05-01 19:59:46','2025-05-01 19:59:46',NULL,0),(353,8,'TUTTIBOM ACAITERIA     ITAPIRA       BRA','Compra à vista',23.00,'2025-03-30',2,1041,'2025-05-01 19:59:46','2025-06-05 03:12:27',34,1),(354,8,'SUPERMERCADO PENHA CE  ITAPIRA       BRA','Compra à vista',8.96,'2025-03-29',2,1021,'2025-05-01 19:59:46','2025-05-01 19:59:46',NULL,0),(355,8,'CUBATAO                ITAPIRA       BRA','Compra à vista',41.33,'2025-03-29',2,1021,'2025-05-01 19:59:46','2025-05-26 16:59:36',34,1),(356,8,'1A99                   ITAPIRA       BRA','Compra à vista',31.94,'2025-03-29',2,1021,'2025-05-01 19:59:46','2025-05-01 19:59:46',NULL,0),(357,8,'AyltonCeragioli        ITAPIRA       BRA','Compra à vista',5.00,'2025-03-28',2,1026,'2025-05-01 19:59:46','2025-05-01 19:59:46',NULL,0),(358,8,'SUPERMERCADO PENHA CE  ITAPIRA       BRA','Compra à vista',27.74,'2025-03-27',2,1021,'2025-05-01 19:59:46','2025-05-01 19:59:46',NULL,0),(359,8,'AGRO CUBATAO           ITAPIRA       BRA','Compra à vista',38.50,'2025-03-27',2,1021,'2025-05-01 19:59:46','2025-05-01 19:59:46',NULL,0),(360,8,'SHOPEE  HerberTEletrni S o Paulo     BRA','Parcela 1/2 da compra',35.70,'2025-03-25',2,1024,'2025-05-01 19:59:46','2025-05-01 19:59:46',NULL,0),(361,8,'AUTO POSTO ARENA DE I  ITAPIRA       BRA','Compra à vista',52.35,'2025-03-24',2,1022,'2025-05-01 19:59:46','2025-05-01 19:59:46',NULL,0),(362,8,'SUPERMERCADO POPULAR D ITAPIRA       BRA','Compra à vista',8.98,'2025-03-23',2,1021,'2025-05-01 19:59:46','2025-06-04 04:26:48',34,1),(363,8,'ANTONELLI SUPERMERCA   ITAPIRA       BRA','Compra à vista',21.14,'2025-03-22',2,1021,'2025-05-01 19:59:46','2025-05-01 19:59:46',NULL,0),(364,8,'CLEUSA DOS SANTOS LEME ITAPIRA       BRA','Compra à vista',28.00,'2025-03-22',2,1018,'2025-05-01 19:59:46','2025-05-01 19:59:46',NULL,0),(365,8,'AndreRicardoDe         ITAPIRA       BRA','Compra à vista',29.00,'2025-03-22',2,1026,'2025-05-01 19:59:46','2025-05-01 19:59:46',NULL,0),(366,8,'CUBATAO                ITAPIRA       BRA','Compra à vista',38.41,'2025-03-22',2,1021,'2025-05-01 19:59:46','2025-06-04 04:26:51',34,1),(367,8,'DROGARIA DA LETICIA    ITAPIRA       BRA','Compra à vista',97.05,'2025-03-22',2,1023,'2025-05-01 19:59:46','2025-06-04 04:28:33',34,0),(368,8,'TABACARIA ALI   CIA    ITAPIRA       BRA','Compra à vista',42.90,'2025-03-21',2,1018,'2025-05-01 19:59:46','2025-05-01 19:59:46',NULL,0),(369,8,'FARMACIA SANTA CRUZ    ITAPIRA       BRA','Compra à vista',35.40,'2025-03-19',2,1023,'2025-05-01 19:59:46','2025-06-04 04:28:32',34,0),(370,8,'SosBeer                ITAPIRA       BRA','Compra à vista',11.75,'2025-03-19',2,1018,'2025-05-01 19:59:46','2025-05-01 19:59:46',NULL,0),(371,8,'SosBeer                ITAPIRA       BRA','Compra à vista',11.00,'2025-03-19',2,1018,'2025-05-01 19:59:46','2025-05-01 19:59:46',NULL,0),(372,8,'SUPERMERCADO POPULAR D ITAPIRA       BRA','Compra à vista',13.18,'2025-03-18',2,1021,'2025-05-01 19:59:46','2025-05-01 19:59:46',NULL,0),(373,8,'AyltonCeragioli        ITAPIRA       BRA','Compra à vista',5.00,'2025-03-18',2,1026,'2025-05-01 19:59:46','2025-05-01 19:59:46',NULL,0),(374,8,'STAR 175  DOM PEDRO LE CAMPINAS      BRA','Compra à vista',48.00,'2025-03-16',2,1027,'2025-05-01 19:59:46','2025-05-22 02:07:12',34,1),(375,8,'Indigo                 CAMPINAS      BRA','Compra à vista',12.00,'2025-03-16',2,1021,'2025-05-01 19:59:46','2025-05-22 02:07:20',34,1),(376,8,'ASSB COM  VAREJISTA DE CAMPINAS      BRA','Compra à vista',31.94,'2025-03-16',2,1021,'2025-05-01 19:59:46','2025-05-22 02:07:23',34,1),(377,8,'OUTBACK PARQUE DAS BAN CAMPINAS      BRA','Compra à vista',278.32,'2025-03-15',2,1018,'2025-05-01 19:59:46','2025-05-21 04:59:50',34,1),(378,8,'LUNGA SUPERMERCADO     CAMPINAS      BRA','Compra à vista',29.43,'2025-03-15',2,1021,'2025-05-01 19:59:46','2025-05-21 04:59:51',34,1),(379,8,'LAZER HOPI HARI        Itupeva       BRA','Compra à vista',35.00,'2025-03-15',2,1027,'2025-05-01 19:59:46','2025-05-21 04:59:53',34,1),(380,8,'HOPI HARI              VINHEDO       BRA','Compra à vista',10.00,'2025-03-15',2,1027,'2025-05-01 19:59:46','2025-05-21 04:59:52',34,1),(381,8,'HOPI HARI              VINHEDO       BRA','Compra à vista',27.80,'2025-03-15',2,1027,'2025-05-01 19:59:46','2025-05-21 04:59:54',34,1),(382,8,'HOPI HARI              VINHEDO       BRA','Compra à vista',15.00,'2025-03-15',2,1027,'2025-05-01 19:59:46','2025-05-21 04:59:55',34,1),(383,8,'SONDA CAMPINAS         CAMPINAS      BRA','Compra à vista',65.32,'2025-03-15',2,1021,'2025-05-01 19:59:46','2025-05-21 04:59:58',34,1),(384,8,'SONDA CAMPINAS         CAMPINAS      BRA','Compra à vista',7.44,'2025-03-15',2,1021,'2025-05-01 19:59:46','2025-05-21 04:59:57',34,1),(385,8,'JSRosaPneusLtda        MOGI MIRIM    BRA','Parcela 1/4 da compra',93.75,'2025-03-14',2,1030,'2025-05-01 19:59:46','2025-06-05 03:14:31',34,0),(386,8,'REI DO REAL            CAMPINAS      BRA','Compra à vista',102.98,'2025-03-14',2,1021,'2025-05-01 19:59:46','2025-05-21 05:00:00',34,1),(387,8,'SUPERMERCADO PENHA CE  ITAPIRA       BRA','Compra à vista',8.89,'2025-03-13',2,1021,'2025-05-01 19:59:46','2025-05-01 19:59:46',NULL,0),(388,8,'MEGA MOTOS             ITAPIRA       BRA','Compra à vista',42.00,'2025-03-13',2,1030,'2025-05-01 19:59:46','2025-05-01 19:59:46',NULL,0),(389,8,'SUPERMERCADO PENHA CE  ITAPIRA       BRA','Compra à vista',10.43,'2025-03-12',2,1021,'2025-05-01 19:59:46','2025-05-01 19:59:46',NULL,0),(390,8,'HOPI HARI              VINHEDO       BRA','Parcela 1/6 da compra',76.65,'2025-03-12',2,1027,'2025-05-01 19:59:46','2025-05-21 05:03:22',34,1),(391,8,'AyltonCeragioli        ITAPIRA       BRA','Compra à vista',7.50,'2025-03-11',2,1026,'2025-05-01 19:59:46','2025-05-01 19:59:46',NULL,0),(392,8,'55027322Josiara        ITAPIRA       BRA','Compra à vista',10.00,'2025-03-09',2,1026,'2025-05-01 19:59:46','2025-05-01 19:59:46',NULL,0),(393,8,'ABAST SHELL BOX','Compra à vista',30.00,'2025-03-09',2,1022,'2025-05-01 19:59:46','2025-05-01 19:59:46',NULL,0),(394,8,'SUPERMERCADO POPULAR D ITAPIRA       BRA','Compra à vista',34.66,'2025-03-09',2,1021,'2025-05-01 19:59:46','2025-06-04 04:27:06',34,1),(395,8,'CUBATAO                ITAPIRA       BRA','Compra à vista',40.76,'2025-03-08',2,1021,'2025-05-01 19:59:46','2025-06-04 04:27:04',34,1),(396,8,'SORV SABOR VANILLA II  ITAPIRA       BRA','Compra à vista',43.20,'2025-03-08',2,1041,'2025-05-01 19:59:46','2025-05-21 05:00:03',34,1),(397,8,'BEEF BURGUER           ITAPIRA       BRA','Compra à vista',103.95,'2025-03-08',2,1018,'2025-05-01 19:59:46','2025-05-21 05:00:02',34,1),(398,8,'SosBeer                ITAPIRA       BRA','Compra à vista',5.00,'2025-03-07',2,1018,'2025-05-01 19:59:46','2025-05-01 19:59:46',NULL,0),(399,8,'AyltonCeragioli        ITAPIRA       BRA','Compra à vista',7.50,'2025-03-06',2,1026,'2025-05-01 19:59:46','2025-05-01 19:59:46',NULL,0),(400,8,'SosBeer                ITAPIRA       BRA','Compra à vista',5.00,'2025-03-05',2,1018,'2025-05-01 19:59:46','2025-05-01 19:59:46',NULL,0),(401,8,'DROGARIA DA LETICIA    ITAPIRA       BRA','Compra à vista',38.89,'2025-03-04',2,1023,'2025-05-01 19:59:46','2025-06-04 02:40:13',34,0),(402,8,'AIRBNB   HM49QQ5NED    SAO PAULO     BRA','Parcela 1/4 da compra',278.70,'2025-03-03',2,1027,'2025-05-01 19:59:46','2025-05-22 02:15:43',34,1),(403,8,'HOPI HARI              VINHEDO       BRA','Parcela 1/2 da compra',60.00,'2025-03-03',2,1027,'2025-05-01 19:59:46','2025-05-21 05:00:05',34,1),(404,8,'AyltonCeragioli        ITAPIRA       BRA','Compra à vista',18.50,'2025-03-03',2,1026,'2025-05-01 19:59:46','2025-05-01 19:59:46',NULL,0),(405,8,'SUPERMERCADO           ITAPIRA       BRA','Compra à vista',49.18,'2025-03-02',2,1021,'2025-05-01 19:59:46','2025-06-04 04:27:12',34,1),(406,8,'PIZZARIA               ITAPIRA       BRA','Compra à vista',53.00,'2025-03-01',2,1018,'2025-05-01 19:59:46','2025-06-04 04:27:13',34,1),(407,8,'AUTO POSTO ARENA DE I  ITAPIRA       BRA','Compra à vista',53.66,'2025-03-01',2,1022,'2025-05-01 19:59:46','2025-05-01 19:59:46',NULL,0),(408,8,'LeSBeer                MOGI GUACU    BRA','Compra à vista',17.00,'2025-03-01',2,1018,'2025-05-01 19:59:46','2025-05-01 19:59:46',NULL,0),(409,8,'SHOPEE  EVTECSTORE     SAO PAULO     BRA','Parcela 2/2 da compra',61.50,'2025-03-03',2,1024,'2025-05-01 19:59:46','2025-06-04 02:52:28',NULL,0),(410,8,'CP PARC SHOPPING INTER','Parcela 5/10 da compra',470.79,'2025-03-03',2,1024,'2025-05-01 19:59:46','2025-05-21 03:13:10',NULL,0),(424,3,'Mp *Melimais','-',27.99,'2024-11-06',2,1029,'2025-05-05 15:52:07','2025-05-21 03:09:02',NULL,0),(425,3,'Skyfit Itapira','2 de 12',99.90,'2024-11-06',2,1028,'2025-05-05 15:52:07','2025-05-05 15:52:07',NULL,0),(426,3,'Bf *Mega Motos','2 de 6',57.82,'2024-11-06',2,1030,'2025-05-05 15:52:07','2025-05-05 15:52:07',NULL,0),(427,3,'Lojaehcases','9 de 10',55.00,'2024-11-06',2,1024,'2025-05-05 15:52:07','2025-05-05 15:52:07',NULL,0),(428,3,'Claro *19984122111','-',49.90,'2024-11-09',2,1029,'2025-05-05 15:52:07','2025-05-05 15:52:07',NULL,0),(429,3,'Bike Cia Itapira','-',105.00,'2024-11-12',2,1030,'2025-05-05 15:52:07','2025-05-05 15:52:07',NULL,0),(430,3,'Zeferino','-',24.53,'2024-11-16',2,1026,'2025-05-05 15:52:07','2025-05-05 15:52:07',NULL,0),(431,3,'Posto Conceicao','-',50.00,'2024-11-20',2,1022,'2025-05-05 15:52:07','2025-05-05 15:52:07',NULL,0),(433,3,'Fabioluizdagnoni','-',16.00,'2024-11-21',2,1026,'2025-05-05 15:52:07','2025-05-05 15:52:07',NULL,0),(434,3,'Dm*Spotify','-',11.90,'2024-11-21',2,1029,'2025-05-05 15:52:07','2025-05-05 15:52:07',NULL,0),(435,3,'Shopee *Herberteletrni','1 de 2',74.39,'2024-11-22',2,1024,'2025-05-05 15:52:07','2025-05-05 15:52:07',NULL,0),(436,3,'Kombice','-',30.00,'2024-12-02',2,1026,'2025-05-05 15:52:07','2025-05-05 15:52:07',NULL,0),(437,3,'Skyfit Itapira','3 de 12',99.90,'2024-12-06',2,1028,'2025-05-05 15:55:17','2025-05-05 15:55:17',NULL,0),(438,3,'Bf *Mega Motos','3 de 6',57.82,'2024-12-06',2,1030,'2025-05-05 15:55:17','2025-05-05 15:55:17',NULL,0),(439,3,'Shopee *Herberteletrni','2 de 2',74.39,'2024-12-06',2,1024,'2025-05-05 15:55:17','2025-05-05 15:55:17',NULL,0),(440,3,'Lojaehcases','10 de 10',55.00,'2024-12-06',2,1024,'2025-05-05 15:55:17','2025-05-05 15:55:17',NULL,0),(441,3,'Melimais','-',27.99,'2024-12-07',2,1029,'2025-05-05 15:55:17','2025-05-21 03:08:13',NULL,0),(442,3,'Top Freios Borracharia','-',80.00,'2024-12-08',2,1030,'2025-05-05 15:55:17','2025-05-05 15:55:17',NULL,0),(443,3,'Agro Cubatao','-',19.40,'2024-12-08',2,1021,'2025-05-05 15:55:17','2025-05-05 15:55:17',NULL,0),(444,3,'Claro *19984122111','-',49.90,'2024-12-09',2,1029,'2025-05-05 15:55:17','2025-05-05 15:55:17',NULL,0),(445,3,'Ayltonceragioli','-',7.00,'2024-12-13',2,1018,'2025-05-05 15:55:17','2025-05-05 15:55:17',NULL,0),(446,3,'Supermercado','-',11.96,'2024-12-15',2,1021,'2025-05-05 15:55:17','2025-05-05 15:55:17',NULL,0),(447,3,'Supermercado Popular D','-',4.85,'2024-12-15',2,1021,'2025-05-05 15:55:17','2025-05-05 15:55:17',NULL,0),(448,3,'Sosbeer','-',14.00,'2024-12-16',2,1018,'2025-05-05 15:55:17','2025-05-05 15:55:17',NULL,0),(449,3,'Supermercado','-',6.99,'2024-12-16',2,1021,'2025-05-05 15:55:17','2025-05-05 15:55:17',NULL,0),(450,3,'Mapfre*Pcl','1 de 10',121.95,'2024-12-17',2,1039,'2025-05-05 15:55:17','2025-06-05 03:19:34',34,0),(451,3,'Hna*Oboticario','1 de 4',214.89,'2024-12-20',2,1040,'2025-05-05 15:55:17','2025-05-21 03:08:35',35,0),(452,3,'Dm *Spotify','-',11.90,'2024-12-21',2,1029,'2025-05-05 15:55:17','2025-05-05 15:55:17',NULL,0),(453,3,'Auto Center Penha','-',30.00,'2024-12-21',2,1021,'2025-05-05 15:55:17','2025-05-05 15:55:17',NULL,0),(454,3,'Auto Posto Arena de I','-',49.15,'2024-12-22',2,1022,'2025-05-05 15:55:17','2025-05-05 15:55:17',NULL,0),(455,3,'Agro Cubatao','-',43.00,'2024-12-22',2,1021,'2025-05-05 15:55:17','2025-05-05 15:55:17',NULL,0),(456,3,'Antonelli Supermerca','-',148.96,'2024-12-22',2,1021,'2025-05-05 15:55:17','2025-05-05 15:55:17',NULL,0),(457,3,'Apple.Com/Bill','-',14.90,'2024-12-24',2,1029,'2025-05-05 15:55:17','2025-05-05 15:55:17',NULL,0),(458,3,'Sosbeer','-',22.00,'2024-12-28',2,1018,'2025-05-05 15:55:17','2025-05-05 15:55:17',NULL,0),(459,3,'Skyfit Itapira','4 de 12',99.90,'2025-01-06',2,1028,'2025-05-05 15:57:57','2025-05-05 15:57:57',NULL,0),(460,3,'Bf *Mega Motos','4 de 6',57.82,'2025-01-06',2,1030,'2025-05-05 15:57:58','2025-05-05 15:57:58',NULL,0),(461,3,'Hna*Oboticario','2 de 4',214.87,'2025-01-06',2,1040,'2025-05-05 15:57:58','2025-05-21 02:59:59',35,0),(462,3,'Melimais','-',27.99,'2025-01-06',2,1029,'2025-05-05 15:57:58','2025-05-21 03:01:17',NULL,0),(463,3,'Claro *19984122111','-',49.90,'2025-01-09',2,1029,'2025-05-05 15:57:58','2025-05-05 15:57:58',NULL,0),(464,3,'Mapfre*Pcl','2 de 10',121.95,'2025-01-13',2,1039,'2025-05-05 15:57:58','2025-05-21 05:03:06',34,0),(465,3,'Dm*Spotify','-',11.90,'2025-01-21',2,1029,'2025-05-05 15:57:58','2025-05-05 15:57:58',NULL,0),(466,3,'Ayltonceragioli','-',28.00,'2025-01-28',2,1026,'2025-05-05 15:57:58','2025-05-05 15:57:58',NULL,0),(467,3,'Cubatao','-',99.48,'2025-02-02',2,1021,'2025-05-05 15:57:58','2025-05-05 15:57:58',NULL,0),(468,3,'Mp *Melimais','-',27.99,'2025-02-04',2,1029,'2025-05-05 15:57:58','2025-05-21 03:07:15',NULL,0),(469,3,'Skyfit Itapira','5 de 12',99.90,'2025-02-06',2,1028,'2025-05-05 15:59:50','2025-05-05 15:59:50',NULL,0),(470,3,'Hna*Oboticario','3 de 4',214.87,'2025-02-06',2,1040,'2025-05-05 15:59:50','2025-05-21 03:00:28',35,0),(471,3,'Bf *Mega Motos','5 de 6',57.82,'2025-02-06',2,1030,'2025-05-05 15:59:50','2025-05-05 15:59:50',NULL,0),(472,3,'Claro *19984122111','-',49.90,'2025-02-09',2,1029,'2025-05-05 15:59:50','2025-05-05 15:59:50',NULL,0),(473,3,'Mapfre*Pcl','3 de 10',121.95,'2025-02-13',2,1039,'2025-05-05 15:59:50','2025-05-21 05:03:03',34,0),(474,3,'Dm*Spotify','-',11.90,'2025-02-21',2,1029,'2025-05-05 15:59:50','2025-05-05 15:59:50',NULL,0),(475,3,'Skyfit Itapira','6 de 12',99.90,'2025-03-06',2,1028,'2025-05-05 16:01:24','2025-05-05 16:01:24',NULL,0),(476,3,'Hna*Oboticario','4 de 4',214.87,'2025-03-06',2,1040,'2025-05-05 16:01:24','2025-05-21 02:57:17',35,0),(477,3,'Bf *Mega Motos','6 de 6',57.82,'2025-03-06',2,1030,'2025-05-05 16:01:24','2025-05-05 16:01:24',NULL,0),(478,3,'Melimais','-',27.99,'2025-03-06',2,1029,'2025-05-05 16:01:24','2025-05-21 02:59:30',NULL,0),(479,3,'Claro *19984122111','-',49.90,'2025-03-09',2,1029,'2025-05-05 16:01:24','2025-05-21 03:48:54',24,1),(480,3,'Mapfre*Pcl','4 de 10',121.95,'2025-03-13',2,1039,'2025-05-05 16:01:24','2025-05-21 05:03:01',34,0),(481,3,'Dm *Spotify','-',11.90,'2025-03-21',2,1029,'2025-05-05 16:01:24','2025-05-05 16:01:24',NULL,0),(482,3,'Antonelli Supermerca','-',62.32,'2025-04-03',2,1021,'2025-05-05 16:01:24','2025-05-05 16:01:24',NULL,0),(483,3,'Sosbeer','-',5.00,'2025-04-05',2,1018,'2025-05-05 16:01:24','2025-05-05 16:01:24',NULL,0),(484,3,'Mp *Melimais','-',24.90,'2025-04-05',2,1029,'2025-05-05 16:01:24','2025-05-21 03:11:07',NULL,0),(561,8,'ANTONELLI SUPERMERCA   ITAPIRA       BRA','Compra à vista',33.43,'2025-04-30',2,1021,'2025-06-09 16:19:36','2025-06-09 16:19:36',NULL,0),(562,8,'TABACARIA ALI   CIA    ITAPIRA       BRA','Compra à vista',35.80,'2025-04-29',2,1018,'2025-06-09 16:19:36','2025-06-09 16:19:36',NULL,0),(563,8,'ABAST SHELL BOX','Compra à vista',30.00,'2025-04-27',2,1022,'2025-06-09 16:19:36','2025-06-09 16:19:36',NULL,0),(564,8,'ANTONELLI SUPERMERCA   ITAPIRA       BRA','Compra à vista',3.79,'2025-04-26',2,1021,'2025-06-09 16:19:36','2025-06-09 16:19:36',NULL,0),(565,8,'1A99                   ITAPIRA       BRA','Compra à vista',58.91,'2025-04-26',2,1021,'2025-06-09 16:19:36','2025-06-09 16:19:36',NULL,0),(566,8,'ANTONELLI SUPERMERCA   ITAPIRA       BRA','Compra à vista',130.63,'2025-04-26',2,1021,'2025-06-09 16:19:36','2025-06-09 17:14:18',34,1),(567,8,'SosBeer                ITAPIRA       BRA','Compra à vista',10.00,'2025-04-25',2,1018,'2025-06-09 16:19:36','2025-06-09 16:19:36',NULL,0),(568,8,'ABAST SHELL BOX','Compra à vista',30.00,'2025-04-21',2,1022,'2025-06-09 16:19:36','2025-06-09 16:19:36',NULL,0),(569,8,'TOURO S BURGUER        ITAPIRA       BRA','Compra à vista',16.00,'2025-04-20',2,1018,'2025-06-09 16:19:36','2025-06-09 17:14:23',34,1),(570,8,'TUTTIBOM ACAITERIA     ITAPIRA       BRA','Compra à vista',37.38,'2025-04-20',2,1041,'2025-06-09 16:19:36','2025-06-09 17:14:26',34,1),(571,8,'CUBATAO                ITAPIRA       BRA','Compra à vista',97.08,'2025-04-19',2,1021,'2025-06-09 16:19:36','2025-06-09 17:14:24',34,1),(572,8,'SUPERMERCADO POPULAR D ITAPIRA       BRA','Compra à vista',24.16,'2025-04-16',2,1021,'2025-06-09 16:19:36','2025-06-09 16:19:36',NULL,0),(573,8,'1A99                   ITAPIRA       BRA','Compra à vista',33.43,'2025-04-12',2,1021,'2025-06-09 16:19:36','2025-06-09 16:19:36',NULL,0),(574,8,'SUPERMERCADO           ITAPIRA       BRA','Compra à vista',120.75,'2025-04-12',2,1021,'2025-06-09 16:19:36','2025-06-09 16:19:36',34,0),(575,8,'SUPERMERCADO           ITAPIRA       BRA','Compra à vista',16.98,'2025-04-12',2,1021,'2025-06-09 16:19:36','2025-06-09 16:19:36',NULL,0),(576,8,'AyltonCeragioli        ITAPIRA       BRA','Compra à vista',53.00,'2025-04-12',2,1043,'2025-06-09 16:19:36','2025-06-09 16:22:19',NULL,0),(577,8,'SosBeer                ITAPIRA       BRA','Compra à vista',14.50,'2025-04-12',2,1018,'2025-06-09 16:19:36','2025-06-09 16:19:36',NULL,0),(578,8,'TABACARIA ALI   CIA    ITAPIRA       BRA','Compra à vista',32.30,'2025-04-12',2,1018,'2025-06-09 16:19:36','2025-06-09 16:19:36',NULL,0),(579,8,'ROFATTO SUPERMERCADOS  ITAPIRA       BRA','Compra à vista',6.79,'2025-04-12',2,1021,'2025-06-09 16:19:36','2025-06-09 16:19:36',NULL,0),(580,8,'FROGPAY AUTO POSTO SAO ITAPETININGA  BRA','Compra à vista',50.00,'2025-04-11',2,1022,'2025-06-09 16:19:36','2025-06-09 16:19:36',NULL,0),(581,8,'ComitivaLanch          ITAPIRA       BRA','Compra à vista',6.00,'2025-04-11',2,1018,'2025-06-09 16:19:36','2025-06-09 16:20:39',NULL,0),(582,8,'AyltonCeragioli        ITAPIRA       BRA','Compra à vista',7.50,'2025-04-11',2,1043,'2025-06-09 16:19:36','2025-06-09 16:22:05',NULL,0),(583,8,'SosBeer                ITAPIRA       BRA','Compra à vista',5.00,'2025-04-07',2,1018,'2025-06-09 16:19:36','2025-06-09 16:19:36',NULL,0),(584,8,'HUB NETSHOES           SAO PAULO     BRA','Parcela 1/4 da compra',69.75,'2025-04-07',2,1024,'2025-06-09 16:19:36','2025-06-09 16:20:19',NULL,0),(585,8,'AUTO POSTO ARENA DE I  ITAPIRA       BRA','Compra à vista',52.01,'2025-04-07',2,1022,'2025-06-09 16:19:36','2025-06-09 16:19:36',NULL,0),(586,8,'SUPERMERCADO           ITAPIRA       BRA','Compra à vista',32.45,'2025-04-04',2,1021,'2025-06-09 16:19:36','2025-06-09 16:19:36',NULL,0),(587,8,'SHOPEE  HerberTEletrni S o Paulo     BRA','Parcela 2/2 da compra',35.70,'2025-03-25',2,1024,'2025-06-09 16:19:36','2025-06-09 16:19:36',NULL,0),(588,8,'JSRosaPneusLtda        MOGI MIRIM    BRA','Parcela 2/4 da compra',93.75,'2025-04-14',2,1030,'2025-06-09 16:19:36','2025-06-09 16:19:36',34,0),(589,8,'HOPI HARI              VINHEDO       BRA','Parcela 2/6 da compra',76.63,'2025-04-12',2,1027,'2025-06-09 16:19:36','2025-06-09 17:14:25',34,1),(590,8,'HOPI HARI              VINHEDO       BRA','Parcela 2/2 da compra',59.99,'2025-04-03',2,1027,'2025-06-09 16:19:36','2025-06-09 17:14:45',34,1),(591,8,'AIRBNB   HM49QQ5NED    SAO PAULO     BRA','Parcela 2/4 da compra',278.68,'2025-04-03',2,1027,'2025-06-09 16:19:36','2025-06-09 17:14:35',34,1),(592,8,'CP PARC SHOPPING INTER','Parcela 6/10 da compra',470.79,'2025-04-19',2,1024,'2025-06-09 16:19:36','2025-06-09 16:19:36',NULL,0),(593,8,'AyltonCeragioli        ITAPIRA       BRA','Compra à vista',24.00,'2025-06-01',2,1043,'2025-06-09 16:37:30','2025-06-09 16:37:30',NULL,0),(594,8,'1A99                   ITAPIRA       BRA','Compra à vista',53.93,'2025-05-31',2,1021,'2025-06-09 16:37:30','2025-06-09 16:37:30',NULL,0),(595,8,'ElianaCristinaDos      ITAPIRA       BRA','Compra à vista',50.90,'2025-05-31',2,1026,'2025-06-09 16:37:30','2025-06-09 16:41:16',34,1),(596,8,'PIZZARIA               ITAPIRA       BRA','Compra à vista',76.50,'2025-05-31',2,1021,'2025-06-09 16:37:30','2025-06-09 16:41:15',34,1),(597,8,'SUPERMERCADO           ITAPIRA       BRA','Compra à vista',31.56,'2025-05-31',2,1021,'2025-06-09 16:37:30','2025-06-09 16:41:08',34,1),(598,8,'ANTONELLI SUPERMERCA   ITAPIRA       BRA','Compra à vista',66.51,'2025-05-28',2,1021,'2025-06-09 16:37:30','2025-06-09 16:37:30',NULL,0),(599,8,'SosBeer                ITAPIRA       BRA','Compra à vista',7.00,'2025-05-27',2,1043,'2025-06-09 16:37:30','2025-06-09 16:37:30',NULL,0),(600,8,'SUPERMERCADO JARDIM P  ITAPIRA       BRA','Compra à vista',30.00,'2025-05-25',2,1021,'2025-06-09 16:37:30','2025-06-09 16:37:30',NULL,0),(601,8,'AUTO POSTO N  R        ITAPIRA       BRA','Compra à vista',50.00,'2025-05-25',2,1022,'2025-06-09 16:37:31','2025-06-09 16:37:31',NULL,0),(602,8,'SUPERMERCADO JARDIM P  ITAPIRA       BRA','Compra à vista',42.50,'2025-05-24',2,1021,'2025-06-09 16:37:31','2025-06-09 16:41:10',34,1),(603,8,'BURGER KING            MOGI GUACU    BRA','Compra à vista',68.79,'2025-05-24',2,1018,'2025-06-09 16:37:31','2025-06-09 16:41:10',34,1),(604,8,'CINEMARK MOGI GUACU    MOGI GUACU    BRA','Compra à vista',63.00,'2025-05-24',2,1026,'2025-06-09 16:37:31','2025-06-09 16:41:19',34,1),(605,8,'AutoPostoVoxLtda       NOVA ODESSA   BRA','Compra à vista',51.00,'2025-05-24',2,1022,'2025-06-09 16:37:31','2025-06-09 16:37:31',NULL,0),(606,8,'PauloCesarDe           ITAPIRA       BRA','Compra à vista',6.00,'2025-05-23',2,1026,'2025-06-09 16:37:31','2025-06-09 16:37:31',NULL,0),(607,8,'1A99                   ITAPIRA       BRA','Compra à vista',26.96,'2025-05-23',2,1021,'2025-06-09 16:37:31','2025-06-09 16:37:31',NULL,0),(608,8,'SosBeer                ITAPIRA       BRA','Compra à vista',5.00,'2025-05-19',2,1043,'2025-06-09 16:37:31','2025-06-09 16:37:31',NULL,0),(609,8,'FROGPAY AUTO POSTO SAO ITAPETININGA  BRA','Compra à vista',30.00,'2025-05-19',2,1022,'2025-06-09 16:37:31','2025-06-09 16:37:31',NULL,0),(610,8,'SUPERMERCADO           ITAPIRA       BRA','Compra à vista',95.84,'2025-05-17',2,1021,'2025-06-09 16:37:31','2025-06-09 17:14:06',34,1),(611,8,'1A99                   ITAPIRA       BRA','Compra à vista',33.95,'2025-05-17',2,1021,'2025-06-09 16:37:31','2025-06-09 16:37:31',NULL,0),(612,8,'SUPERMERCADO PENHA CE  ITAPIRA       BRA','Compra à vista',10.13,'2025-05-17',2,1021,'2025-06-09 16:37:31','2025-06-09 16:37:31',NULL,0),(613,8,'TABACARIA ALI   CIA    ITAPIRA       BRA','Compra à vista',38.30,'2025-05-15',2,1043,'2025-06-09 16:37:31','2025-06-09 16:37:31',NULL,0),(614,8,'CLEUSA DOS SANTOS LEME ITAPIRA       BRA','Compra à vista',34.00,'2025-05-13',2,1018,'2025-06-09 16:37:31','2025-06-09 17:14:11',34,1),(615,8,'Ednaaraujocosta        ITAPIRA       BRA','Compra à vista',25.74,'2025-05-13',2,1018,'2025-06-09 16:37:31','2025-06-09 17:14:07',34,1),(616,8,'ElianaCristinaDos      ITAPIRA       BRA','Compra à vista',32.00,'2025-05-12',2,1018,'2025-06-09 16:37:31','2025-06-09 16:37:31',34,0),(617,8,'AyltonCeragioli        ITAPIRA       BRA','Compra à vista',11.00,'2025-05-12',2,1043,'2025-06-09 16:37:31','2025-06-09 16:37:31',NULL,0),(618,8,'NATHALIAFERREIRARIBEI  Praia Grande  BRA','Compra à vista',15.00,'2025-05-12',2,1018,'2025-06-09 16:37:31','2025-06-09 17:14:10',34,1),(619,8,'IOF INTERNACIONAL','Compra à vista',0.02,'2025-05-12',2,1026,'2025-06-09 16:37:31','2025-06-09 16:37:31',NULL,0),(620,8,'StuDocuCOM             Amsterdam     NLD','Compra à vista',0.50,'2025-05-11',2,1018,'2025-06-09 16:37:31','2025-06-09 16:37:31',NULL,0),(621,8,'BRUNA HELENA SILVA ALT ITAPIRA       BRA','Compra à vista',10.00,'2025-05-10',2,1018,'2025-06-09 16:37:31','2025-06-09 16:37:31',NULL,0),(622,8,'ANDREIA                Itapira       BRA','Compra à vista',20.00,'2025-05-10',2,1018,'2025-06-09 16:37:31','2025-06-09 16:37:31',NULL,0),(623,8,'ParatyFoodTruck        AMPARO        BRA','Compra à vista',105.00,'2025-05-10',2,1026,'2025-06-09 16:37:31','2025-06-09 17:14:16',34,1),(624,8,'SosBeer                ITAPIRA       BRA','Compra à vista',5.00,'2025-05-09',2,1018,'2025-06-09 16:37:31','2025-06-09 16:37:31',NULL,0),(625,8,'JoseCarlosDestro       ITAPIRA       BRA','Compra à vista',45.00,'2025-05-09',2,1018,'2025-06-09 16:37:31','2025-06-09 17:14:19',34,1),(626,8,'AutoPostoVoxLtda       NOVA ODESSA   BRA','Compra à vista',54.02,'2025-05-08',2,1022,'2025-06-09 16:37:31','2025-06-09 16:37:31',NULL,0),(627,8,'OSMAR DA SILVEIRA MALT RIO CLARO     BRA','Compra à vista',20.00,'2025-05-08',2,1018,'2025-06-09 16:37:31','2025-06-09 16:37:31',NULL,0),(628,8,'KIGOSTOSO              Itapira       BRA','Compra à vista',10.00,'2025-05-07',2,1026,'2025-06-09 16:37:31','2025-06-09 16:37:31',NULL,0),(629,8,'AUTO POSTO N  R        ITAPIRA       BRA','Compra à vista',30.00,'2025-05-04',2,1022,'2025-06-09 16:37:31','2025-06-09 16:37:31',NULL,0),(630,8,'55027322Josiara        ITAPIRA       BRA','Compra à vista',9.00,'2025-05-03',2,1026,'2025-06-09 16:37:31','2025-06-09 16:37:31',NULL,0),(631,8,'1A99                   ITAPIRA       BRA','Compra à vista',32.43,'2025-05-03',2,1021,'2025-06-09 16:37:31','2025-06-09 16:37:31',NULL,0),(632,8,'SUPERMERCADO           ITAPIRA       BRA','Compra à vista',83.99,'2025-05-03',2,1021,'2025-06-09 16:37:31','2025-06-09 17:14:17',34,1),(633,8,'A POSTO PANORAMA LTDA  ITAPIRA       BRA','Compra à vista',20.00,'2025-05-02',2,1022,'2025-06-09 16:37:31','2025-06-09 16:37:31',NULL,0),(634,8,'AyltonCeragioli        ITAPIRA       BRA','Compra à vista',10.00,'2025-05-02',2,1043,'2025-06-09 16:37:31','2025-06-09 16:37:31',NULL,0),(635,8,'HUB NETSHOES           SAO PAULO     BRA','Parcela 2/4 da compra',69.75,'2025-05-07',2,1024,'2025-06-09 16:37:31','2025-06-09 16:37:31',NULL,0),(636,8,'JSRosaPneusLtda        MOGI MIRIM    BRA','Parcela 3/4 da compra',93.75,'2025-05-14',2,1030,'2025-06-09 16:37:31','2025-06-09 16:37:31',34,0),(637,8,'HOPI HARI              VINHEDO       BRA','Parcela 3/6 da compra',76.63,'2025-05-12',2,1026,'2025-06-09 16:37:31','2025-06-09 17:14:15',34,1),(638,8,'AIRBNB   HM49QQ5NED    SAO PAULO     BRA','Parcela 3/4 da compra',278.68,'2025-05-03',2,1027,'2025-06-09 16:37:31','2025-06-09 16:37:31',NULL,0),(639,8,'CP PARC SHOPPING INTER','Parcela 7/10 da compra',470.79,'2025-05-19',2,1026,'2025-06-09 16:37:31','2025-06-09 16:37:31',NULL,0),(640,3,'Skyfit Itapira','7 de 12',99.90,'2025-04-06',2,1028,'2025-06-09 17:09:28','2025-06-09 17:09:28',NULL,0),(641,3,'Supermercado Popular D','-',47.67,'2025-04-06',2,1021,'2025-06-09 17:09:29','2025-06-09 17:14:29',34,1),(642,3,'1a99','-',31.94,'2025-04-06',2,1021,'2025-06-09 17:09:29','2025-06-09 17:20:48',29,1),(643,3,'Smash Burger','-',82.50,'2025-04-06',2,1018,'2025-06-09 17:09:29','2025-06-09 17:14:33',34,1),(644,3,'Tuttibom Acaiteria','-',24.08,'2025-04-07',2,1041,'2025-06-09 17:09:29','2025-06-09 17:14:34',34,1),(645,3,'Auto Posto N. R.','-',30.00,'2025-04-07',2,1022,'2025-06-09 17:09:29','2025-06-09 17:09:29',NULL,0),(646,3,'Claro *19984122111','-',49.90,'2025-04-09',2,1029,'2025-06-09 17:09:29','2025-06-09 17:09:29',NULL,0),(647,3,'Mapfre*Pcl','5 de 10',121.95,'2025-04-13',2,1039,'2025-06-09 17:09:29','2025-06-09 17:09:29',34,0),(648,3,'Dm *Spotify','-',11.90,'2025-04-21',2,1029,'2025-06-09 17:09:29','2025-06-09 17:09:29',NULL,0),(649,3,'Apple.Com/Bill','-',21.90,'2025-04-24',2,1029,'2025-06-09 17:09:29','2025-06-09 17:09:29',NULL,0),(650,3,'Mp *Melimais','-',24.90,'2025-05-05',2,1025,'2025-06-09 17:09:29','2025-06-09 17:09:29',NULL,0),(651,3,'Skyfit Itapira','8 de 12',99.90,'2025-05-06',2,1028,'2025-06-09 17:11:55','2025-11-10 21:59:50',NULL,0),(652,3,'Claro *19984122111','-',49.90,'2025-05-09',2,1029,'2025-06-09 17:11:55','2025-06-09 17:11:55',NULL,0),(653,3,'Mapfre*Pcl','6 de 10',121.95,'2025-05-13',2,1039,'2025-06-09 17:11:55','2025-11-12 17:12:38',34,0),(654,3,'Dm *Spotify','-',21.90,'2025-05-21',2,1029,'2025-06-09 17:11:55','2025-06-09 17:11:55',NULL,0),(655,3,'Apple.Com/Bill','-',21.90,'2025-05-24',2,1029,'2025-06-09 17:11:55','2025-06-09 17:11:55',NULL,0),(656,3,'Mp *Melimais','-',24.90,'2025-06-04',2,1025,'2025-06-09 17:11:55','2025-06-09 17:11:55',NULL,0),(660,3,'ANTONELLI SUPERMERCA   ITAPIRA       BRA','Compra à vista',33.43,'2025-04-30',1,1,'2025-07-17 21:09:20','2025-07-17 21:09:20',NULL,0),(662,3,'ABAST SHELL BOX','Compra à vista',30.00,'2025-04-27',1,1,'2025-07-17 21:09:20','2025-07-17 21:09:20',NULL,0),(663,3,'ANTONELLI SUPERMERCA   ITAPIRA       BRA','Compra à vista',3.79,'2025-04-26',1,1,'2025-07-17 21:09:20','2025-07-17 21:09:20',NULL,0),(667,3,'ABAST SHELL BOX','Compra à vista',30.00,'2025-04-21',1,1,'2025-07-17 21:09:20','2025-07-17 21:09:20',NULL,0),(671,3,'SUPERMERCADO POPULAR D ITAPIRA       BRA','Compra à vista',24.16,'2025-04-16',1,1,'2025-07-17 21:09:20','2025-07-17 21:09:20',NULL,0),(672,3,'1A99                   ITAPIRA       BRA','Compra à vista',33.43,'2025-04-12',1,1,'2025-07-17 21:09:20','2025-07-17 21:09:20',NULL,0),(673,3,'SUPERMERCADO           ITAPIRA       BRA','Compra à vista',120.75,'2025-04-12',1,1,'2025-07-17 21:09:20','2025-07-17 21:09:20',NULL,0),(674,3,'SUPERMERCADO           ITAPIRA       BRA','Compra à vista',16.98,'2025-04-12',1,1,'2025-07-17 21:09:20','2025-07-17 21:09:20',NULL,0),(675,3,'AyltonCeragioli        ITAPIRA       BRA','Compra à vista',53.00,'2025-04-12',1,1,'2025-07-17 21:09:20','2025-07-17 21:09:20',NULL,0),(676,3,'SosBeer                ITAPIRA       BRA','Compra à vista',14.50,'2025-04-12',1,1,'2025-07-17 21:09:20','2025-07-17 21:09:20',NULL,0),(678,3,'ROFATTO SUPERMERCADOS  ITAPIRA       BRA','Compra à vista',6.79,'2025-04-12',1,1,'2025-07-17 21:09:20','2025-07-17 21:09:20',NULL,0),(683,3,'SosBeer                ITAPIRA       BRA','Compra à vista',5.00,'2025-04-07',1,1,'2025-07-17 21:09:20','2025-07-17 21:09:20',NULL,0),(686,3,'SUPERMERCADO           ITAPIRA       BRA','Compra à vista',32.45,'2025-04-04',1,1,'2025-07-17 21:09:20','2025-07-17 21:09:20',NULL,0),(687,3,'SHOPEE  HerberTEletrni S o Paulo     BRA','Parcela 2/2 da compra',35.70,'2025-03-25',1,1,'2025-07-17 21:09:21','2025-07-17 21:09:21',NULL,0),(688,3,'JSRosaPneusLtda        MOGI MIRIM    BRA','Parcela 2/4 da compra',93.75,'2025-03-14',1,1,'2025-07-17 21:09:21','2025-07-17 21:09:21',NULL,0),(689,3,'HOPI HARI              VINHEDO       BRA','Parcela 2/6 da compra',76.63,'2025-03-12',1,1,'2025-07-17 21:09:21','2025-07-17 21:09:21',NULL,0),(690,3,'HOPI HARI              VINHEDO       BRA','Parcela 2/2 da compra',59.99,'2025-03-03',1,1,'2025-07-17 21:09:21','2025-07-17 21:09:21',NULL,0),(691,3,'AIRBNB   HM49QQ5NED    SAO PAULO     BRA','Parcela 2/4 da compra',278.68,'2025-03-03',1,1,'2025-07-17 21:09:21','2025-07-17 21:09:21',NULL,0),(692,3,'CP PARC SHOPPING INTER','Parcela 6/10 da compra',470.79,'2024-11-19',1,1,'2025-07-17 21:09:21','2025-07-17 21:09:21',NULL,0),(693,22,'ANTONELLI SUPERMERCA   ITAPIRA       BRA','Compra à vista',33.43,'2025-04-30',1,1,'2025-07-17 21:16:16','2025-07-17 21:16:16',NULL,0),(694,22,'TABACARIA ALI   CIA    ITAPIRA       BRA','Compra à vista',35.80,'2025-04-29',1,1,'2025-07-17 21:16:16','2025-07-17 21:16:16',NULL,0),(695,22,'ABAST SHELL BOX','Compra à vista',30.00,'2025-04-27',1,1,'2025-07-17 21:16:16','2025-07-17 21:16:16',NULL,0),(696,22,'ANTONELLI SUPERMERCA   ITAPIRA       BRA','Compra à vista',3.79,'2025-04-26',1,1,'2025-07-17 21:16:16','2025-07-17 21:16:16',NULL,0),(697,22,'1A99                   ITAPIRA       BRA','Compra à vista',58.91,'2025-04-26',1,1,'2025-07-17 21:16:16','2025-07-17 21:16:16',NULL,0),(698,22,'ANTONELLI SUPERMERCA   ITAPIRA       BRA','Compra à vista',130.63,'2025-04-26',1,1,'2025-07-17 21:16:16','2025-07-17 21:16:16',NULL,0),(699,22,'SosBeer                ITAPIRA       BRA','Compra à vista',10.00,'2025-04-25',1,1,'2025-07-17 21:16:16','2025-07-17 21:16:16',NULL,0),(700,22,'ABAST SHELL BOX','Compra à vista',30.00,'2025-04-21',1,1,'2025-07-17 21:16:16','2025-07-17 21:16:16',NULL,0),(701,22,'TOURO S BURGUER        ITAPIRA       BRA','Compra à vista',16.00,'2025-04-20',1,1,'2025-07-17 21:16:16','2025-07-17 21:16:16',NULL,0),(702,22,'TUTTIBOM ACAITERIA     ITAPIRA       BRA','Compra à vista',37.38,'2025-04-20',1,1,'2025-07-17 21:16:16','2025-07-17 21:16:16',NULL,0),(703,22,'CUBATAO                ITAPIRA       BRA','Compra à vista',97.08,'2025-04-19',1,1,'2025-07-17 21:16:16','2025-07-17 21:16:16',NULL,0),(704,22,'SUPERMERCADO POPULAR D ITAPIRA       BRA','Compra à vista',24.16,'2025-04-16',1,1,'2025-07-17 21:16:16','2025-07-17 21:16:16',NULL,0),(705,22,'1A99                   ITAPIRA       BRA','Compra à vista',33.43,'2025-04-12',1,1,'2025-07-17 21:16:16','2025-07-17 21:16:16',NULL,0),(706,22,'SUPERMERCADO           ITAPIRA       BRA','Compra à vista',120.75,'2025-04-12',1,1,'2025-07-17 21:16:16','2025-07-17 21:16:16',NULL,0),(707,22,'SUPERMERCADO           ITAPIRA       BRA','Compra à vista',16.98,'2025-04-12',1,1,'2025-07-17 21:16:16','2025-07-17 21:16:16',NULL,0),(708,22,'AyltonCeragioli        ITAPIRA       BRA','Compra à vista',53.00,'2025-04-12',1,1,'2025-07-17 21:16:16','2025-07-17 21:16:16',NULL,0),(709,22,'SosBeer                ITAPIRA       BRA','Compra à vista',14.50,'2025-04-12',1,1,'2025-07-17 21:16:16','2025-07-17 21:16:16',NULL,0),(710,22,'TABACARIA ALI   CIA    ITAPIRA       BRA','Compra à vista',32.30,'2025-04-12',1,1,'2025-07-17 21:16:16','2025-07-17 21:16:16',NULL,0),(711,22,'ROFATTO SUPERMERCADOS  ITAPIRA       BRA','Compra à vista',6.79,'2025-04-12',1,1,'2025-07-17 21:16:16','2025-07-17 21:16:16',NULL,0),(712,22,'FROGPAY AUTO POSTO SAO ITAPETININGA  BRA','Compra à vista',50.00,'2025-04-11',1,1,'2025-07-17 21:16:16','2025-07-17 21:16:16',NULL,0),(713,22,'ComitivaLanch          ITAPIRA       BRA','Compra à vista',6.00,'2025-04-11',1,1,'2025-07-17 21:16:16','2025-07-17 21:16:16',NULL,0),(714,22,'AyltonCeragioli        ITAPIRA       BRA','Compra à vista',7.50,'2025-04-11',1,1,'2025-07-17 21:16:16','2025-07-17 21:16:16',NULL,0),(715,22,'PAGAMENTO DE FATURA','Compra à vista',2925.12,'2025-04-10',1,1,'2025-07-17 21:16:16','2025-07-17 21:16:16',NULL,0),(716,22,'SosBeer                ITAPIRA       BRA','Compra à vista',5.00,'2025-04-07',1,1,'2025-07-17 21:16:16','2025-07-17 21:16:16',NULL,0),(717,22,'HUB NETSHOES           SAO PAULO     BRA','Parcela 1/4 da compra',69.75,'2025-04-07',1,1,'2025-07-17 21:16:16','2025-07-17 21:16:16',NULL,0),(718,22,'AUTO POSTO ARENA DE I  ITAPIRA       BRA','Compra à vista',52.01,'2025-04-07',1,1,'2025-07-17 21:16:16','2025-07-17 21:16:16',NULL,0),(719,22,'SUPERMERCADO           ITAPIRA       BRA','Compra à vista',324.55,'2025-04-04',1,1,'2025-07-17 21:16:16','2025-07-17 21:30:05',NULL,0),(720,22,'SHOPEE  HerberTEletrni S o Paulo     BRA','Parcela 2/2 da compra',35.70,'2025-03-25',1,1,'2025-07-17 21:16:16','2025-07-17 21:16:16',NULL,0),(721,22,'JSRosaPneusLtda        MOGI MIRIM    BRA','Parcela 2/4 da compra',93.75,'2025-03-14',1,1,'2025-07-17 21:16:16','2025-07-17 21:16:16',NULL,0),(722,22,'HOPI HARI              VINHEDO       BRA','Parcela 2/6 da compra',76.63,'2025-03-12',1,1,'2025-07-17 21:16:16','2025-07-17 21:16:16',NULL,0),(723,22,'HOPI HARI              VINHEDO       BRA','Parcela 2/2 da compra',59.99,'2025-03-03',1,1,'2025-07-17 21:16:16','2025-07-17 21:16:16',NULL,0),(724,22,'AIRBNB   HM49QQ5NED    SAO PAULO     BRA','Parcela 2/4 da compra',278.68,'2025-03-03',1,1,'2025-07-17 21:16:16','2025-07-17 21:16:16',NULL,0),(725,22,'CP PARC SHOPPING INTER','Parcela 6/10 da compra',470.79,'2024-11-19',1,1,'2025-07-17 21:16:16','2025-07-17 21:16:16',NULL,0),(727,3,'TABACARIA ALI   CIA    ITAPIRA       BRA','Compra à vista',35.80,'2025-04-29',1,1,'2025-09-10 15:23:20','2025-09-10 15:23:20',NULL,0),(730,3,'1A99                   ITAPIRA       BRA','Compra à vista',58.91,'2025-04-26',1,1,'2025-09-10 15:23:20','2025-09-10 15:23:20',NULL,0),(731,3,'ANTONELLI SUPERMERCA   ITAPIRA       BRA','Compra à vista',130.63,'2025-04-26',1,1,'2025-09-10 15:23:20','2025-09-10 15:23:20',NULL,0),(732,3,'SosBeer                ITAPIRA       BRA','Compra à vista',10.00,'2025-04-25',1,1,'2025-09-10 15:23:20','2025-09-10 15:23:20',NULL,0),(734,3,'TOURO S BURGUER        ITAPIRA       BRA','Compra à vista',16.00,'2025-04-20',1,1,'2025-09-10 15:23:20','2025-09-10 15:23:20',NULL,0),(735,3,'TUTTIBOM ACAITERIA     ITAPIRA       BRA','Compra à vista',37.38,'2025-04-20',1,1,'2025-09-10 15:23:20','2025-09-10 15:23:20',NULL,0),(736,3,'CUBATAO                ITAPIRA       BRA','Compra à vista',97.08,'2025-04-19',1,1,'2025-09-10 15:23:20','2025-09-10 15:23:20',NULL,0),(739,3,'SUPERMERCADO           ITAPIRA       BRA','Compra à vista',120.75,'2025-04-12',1,1,'2025-09-10 15:23:20','2025-09-10 15:23:20',NULL,0),(743,3,'TABACARIA ALI   CIA    ITAPIRA       BRA','Compra à vista',32.30,'2025-04-12',1,1,'2025-09-10 15:23:20','2025-09-10 15:23:20',NULL,0),(744,3,'ROFATTO SUPERMERCADOS  ITAPIRA       BRA','Compra à vista',6.79,'2025-04-12',1,1,'2025-09-10 15:23:20','2025-09-10 15:23:20',NULL,0),(745,3,'FROGPAY AUTO POSTO SAO ITAPETININGA  BRA','Compra à vista',50.00,'2025-04-11',1,1,'2025-09-10 15:23:20','2025-09-10 15:23:20',NULL,0),(746,3,'ComitivaLanch          ITAPIRA       BRA','Compra à vista',6.00,'2025-04-11',1,1,'2025-09-10 15:23:20','2025-09-10 15:23:20',NULL,0),(747,3,'AyltonCeragioli        ITAPIRA       BRA','Compra à vista',7.50,'2025-04-11',1,1,'2025-09-10 15:23:20','2025-09-10 15:23:20',NULL,0),(750,3,'HUB NETSHOES           SAO PAULO     BRA','Parcela 1/4 da compra',69.75,'2025-04-07',1,1,'2025-09-10 15:23:20','2025-09-10 15:23:20',NULL,0),(751,3,'AUTO POSTO ARENA DE I  ITAPIRA       BRA','Compra à vista',52.01,'2025-04-07',1,1,'2025-09-10 15:23:20','2025-09-10 15:23:20',NULL,0),(752,3,'SUPERMERCADO           ITAPIRA       BRA','Compra à vista',32.45,'2025-04-04',1,1,'2025-09-10 15:23:20','2025-09-10 15:23:20',NULL,0),(753,3,'SHOPEE  HerberTEletrni S o Paulo     BRA','Parcela 2/2 da compra',35.70,'2025-03-25',1,1,'2025-09-10 15:23:20','2025-09-10 15:23:20',NULL,0),(754,3,'JSRosaPneusLtda        MOGI MIRIM    BRA','Parcela 2/4 da compra',93.75,'2025-03-14',1,1,'2025-09-10 15:23:20','2025-09-10 15:23:20',NULL,0),(755,3,'HOPI HARI              VINHEDO       BRA','Parcela 2/6 da compra',76.63,'2025-03-12',1,1,'2025-09-10 15:23:20','2025-09-10 15:23:20',NULL,0),(756,3,'HOPI HARI              VINHEDO       BRA','Parcela 2/2 da compra',59.99,'2025-03-03',1,1,'2025-09-10 15:23:20','2025-09-10 15:23:20',NULL,0),(757,3,'AIRBNB   HM49QQ5NED    SAO PAULO     BRA','Parcela 2/4 da compra',278.68,'2025-03-03',1,1,'2025-09-10 15:23:20','2025-09-10 15:23:20',NULL,0),(758,3,'CP PARC SHOPPING INTER','Parcela 6/10 da compra',470.79,'2024-11-19',1,1,'2025-09-10 15:23:20','2025-09-10 15:23:20',NULL,0),(759,8,'ABAST SHELL BOX','Compra à vista',30.00,'2025-06-22',2,1022,'2025-11-10 21:22:43','2025-11-10 21:22:43',NULL,0),(760,8,'ABAST SHELL BOX','Compra à vista',20.00,'2025-06-22',2,1022,'2025-11-10 21:22:43','2025-11-10 21:22:43',NULL,0),(761,8,'SUPERMERCADO MIX CENT  ITAPIRA       BRA','Compra à vista',34.18,'2025-06-21',2,1021,'2025-11-10 21:22:43','2025-11-10 21:22:43',NULL,0),(762,8,'MP  ISABODYPIERCE      Osasco        BRA','Parcela 1/2',52.50,'2025-06-21',2,1019,'2025-11-10 21:22:43','2025-11-10 21:22:43',NULL,0),(763,8,'SUPERMERCADO MIX CENT  ITAPIRA       BRA','Compra à vista',5.78,'2025-06-21',2,1021,'2025-11-10 21:22:43','2025-11-10 21:22:43',NULL,0),(764,8,'FabiluComercioDe       ITAPIRA       BRA','Compra à vista',33.00,'2025-06-21',2,1019,'2025-11-10 21:22:43','2025-11-10 21:22:43',NULL,0),(765,8,'COMERCIO DE BIJUTERIAS ITAPIRA       BRA','Compra à vista',38.50,'2025-06-21',2,1019,'2025-11-10 21:22:43','2025-11-10 21:22:43',NULL,0),(766,8,'FARMACIA SANTA CRUZ    ITAPIRA       BRA','Compra à vista',50.00,'2025-06-14',2,1023,'2025-11-10 21:22:43','2025-11-10 21:22:43',NULL,0),(767,8,'ROFATTO SUPERMERCADOS  ITAPIRA       BRA','Compra à vista',27.19,'2025-06-14',2,1021,'2025-11-10 21:22:43','2025-11-10 21:22:43',NULL,0),(768,8,'AutoPostoVoxLtda       NOVA ODESSA   BRA','Compra à vista',50.00,'2025-06-11',2,1022,'2025-11-10 21:22:43','2025-11-10 21:22:43',NULL,0),(769,8,'FABILU                 ITAPIRA       BRA','Compra à vista',24.00,'2025-06-11',2,1019,'2025-11-10 21:22:43','2025-11-10 21:22:43',NULL,0),(770,8,'R M DIAS SUCOS E LANCH ITAPIRA       BRA','Compra à vista',14.00,'2025-06-11',2,1018,'2025-11-10 21:22:43','2025-11-10 21:22:43',NULL,0),(771,8,'POSTO PANORAMA         ITAPIRA       BRA','Compra à vista',30.00,'2025-06-11',2,1022,'2025-11-10 21:22:43','2025-11-10 21:22:43',NULL,0),(772,8,'ANTONELLI SUPERMERCA   ITAPIRA       BRA','Compra à vista',60.62,'2025-06-10',2,1021,'2025-11-10 21:22:43','2025-11-10 21:22:43',NULL,0),(773,8,'1A99                   ITAPIRA       BRA','Compra à vista',42.52,'2025-06-07',2,1021,'2025-11-10 21:22:43','2025-11-10 21:22:43',NULL,0),(774,8,'R E R PHARMA           ITAPIRA       BRA','Compra à vista',33.12,'2025-06-07',2,1023,'2025-11-10 21:22:43','2025-11-10 21:22:43',NULL,0),(775,8,'SUPERMERCADO           ITAPIRA       BRA','Compra à vista',68.24,'2025-06-07',2,1021,'2025-11-10 21:22:43','2025-11-10 21:22:43',NULL,0),(776,8,'MEGA MOTOS             ITAPIRA       BRA','Compra à vista',40.00,'2025-06-06',2,1030,'2025-11-10 21:22:43','2025-11-10 21:22:43',NULL,0),(777,8,'AutoPostoVoxLtda       NOVA ODESSA   BRA','Compra à vista',50.00,'2025-06-05',2,1022,'2025-11-10 21:22:43','2025-11-10 21:22:43',NULL,0),(778,8,'SUPERMERCADO POPULAR D ITAPIRA       BRA','Compra à vista',18.95,'2025-06-04',2,1021,'2025-11-10 21:22:43','2025-11-10 21:22:43',NULL,0),(779,8,'TABACARIA ALI   CIA    ITAPIRA       BRA','Compra à vista',51.30,'2025-06-07',2,1024,'2025-11-10 21:22:43','2025-11-10 21:25:03',NULL,0),(780,8,'HUB NETSHOES           SAO PAULO     BRA','Parcela 3/4',69.75,'2025-06-07',2,1024,'2025-11-10 21:22:43','2025-11-10 21:22:43',NULL,0),(781,8,'JSRosaPneusLtda        MOGI MIRIM    BRA','Parcela 4/4',93.75,'2025-06-14',2,1030,'2025-11-10 21:22:43','2025-11-10 21:22:43',NULL,0),(782,8,'HOPI HARI              VINHEDO       BRA','Parcela 4/6',76.63,'2025-06-12',2,1027,'2025-11-10 21:22:43','2025-11-10 21:22:43',NULL,0),(783,8,'AIRBNB   HM49QQ5NED    SAO PAULO     BRA','Parcela 4/4',278.68,'2025-06-07',2,1027,'2025-11-10 21:22:43','2025-11-10 21:22:43',NULL,0),(784,8,'CP PARC SHOPPING INTER','Parcela 8/10',470.79,'2025-06-19',2,1024,'2025-11-10 21:22:43','2025-11-10 21:22:43',NULL,0),(785,8,'ABAST SHELL BOX','Compra à vista',30.00,'2025-08-03',2,1022,'2025-11-10 21:26:34','2025-11-10 21:26:34',NULL,0),(786,8,'AUTO POSTO N  R        ITAPIRA       BRA','Compra à vista',30.00,'2025-07-30',2,1022,'2025-11-10 21:26:34','2025-11-10 21:26:34',NULL,0),(787,8,'ABAST SHELL BOX','Compra à vista',30.00,'2025-07-27',2,1022,'2025-11-10 21:26:34','2025-11-10 21:26:34',NULL,0),(788,8,'ABAST SHELL BOX','Compra à vista',20.00,'2025-07-13',2,1022,'2025-11-10 21:26:34','2025-11-10 21:26:34',NULL,0),(789,8,'AUTO POSTO N  R        ITAPIRA       BRA','Compra à vista',15.00,'2025-07-03',2,1022,'2025-11-10 21:26:34','2025-11-10 21:26:34',NULL,0),(790,8,'MP  ISABODYPIERCE      Osasco        BRA','Parcela 2/2',52.50,'2025-07-21',2,1019,'2025-11-10 21:26:34','2025-11-10 21:26:34',NULL,0),(791,8,'HUB NETSHOES           SAO PAULO     BRA','Parcela 4/4',69.75,'2025-07-07',2,1024,'2025-11-10 21:26:34','2025-11-10 21:26:34',NULL,0),(792,8,'HOPI HARI              VINHEDO       BRA','Parcela 5/6',76.63,'2025-07-12',2,1027,'2025-11-10 21:26:34','2025-11-10 21:26:34',NULL,0),(793,8,'CP PARC SHOPPING INTER','Parcela 9/10',470.79,'2025-07-19',2,1024,'2025-11-10 21:26:34','2025-11-10 21:26:34',NULL,0),(802,3,'HOPI HARI              VINHEDO       BRA','Parcela 6/6',76.63,'2025-03-12',1,1042,'2025-11-18 15:59:11','2025-11-18 15:59:11',NULL,0),(803,3,'CP PARC SHOPPING INTER','Parcela 10/10',470.76,'2024-11-19',1,1042,'2025-11-18 15:59:11','2025-11-18 15:59:11',NULL,0),(812,3,'HOPI HARI              VINHEDO       BRA','Parcela 6/6',76.63,'2025-03-12',1,1042,'2025-11-18 16:15:10','2025-11-18 16:15:10',NULL,0),(813,3,'CP PARC SHOPPING INTER','Parcela 10/10',470.76,'2024-11-19',1,1042,'2025-11-18 16:15:10','2025-11-18 16:15:10',NULL,0),(814,8,'IOF INTERNACIONAL','Compra à vista',2.00,'2025-09-03',2,1015,'2025-11-18 16:37:52','2025-11-18 16:37:52',NULL,0),(815,8,'PAYPAL  GITHUB INC     4029357733    CA','Compra à vista',57.01,'2025-09-01',2,1026,'2025-11-18 16:37:52','2025-11-18 16:37:52',NULL,0),(816,8,'AIRBNB   HM5DXH33QC    SAO PAULO     BRA','Parcela 1/6',657.75,'2025-08-25',2,1027,'2025-11-18 16:37:52','2025-11-18 16:37:52',NULL,0),(817,8,'ABAST SHELL BOX','Compra à vista',30.00,'2025-08-24',2,1022,'2025-11-18 16:37:52','2025-11-18 16:37:52',NULL,0),(818,8,'ABAST SHELL BOX','Compra à vista',20.00,'2025-08-17',2,1022,'2025-11-18 16:37:52','2025-11-18 16:37:52',NULL,0),(819,8,'PAGAMENTO DE FATURA','Compra à vista',794.67,'2025-08-11',2,1012,'2025-11-18 16:37:52','2025-11-18 16:37:52',NULL,0),(820,8,'IOF INTERNACIONAL','Compra à vista',2.06,'2025-08-04',2,1015,'2025-11-18 16:37:52','2025-11-18 16:37:52',NULL,0),(821,8,'PAYPAL  GITHUB INC     4029357733    CA','Compra à vista',58.91,'2025-08-01',2,1026,'2025-11-18 16:37:52','2025-11-18 16:37:52',NULL,0),(822,8,'HOPI HARI              VINHEDO       BRA','Parcela 6/6',76.63,'2025-08-12',2,1027,'2025-11-18 16:37:52','2025-11-18 16:37:52',NULL,0),(823,8,'CP PARC SHOPPING INTER','Parcela 10/10',470.76,'2025-08-19',2,1024,'2025-11-18 16:37:52','2025-11-18 16:37:52',NULL,0),(824,8,'IOF ADICIONAL DB PF','Compra à vista',0.44,'2025-10-04',2,1026,'2025-11-18 16:39:07','2025-11-18 16:39:07',NULL,0),(825,8,'JUROS DE MORA','Compra à vista',0.24,'2025-10-04',2,1026,'2025-11-18 16:39:07','2025-11-18 16:39:07',NULL,0),(826,8,'JUROS DE MORA','Compra à vista',0.02,'2025-10-04',2,1026,'2025-11-18 16:39:07','2025-11-18 16:39:07',NULL,0),(827,8,'ENCARGOS ROTATIVO','Compra à vista',1.84,'2025-10-04',2,1026,'2025-11-18 16:39:07','2025-11-18 16:39:07',NULL,0),(828,8,'ENCARGOS ROTATIVO','Compra à vista',0.64,'2025-10-04',2,1026,'2025-11-18 16:39:07','2025-11-18 16:39:07',NULL,0),(829,8,'IOF INTERNACIONAL','Compra à vista',1.96,'2025-10-04',2,1015,'2025-11-18 16:39:07','2025-11-18 16:39:07',NULL,0),(830,8,'ENCARGOS ROTATIVO','Compra à vista',0.28,'2025-10-04',2,1026,'2025-11-18 16:39:07','2025-11-18 16:39:07',NULL,0),(831,8,'ENCARGOS ROTATIVO','Compra à vista',4.08,'2025-10-04',2,1026,'2025-11-18 16:39:07','2025-11-18 16:39:07',NULL,0),(832,8,'IOF ADICIONAL DB PF','Compra à vista',2.79,'2025-10-04',2,1026,'2025-11-18 16:39:07','2025-11-18 16:39:07',NULL,0),(833,8,'IOF DIARIO DB PF','Compra à vista',0.04,'2025-10-04',2,1026,'2025-11-18 16:39:07','2025-11-18 16:39:07',NULL,0),(834,8,'JUROS DE MORA','Compra à vista',0.15,'2025-10-04',2,1026,'2025-11-18 16:39:07','2025-11-18 16:39:07',NULL,0),(835,8,'JUROS DE MORA','Compra à vista',0.04,'2025-10-04',2,1026,'2025-11-18 16:39:07','2025-11-18 16:39:07',NULL,0),(836,8,'IOF ADICIONAL DB PF','Compra à vista',0.19,'2025-10-04',2,1026,'2025-11-18 16:39:07','2025-11-18 16:39:07',NULL,0),(837,8,'IOF DIARIO DB PF','Compra à vista',0.06,'2025-10-04',2,1026,'2025-11-18 16:39:08','2025-11-18 16:39:08',NULL,0),(838,8,'IOF ADICIONAL DB PF','Compra à vista',1.79,'2025-10-04',2,1026,'2025-11-18 16:39:08','2025-11-18 16:39:08',NULL,0),(839,8,'MULTA POR ATRASO','Compra à vista',27.42,'2025-10-03',2,1026,'2025-11-18 16:39:08','2025-11-18 16:39:08',NULL,0),(840,8,'PAYPAL  GITHUB INC     4029357733    CA','Compra à vista',55.87,'2025-10-01',2,1026,'2025-11-18 16:39:08','2025-11-18 16:39:08',NULL,0),(841,8,'DROGARIA SAO PAULO SA  ITAPIRA       BRA','Compra à vista',53.36,'2025-09-24',2,1024,'2025-11-18 16:39:08','2025-11-18 16:39:08',NULL,0),(842,8,'ABAST SHELL BOX','Compra à vista',30.00,'2025-09-21',2,1022,'2025-11-18 16:39:08','2025-11-18 16:39:08',NULL,0),(843,8,'SMC SUPERMERCADOS      ITAPIRA       BRA','Compra à vista',49.19,'2025-09-19',2,1021,'2025-11-18 16:39:08','2025-11-18 16:39:08',NULL,0),(844,8,'SILVANA B GONCALVES    ITAPIRA       BRA','Compra à vista',59.70,'2025-09-18',2,1022,'2025-11-18 16:39:08','2025-11-18 16:39:08',NULL,0),(845,8,'SHOPPING DA UTILIDADE  ITAPIRA       BRA','Parcela 1/2',65.98,'2025-09-13',2,1024,'2025-11-18 16:39:08','2025-11-18 16:39:08',NULL,0),(846,8,'PAGAMENTO DE FATURA','Compra à vista',1375.12,'2025-09-11',2,1012,'2025-11-18 16:39:08','2025-11-18 16:39:08',NULL,0),(847,8,'ABAST SHELL BOX','Compra à vista',30.00,'2025-09-07',2,1022,'2025-11-18 16:39:08','2025-11-18 16:39:08',NULL,0),(848,8,'AIRBNB   HM5DXH33QC    SAO PAULO     BRA','Parcela 2/6',657.73,'2025-08-25',2,1027,'2025-11-18 16:39:08','2025-11-18 16:39:08',NULL,0),(849,8,'IOF ADICIONAL DB PF','Compra à vista',0.21,'2025-11-03',2,1026,'2025-11-18 16:39:29','2025-11-18 16:39:29',NULL,0),(850,8,'IOF DIARIO DB PF','Compra à vista',0.06,'2025-11-03',2,1026,'2025-11-18 16:39:29','2025-11-18 16:39:29',NULL,0),(851,8,'JUROS DE MORA','Compra à vista',0.06,'2025-11-03',2,1026,'2025-11-18 16:39:29','2025-11-18 16:39:29',NULL,0),(852,8,'IOF DIARIO DB PF','Compra à vista',0.18,'2025-11-03',2,1026,'2025-11-18 16:39:29','2025-11-18 16:39:29',NULL,0),(853,8,'IOF ADICIONAL DB PF','Compra à vista',0.95,'2025-11-03',2,1026,'2025-11-18 16:39:29','2025-11-18 16:39:29',NULL,0),(854,8,'ENCARGOS ROTATIVO','Compra à vista',0.02,'2025-11-03',2,1026,'2025-11-18 16:39:29','2025-11-18 16:39:29',NULL,0),(855,8,'ENCARGOS ROTATIVO','Compra à vista',0.87,'2025-11-03',2,1026,'2025-11-18 16:39:29','2025-11-18 16:39:29',NULL,0),(856,8,'IOF INTERNACIONAL','Compra à vista',1.98,'2025-11-03',2,1015,'2025-11-18 16:39:29','2025-11-18 16:39:29',NULL,0),(857,8,'IOF DIARIO DB PF','Compra à vista',0.01,'2025-11-03',2,1026,'2025-11-18 16:39:29','2025-11-18 16:39:29',NULL,0),(858,8,'IOF ADICIONAL DB PF','Compra à vista',2.77,'2025-11-03',2,1026,'2025-11-18 16:39:29','2025-11-18 16:39:29',NULL,0),(859,8,'JUROS DE MORA','Compra à vista',0.22,'2025-11-03',2,1026,'2025-11-18 16:39:29','2025-11-18 16:39:29',NULL,0),(860,8,'JUROS DE MORA','Compra à vista',0.72,'2025-11-03',2,1026,'2025-11-18 16:39:29','2025-11-18 16:39:29',NULL,0),(861,8,'MULTA POR ATRASO','Compra à vista',20.04,'2025-11-03',2,1026,'2025-11-18 16:39:29','2025-11-18 16:39:29',NULL,0),(862,8,'ENCARGOS ROTATIVO','Compra à vista',11.20,'2025-11-03',2,1026,'2025-11-18 16:39:29','2025-11-18 16:39:29',NULL,0),(863,8,'ENCARGOS ROTATIVO','Compra à vista',3.42,'2025-11-03',2,1026,'2025-11-18 16:39:30','2025-11-18 16:39:30',NULL,0),(864,8,'PAYPAL  GITHUB INC     4029357733    CA','Compra à vista',56.55,'2025-11-01',2,1026,'2025-11-18 16:39:30','2025-11-18 16:39:30',NULL,0),(865,8,'PAGAMENTO DE FATURA','Compra à vista',1043.81,'2025-10-13',2,1012,'2025-11-18 16:39:30','2025-11-18 16:39:30',NULL,0),(866,8,'ABAST SHELL BOX','Compra à vista',20.00,'2025-10-05',2,1022,'2025-11-18 16:39:30','2025-11-18 16:39:30',NULL,0),(867,8,'ABAST SHELL BOX','Compra à vista',100.00,'2025-10-04',2,1022,'2025-11-18 16:39:30','2025-11-18 16:39:30',NULL,0),(868,8,'SHOPPING DA UTILIDADE  ITAPIRA       BRA','Parcela 2/2',65.97,'2025-09-13',2,1024,'2025-11-18 16:39:30','2025-11-18 16:39:30',NULL,0),(869,8,'AIRBNB   HM5DXH33QC    SAO PAULO     BRA','Parcela 3/6',657.73,'2025-08-25',2,1027,'2025-11-18 16:39:30','2025-11-18 16:39:30',NULL,0),(870,8,'IOF ADICIONAL DB PF','Compra à vista',0.21,'2025-11-03',2,1026,'2025-11-18 18:08:06','2025-11-18 18:08:06',NULL,0),(871,8,'IOF DIARIO DB PF','Compra à vista',0.06,'2025-11-03',2,1026,'2025-11-18 18:08:06','2025-11-18 18:08:06',NULL,0),(872,8,'JUROS DE MORA','Compra à vista',0.06,'2025-11-03',2,1026,'2025-11-18 18:08:06','2025-11-18 18:08:06',NULL,0),(873,8,'IOF DIARIO DB PF','Compra à vista',0.18,'2025-11-03',2,1026,'2025-11-18 18:08:06','2025-11-18 18:08:06',NULL,0),(874,8,'IOF ADICIONAL DB PF','Compra à vista',0.95,'2025-11-03',2,1026,'2025-11-18 18:08:06','2025-11-18 18:08:06',NULL,0),(875,8,'ENCARGOS ROTATIVO','Compra à vista',0.02,'2025-11-03',2,1026,'2025-11-18 18:08:06','2025-11-18 18:08:06',NULL,0),(876,8,'ENCARGOS ROTATIVO','Compra à vista',0.87,'2025-11-03',2,1026,'2025-11-18 18:08:06','2025-11-18 18:08:06',NULL,0),(877,8,'IOF INTERNACIONAL','Compra à vista',1.98,'2025-11-03',2,1015,'2025-11-18 18:08:06','2025-11-18 18:08:06',NULL,0),(878,8,'IOF DIARIO DB PF','Compra à vista',0.01,'2025-11-03',2,1026,'2025-11-18 18:08:06','2025-11-18 18:08:06',NULL,0),(879,8,'IOF ADICIONAL DB PF','Compra à vista',2.77,'2025-11-03',2,1026,'2025-11-18 18:08:06','2025-11-18 18:08:06',NULL,0),(880,8,'JUROS DE MORA','Compra à vista',0.22,'2025-11-03',2,1026,'2025-11-18 18:08:06','2025-11-18 18:08:06',NULL,0),(881,8,'JUROS DE MORA','Compra à vista',0.72,'2025-11-03',2,1026,'2025-11-18 18:08:06','2025-11-18 18:08:06',NULL,0),(882,8,'MULTA POR ATRASO','Compra à vista',20.04,'2025-11-03',2,1026,'2025-11-18 18:08:06','2025-11-18 18:08:06',NULL,0),(883,8,'ENCARGOS ROTATIVO','Compra à vista',11.20,'2025-11-03',2,1026,'2025-11-18 18:08:06','2025-11-18 18:08:06',NULL,0),(884,8,'ENCARGOS ROTATIVO','Compra à vista',3.42,'2025-11-03',2,1026,'2025-11-18 18:08:06','2025-11-18 18:08:06',NULL,0),(885,8,'PAYPAL  GITHUB INC     4029357733    CA','Compra à vista',56.55,'2025-11-01',2,1026,'2025-11-18 18:08:06','2025-11-18 18:08:06',NULL,0),(887,8,'ABAST SHELL BOX','Compra à vista',20.00,'2025-11-05',2,1022,'2025-11-18 18:08:06','2025-11-18 18:08:06',NULL,0),(888,8,'ABAST SHELL BOX','Compra à vista',100.00,'2025-10-04',2,1022,'2025-11-18 18:08:06','2025-11-18 18:08:06',NULL,0),(889,8,'SHOPPING DA UTILIDADE  ITAPIRA       BRA','Parcela 2/2',65.97,'2025-10-13',2,1024,'2025-11-18 18:08:06','2025-11-18 18:08:06',NULL,0),(890,8,'AIRBNB   HM5DXH33QC    SAO PAULO     BRA','Parcela 3/6',657.73,'2025-11-25',2,1027,'2025-11-18 18:08:06','2025-11-18 18:08:06',NULL,0),(891,3,'Mp *Melimais','Compra à vista',24.90,'2025-07-04',2,1029,'2025-11-19 06:18:50','2025-11-19 06:18:50',NULL,0),(892,3,'1a99','Compra à vista',68.86,'2025-07-03',2,1021,'2025-11-19 06:18:50','2025-11-19 06:18:50',NULL,0),(893,3,'Ayltonceragioli','Compra à vista',31.00,'2025-07-01',2,1043,'2025-11-19 06:18:50','2025-11-19 06:18:50',NULL,0),(894,3,'Tuttibom Acaiteria','Compra à vista',34.03,'2025-06-30',2,1041,'2025-11-19 06:18:50','2025-11-19 06:29:08',34,0),(895,3,'Auto Posto N. R.','Compra à vista',30.00,'2025-06-29',2,1022,'2025-11-19 06:18:50','2025-11-19 06:18:50',NULL,0),(896,3,'Hamburgueria Artesanal','Compra à vista',104.80,'2025-06-29',2,1018,'2025-11-19 06:18:50','2025-11-19 06:18:50',34,0),(897,3,'Supermercado Bom Jesus','Compra à vista',25.97,'2025-06-28',2,1021,'2025-11-19 06:18:50','2025-11-19 06:18:50',NULL,0),(898,3,'1a99','Compra à vista',41.52,'2025-06-27',2,1021,'2025-11-19 06:18:50','2025-11-19 06:18:50',NULL,0),(899,3,'Tabacaria Ali & Cia','Compra à vista',51.80,'2025-06-27',2,1043,'2025-11-19 06:18:50','2025-11-19 06:18:50',NULL,0),(900,3,'Bf *Mega Motos -','1 de 10',112.94,'2025-06-27',2,1030,'2025-11-19 06:18:50','2025-11-19 06:18:50',NULL,0),(901,3,'Ayltonceragioli','Compra à vista',37.00,'2025-06-24',2,1043,'2025-11-19 06:18:50','2025-11-19 06:18:50',NULL,0),(902,3,'Tuttibom Acaiteria','Compra à vista',28.87,'2025-06-23',2,1041,'2025-11-19 06:18:50','2025-11-19 06:29:24',34,0),(903,3,'Supermercado Jardim P','Compra à vista',30.98,'2025-06-22',2,1021,'2025-11-19 06:18:50','2025-11-19 06:18:50',NULL,0),(904,3,'Burger King','Compra à vista',26.90,'2025-06-21',2,1018,'2025-11-19 06:18:50','2025-11-19 06:30:06',34,0),(905,3,'Dm *Spotify','Compra à vista',21.90,'2025-06-21',2,1029,'2025-11-19 06:18:50','2025-11-19 06:18:50',NULL,0),(906,3,'Autopostovoxltda','Compra à vista',52.00,'2025-06-21',2,1022,'2025-11-19 06:18:50','2025-11-19 06:18:50',NULL,0),(907,3,'1a99','Compra à vista',49.94,'2025-06-19',2,1021,'2025-11-19 06:18:50','2025-11-19 06:18:50',NULL,0),(908,3,'Sosbeer','Compra à vista',7.00,'2025-06-18',2,1043,'2025-11-19 06:18:50','2025-11-19 06:18:50',NULL,0),(909,3,'Paulocesarde','Compra à vista',8.00,'2025-06-17',2,1018,'2025-11-19 06:18:50','2025-11-19 06:18:50',NULL,0),(910,3,'Elianacristinados','Compra à vista',20.00,'2025-06-17',2,1018,'2025-11-19 06:18:50','2025-11-19 06:18:50',NULL,0),(911,3,'Ayltonceragioli','Compra à vista',35.00,'2025-06-17',2,1043,'2025-11-19 06:18:50','2025-11-19 06:18:50',NULL,0),(912,3,'Central da Borracha','Compra à vista',6.00,'2025-06-17',2,1026,'2025-11-19 06:18:50','2025-11-19 06:18:50',NULL,0);
/*!40000 ALTER TABLE `invoice` ENABLE KEYS */;
UNLOCK TABLES;

--
-- Table structure for table `invoice_category_learning`
--

DROP TABLE IF EXISTS `invoice_category_learning`;
/*!40101 SET @saved_cs_client     = @@character_set_client */;
/*!50503 SET character_set_client = utf8mb4 */;
CREATE TABLE `invoice_category_learning` (
  `id` bigint unsigned NOT NULL AUTO_INCREMENT,
  `user_id` bigint unsigned NOT NULL,
  `description_pattern` varchar(255) COLLATE utf8mb4_unicode_ci NOT NULL,
  `category_id` int NOT NULL,
  `confidence` int NOT NULL DEFAULT '1',
  `created_at` timestamp NULL DEFAULT NULL,
  `updated_at` timestamp NULL DEFAULT NULL,
  PRIMARY KEY (`id`),
  UNIQUE KEY `icl_unique_pattern` (`user_id`,`description_pattern`,`category_id`),
  KEY `invoice_category_learning_user_id_description_pattern_index` (`user_id`,`description_pattern`),
  KEY `invoice_category_learning_user_id_category_id_index` (`user_id`,`category_id`),
  KEY `invoice_category_learning_category_id_foreign` (`category_id`),
  CONSTRAINT `invoice_category_learning_category_id_foreign` FOREIGN KEY (`category_id`) REFERENCES `category` (`id_category`) ON DELETE CASCADE,
  CONSTRAINT `invoice_category_learning_user_id_foreign` FOREIGN KEY (`user_id`) REFERENCES `users` (`id`) ON DELETE CASCADE
) ENGINE=InnoDB AUTO_INCREMENT=62 DEFAULT CHARSET=utf8mb4 COLLATE=utf8mb4_unicode_ci;
/*!40101 SET character_set_client = @saved_cs_client */;

--
-- Dumping data for table `invoice_category_learning`
--

LOCK TABLES `invoice_category_learning` WRITE;
/*!40000 ALTER TABLE `invoice_category_learning` DISABLE KEYS */;
INSERT INTO `invoice_category_learning` VALUES (1,2,'ABAST SHELL BOX',1022,13,'2025-11-10 21:22:43','2025-11-18 18:08:06'),(2,2,'SUPERMERCADO MIX CENT ITAPIRA BRA',1021,2,'2025-11-10 21:22:43','2025-11-10 21:22:43'),(3,2,'MP ISABODYPIERCE OSASCO BRA',1019,2,'2025-11-10 21:22:43','2025-11-10 21:26:34'),(4,2,'FABILUCOMERCIODE ITAPIRA BRA',1019,1,'2025-11-10 21:22:43','2025-11-10 21:22:43'),(5,2,'COMERCIO DE BIJUTERIAS ITAPIRA BRA',1019,1,'2025-11-10 21:22:43','2025-11-10 21:22:43'),(6,2,'FARMACIA SANTA CRUZ ITAPIRA BRA',1023,1,'2025-11-10 21:22:43','2025-11-10 21:22:43'),(7,2,'ROFATTO SUPERMERCADOS ITAPIRA BRA',1021,1,'2025-11-10 21:22:43','2025-11-10 21:22:43'),(8,2,'AUTOPOSTOVOXLTDA NOVA ODESSA BRA',1022,2,'2025-11-10 21:22:43','2025-11-10 21:22:43'),(9,2,'FABILU ITAPIRA BRA',1019,1,'2025-11-10 21:22:43','2025-11-10 21:22:43'),(10,2,'R M DIAS SUCOS E LANCH ITAPIRA BRA',1018,1,'2025-11-10 21:22:43','2025-11-10 21:22:43'),(11,2,'POSTO PANORAMA ITAPIRA BRA',1022,1,'2025-11-10 21:22:43','2025-11-10 21:22:43'),(12,2,'ANTONELLI SUPERMERCA ITAPIRA BRA',1021,1,'2025-11-10 21:22:43','2025-11-10 21:22:43'),(13,2,'A ITAPIRA BRA',1021,1,'2025-11-10 21:22:43','2025-11-10 21:22:43'),(14,2,'R E R PHARMA ITAPIRA BRA',1023,1,'2025-11-10 21:22:43','2025-11-10 21:22:43'),(15,2,'SUPERMERCADO ITAPIRA BRA',1021,1,'2025-11-10 21:22:43','2025-11-10 21:22:43'),(16,2,'MEGA MOTOS ITAPIRA BRA',1030,1,'2025-11-10 21:22:43','2025-11-10 21:22:43'),(17,2,'SUPERMERCADO POPULAR D ITAPIRA BRA',1021,1,'2025-11-10 21:22:43','2025-11-10 21:22:43'),(18,2,'TABACARIA ALI CIA ITAPIRA BRA',1024,1,'2025-11-10 21:22:43','2025-11-10 21:22:43'),(19,2,'HUB NETSHOES SAO PAULO BRA',1024,2,'2025-11-10 21:22:43','2025-11-10 21:26:34'),(20,2,'JSROSAPNEUSLTDA MOGI MIRIM BRA',1030,1,'2025-11-10 21:22:43','2025-11-10 21:22:43'),(21,2,'HOPI HARI VINHEDO BRA',1027,3,'2025-11-10 21:22:43','2025-11-18 16:37:52'),(22,2,'AIRBNB HMQQNED SAO PAULO BRA',1027,1,'2025-11-10 21:22:43','2025-11-10 21:22:43'),(23,2,'CP PARC SHOPPING INTER',1024,3,'2025-11-10 21:22:43','2025-11-18 16:37:52'),(24,2,'AUTO POSTO N R ITAPIRA BRA',1022,2,'2025-11-10 21:26:34','2025-11-10 21:26:34'),(25,1,'IOF INTERNACIONAL',1042,4,'2025-11-18 15:59:11','2025-11-18 16:15:10'),(26,1,'PAYPAL GITHUB INC CA',1042,4,'2025-11-18 15:59:11','2025-11-18 16:15:10'),(27,1,'AIRBNB HMDXHQC SAO PAULO BRA',1042,2,'2025-11-18 15:59:11','2025-11-18 16:15:10'),(28,1,'ABAST SHELL BOX',1042,4,'2025-11-18 15:59:11','2025-11-18 16:15:10'),(29,1,'PAGAMENTO DE FATURA',1042,2,'2025-11-18 15:59:11','2025-11-18 16:15:10'),(30,1,'HOPI HARI VINHEDO BRA',1042,2,'2025-11-18 15:59:11','2025-11-18 16:15:10'),(31,1,'CP PARC SHOPPING INTER',1042,2,'2025-11-18 15:59:11','2025-11-18 16:15:10'),(32,2,'IOF INTERNACIONAL',1015,5,'2025-11-18 16:37:52','2025-11-18 18:08:06'),(33,2,'PAYPAL GITHUB INC CA',1026,5,'2025-11-18 16:37:52','2025-11-18 18:08:06'),(34,2,'AIRBNB HMDXHQC SAO PAULO BRA',1027,4,'2025-11-18 16:37:52','2025-11-18 18:08:06'),(35,2,'PAGAMENTO DE FATURA',1012,4,'2025-11-18 16:37:52','2025-11-18 18:08:06'),(36,2,'IOF ADICIONAL DB PF',1026,10,'2025-11-18 16:39:07','2025-11-18 18:08:06'),(37,2,'JUROS DE MORA',1026,10,'2025-11-18 16:39:07','2025-11-18 18:08:06'),(38,2,'ENCARGOS ROTATIVO',1026,12,'2025-11-18 16:39:07','2025-11-18 18:08:06'),(39,2,'IOF DIARIO DB PF',1026,8,'2025-11-18 16:39:07','2025-11-18 18:08:06'),(40,2,'MULTA POR ATRASO',1026,3,'2025-11-18 16:39:08','2025-11-18 18:08:06'),(41,2,'DROGARIA SAO PAULO SA ITAPIRA BRA',1024,1,'2025-11-18 16:39:08','2025-11-18 16:39:08'),(42,2,'SMC SUPERMERCADOS ITAPIRA BRA',1021,1,'2025-11-18 16:39:08','2025-11-18 16:39:08'),(43,2,'SILVANA B GONCALVES ITAPIRA BRA',1022,1,'2025-11-18 16:39:08','2025-11-18 16:39:08'),(44,2,'SHOPPING DA UTILIDADE ITAPIRA BRA',1024,3,'2025-11-18 16:39:08','2025-11-18 18:08:06'),(45,2,'MP MELIMAIS',1029,6,'2025-11-19 06:18:50','2025-11-19 06:19:15'),(46,2,'A',1021,18,'2025-11-19 06:18:50','2025-11-19 06:19:16'),(47,2,'AYLTONCERAGIOLI',1043,18,'2025-11-19 06:18:50','2025-11-19 06:19:16'),(48,2,'TUTTIBOM ACAITERIA',1043,12,'2025-11-19 06:18:50','2025-11-19 06:19:16'),(49,2,'AUTO POSTO N R',1022,6,'2025-11-19 06:18:50','2025-11-19 06:19:15'),(50,2,'HAMBURGUERIA ARTESANAL',1018,6,'2025-11-19 06:18:50','2025-11-19 06:19:16'),(51,2,'SUPERMERCADO BOM JESUS',1021,6,'2025-11-19 06:18:50','2025-11-19 06:19:16'),(52,2,'TABACARIA ALI CIA',1043,6,'2025-11-19 06:18:50','2025-11-19 06:19:16'),(53,2,'BF MEGA MOTOS',1030,6,'2025-11-19 06:18:50','2025-11-19 06:19:16'),(54,2,'SUPERMERCADO JARDIM P',1021,6,'2025-11-19 06:18:50','2025-11-19 06:19:16'),(55,2,'BURGER KING',1043,6,'2025-11-19 06:18:50','2025-11-19 06:19:16'),(56,2,'DM SPOTIFY',1029,6,'2025-11-19 06:18:50','2025-11-19 06:19:16'),(57,2,'AUTOPOSTOVOXLTDA',1022,6,'2025-11-19 06:18:50','2025-11-19 06:19:16'),(58,2,'SOSBEER',1043,6,'2025-11-19 06:18:50','2025-11-19 06:19:16'),(59,2,'PAULOCESARDE',1018,6,'2025-11-19 06:18:50','2025-11-19 06:19:16'),(60,2,'ELIANACRISTINADOS',1018,6,'2025-11-19 06:18:50','2025-11-19 06:19:16'),(61,2,'CENTRAL DA BORRACHA',1026,6,'2025-11-19 06:18:50','2025-11-19 06:19:16');
/*!40000 ALTER TABLE `invoice_category_learning` ENABLE KEYS */;
UNLOCK TABLES;

--
-- Table structure for table `job_batches`
--

DROP TABLE IF EXISTS `job_batches`;
/*!40101 SET @saved_cs_client     = @@character_set_client */;
/*!50503 SET character_set_client = utf8mb4 */;
CREATE TABLE `job_batches` (
  `id` varchar(255) CHARACTER SET utf8mb4 COLLATE utf8mb4_unicode_ci NOT NULL,
  `name` varchar(255) CHARACTER SET utf8mb4 COLLATE utf8mb4_unicode_ci NOT NULL,
  `total_jobs` int NOT NULL,
  `pending_jobs` int NOT NULL,
  `failed_jobs` int NOT NULL,
  `failed_job_ids` longtext CHARACTER SET utf8mb4 COLLATE utf8mb4_unicode_ci NOT NULL,
  `options` mediumtext CHARACTER SET utf8mb4 COLLATE utf8mb4_unicode_ci,
  `cancelled_at` int DEFAULT NULL,
  `created_at` int NOT NULL,
  `finished_at` int DEFAULT NULL,
  PRIMARY KEY (`id`)
) ENGINE=InnoDB DEFAULT CHARSET=utf8mb4 COLLATE=utf8mb4_unicode_ci;
/*!40101 SET character_set_client = @saved_cs_client */;

--
-- Dumping data for table `job_batches`
--

LOCK TABLES `job_batches` WRITE;
/*!40000 ALTER TABLE `job_batches` DISABLE KEYS */;
/*!40000 ALTER TABLE `job_batches` ENABLE KEYS */;
UNLOCK TABLES;

--
-- Table structure for table `jobs`
--

DROP TABLE IF EXISTS `jobs`;
/*!40101 SET @saved_cs_client     = @@character_set_client */;
/*!50503 SET character_set_client = utf8mb4 */;
CREATE TABLE `jobs` (
  `id` bigint unsigned NOT NULL AUTO_INCREMENT,
  `queue` varchar(255) CHARACTER SET utf8mb4 COLLATE utf8mb4_unicode_ci NOT NULL,
  `payload` longtext CHARACTER SET utf8mb4 COLLATE utf8mb4_unicode_ci NOT NULL,
  `attempts` tinyint unsigned NOT NULL,
  `reserved_at` int unsigned DEFAULT NULL,
  `available_at` int unsigned NOT NULL,
  `created_at` int unsigned NOT NULL,
  PRIMARY KEY (`id`),
  KEY `jobs_queue_index` (`queue`)
) ENGINE=InnoDB DEFAULT CHARSET=utf8mb4 COLLATE=utf8mb4_unicode_ci;
/*!40101 SET character_set_client = @saved_cs_client */;

--
-- Dumping data for table `jobs`
--

LOCK TABLES `jobs` WRITE;
/*!40000 ALTER TABLE `jobs` DISABLE KEYS */;
/*!40000 ALTER TABLE `jobs` ENABLE KEYS */;
UNLOCK TABLES;

--
-- Table structure for table `lancamentos_recorrentes`
--

DROP TABLE IF EXISTS `lancamentos_recorrentes`;
/*!40101 SET @saved_cs_client     = @@character_set_client */;
/*!50503 SET character_set_client = utf8mb4 */;
CREATE TABLE `lancamentos_recorrentes` (
  `id` bigint unsigned NOT NULL AUTO_INCREMENT,
  `user_id` bigint unsigned NOT NULL,
  `descricao` varchar(255) CHARACTER SET utf8mb4 COLLATE utf8mb4_unicode_ci NOT NULL,
  `valor` decimal(10,2) NOT NULL,
  `type_id` int NOT NULL COMMENT 'FK para a tabela type (receita/despesa)',
  `category_id` int NOT NULL,
  `frequencia` enum('diaria','semanal','mensal','anual') CHARACTER SET utf8mb4 COLLATE utf8mb4_unicode_ci NOT NULL,
  `data_inicio` date NOT NULL,
  `proximo_vencimento` date NOT NULL COMMENT 'Controla a proxima vez que deve ser lancado',
  `data_fim` date DEFAULT NULL COMMENT 'Opcional: data para parar a recorrencia',
  `ativo` tinyint(1) NOT NULL DEFAULT '1',
  `created_at` timestamp NULL DEFAULT CURRENT_TIMESTAMP,
  `updated_at` timestamp NULL DEFAULT CURRENT_TIMESTAMP ON UPDATE CURRENT_TIMESTAMP,
  PRIMARY KEY (`id`),
  KEY `user_id` (`user_id`),
  KEY `type_id` (`type_id`),
  KEY `category_id` (`category_id`),
  CONSTRAINT `lancamentos_recorrentes_ibfk_1` FOREIGN KEY (`user_id`) REFERENCES `users` (`id`),
  CONSTRAINT `lancamentos_recorrentes_ibfk_2` FOREIGN KEY (`type_id`) REFERENCES `type` (`id_type`),
  CONSTRAINT `lancamentos_recorrentes_ibfk_3` FOREIGN KEY (`category_id`) REFERENCES `category` (`id_category`)
) ENGINE=InnoDB DEFAULT CHARSET=utf8mb4 COLLATE=utf8mb4_unicode_ci;
/*!40101 SET character_set_client = @saved_cs_client */;

--
-- Dumping data for table `lancamentos_recorrentes`
--

LOCK TABLES `lancamentos_recorrentes` WRITE;
/*!40000 ALTER TABLE `lancamentos_recorrentes` DISABLE KEYS */;
/*!40000 ALTER TABLE `lancamentos_recorrentes` ENABLE KEYS */;
UNLOCK TABLES;

--
-- Table structure for table `migrations`
--

DROP TABLE IF EXISTS `migrations`;
/*!40101 SET @saved_cs_client     = @@character_set_client */;
/*!50503 SET character_set_client = utf8mb4 */;
CREATE TABLE `migrations` (
  `id` int unsigned NOT NULL AUTO_INCREMENT,
  `migration` varchar(255) CHARACTER SET utf8mb4 COLLATE utf8mb4_unicode_ci NOT NULL,
  `batch` int NOT NULL,
  PRIMARY KEY (`id`)
) ENGINE=InnoDB AUTO_INCREMENT=15 DEFAULT CHARSET=utf8mb4 COLLATE=utf8mb4_unicode_ci;
/*!40101 SET character_set_client = @saved_cs_client */;

--
-- Dumping data for table `migrations`
--

LOCK TABLES `migrations` WRITE;
/*!40000 ALTER TABLE `migrations` DISABLE KEYS */;
INSERT INTO `migrations` VALUES (1,'0001_01_01_000000_create_users_table',1),(2,'0001_01_01_000001_create_cache_table',1),(3,'0001_01_01_000002_create_jobs_table',1),(4,'2025_07_10_125934_add_description_to_cofrinhos_table',2),(5,'2025_07_10_142244_describe_venda_parcelas_table',2),(7,'2025_07_12_135425_add_sort_order_to_categories_table',3),(8,'2025_09_17_140446_add_price_columns_to_produto_componentes_table',3),(9,'2025_10_04_210630_add_email_verified_at_to_users_table',4),(10,'2025_10_16_000000_add_pago_to_sales_status',5),(12,'2025_11_10_000001_create_invoice_category_learning_table',6),(13,'2024_12_16_000001_create_product_category_learning_table',7),(14,'2025_10_16_234034_fix_sales_status_enum',7);
/*!40000 ALTER TABLE `migrations` ENABLE KEYS */;
UNLOCK TABLES;

--
-- Table structure for table `orcamentos`
--

DROP TABLE IF EXISTS `orcamentos`;
/*!40101 SET @saved_cs_client     = @@character_set_client */;
/*!50503 SET character_set_client = utf8mb4 */;
CREATE TABLE `orcamentos` (
  `id` bigint unsigned NOT NULL AUTO_INCREMENT,
  `user_id` bigint unsigned NOT NULL,
  `category_id` int NOT NULL,
  `valor` decimal(10,2) NOT NULL COMMENT 'Valor maximo orcado para o periodo',
  `mes` int NOT NULL COMMENT 'Mes (1-12)',
  `ano` int NOT NULL COMMENT 'Ano (ex: 2025)',
  `created_at` timestamp NULL DEFAULT CURRENT_TIMESTAMP,
  `updated_at` timestamp NULL DEFAULT CURRENT_TIMESTAMP ON UPDATE CURRENT_TIMESTAMP,
  PRIMARY KEY (`id`),
  UNIQUE KEY `usuario_categoria_periodo` (`user_id`,`category_id`,`mes`,`ano`),
  KEY `category_id` (`category_id`),
  CONSTRAINT `orcamentos_ibfk_1` FOREIGN KEY (`user_id`) REFERENCES `users` (`id`) ON DELETE CASCADE,
  CONSTRAINT `orcamentos_ibfk_2` FOREIGN KEY (`category_id`) REFERENCES `category` (`id_category`) ON DELETE CASCADE
) ENGINE=InnoDB DEFAULT CHARSET=utf8mb4 COLLATE=utf8mb4_unicode_ci;
/*!40101 SET character_set_client = @saved_cs_client */;

--
-- Dumping data for table `orcamentos`
--

LOCK TABLES `orcamentos` WRITE;
/*!40000 ALTER TABLE `orcamentos` DISABLE KEYS */;
/*!40000 ALTER TABLE `orcamentos` ENABLE KEYS */;
UNLOCK TABLES;

--
-- Table structure for table `password_reset_tokens`
--

DROP TABLE IF EXISTS `password_reset_tokens`;
/*!40101 SET @saved_cs_client     = @@character_set_client */;
/*!50503 SET character_set_client = utf8mb4 */;
CREATE TABLE `password_reset_tokens` (
  `email` varchar(255) CHARACTER SET utf8mb4 COLLATE utf8mb4_unicode_ci NOT NULL,
  `token` varchar(255) CHARACTER SET utf8mb4 COLLATE utf8mb4_unicode_ci NOT NULL,
  `created_at` timestamp NULL DEFAULT NULL,
  PRIMARY KEY (`email`)
) ENGINE=InnoDB DEFAULT CHARSET=utf8mb4 COLLATE=utf8mb4_unicode_ci;
/*!40101 SET character_set_client = @saved_cs_client */;

--
-- Dumping data for table `password_reset_tokens`
--

LOCK TABLES `password_reset_tokens` WRITE;
/*!40000 ALTER TABLE `password_reset_tokens` DISABLE KEYS */;
/*!40000 ALTER TABLE `password_reset_tokens` ENABLE KEYS */;
UNLOCK TABLES;

--
-- Table structure for table `product_category_learning`
--

DROP TABLE IF EXISTS `product_category_learning`;
/*!40101 SET @saved_cs_client     = @@character_set_client */;
/*!50503 SET character_set_client = utf8mb4 */;
CREATE TABLE `product_category_learning` (
  `id` bigint unsigned NOT NULL AUTO_INCREMENT,
  `user_id` bigint unsigned NOT NULL,
  `product_name_pattern` varchar(255) COLLATE utf8mb4_unicode_ci NOT NULL,
  `product_code` varchar(100) COLLATE utf8mb4_unicode_ci DEFAULT NULL,
  `category_id` int NOT NULL,
  `confidence` int NOT NULL DEFAULT '1',
  `last_used_at` timestamp NULL DEFAULT NULL,
  `created_at` timestamp NULL DEFAULT NULL,
  `updated_at` timestamp NULL DEFAULT NULL,
  PRIMARY KEY (`id`),
  UNIQUE KEY `unique_user_pattern_category` (`user_id`,`product_name_pattern`,`category_id`),
  KEY `product_category_learning_user_id_product_name_pattern_index` (`user_id`,`product_name_pattern`),
  KEY `product_category_learning_user_id_product_code_index` (`user_id`,`product_code`),
  KEY `product_category_learning_user_id_category_id_index` (`user_id`,`category_id`),
  KEY `product_category_learning_last_used_at_index` (`last_used_at`),
  KEY `product_category_learning_category_id_foreign` (`category_id`),
  CONSTRAINT `product_category_learning_category_id_foreign` FOREIGN KEY (`category_id`) REFERENCES `category` (`id_category`) ON DELETE CASCADE,
  CONSTRAINT `product_category_learning_user_id_foreign` FOREIGN KEY (`user_id`) REFERENCES `users` (`id`) ON DELETE CASCADE
) ENGINE=InnoDB DEFAULT CHARSET=utf8mb4 COLLATE=utf8mb4_unicode_ci;
/*!40101 SET character_set_client = @saved_cs_client */;

--
-- Dumping data for table `product_category_learning`
--

LOCK TABLES `product_category_learning` WRITE;
/*!40000 ALTER TABLE `product_category_learning` DISABLE KEYS */;
/*!40000 ALTER TABLE `product_category_learning` ENABLE KEYS */;
UNLOCK TABLES;

--
-- Table structure for table `products`
--

DROP TABLE IF EXISTS `products`;
/*!40101 SET @saved_cs_client     = @@character_set_client */;
/*!50503 SET character_set_client = utf8mb4 */;
CREATE TABLE `products` (
  `id` int NOT NULL AUTO_INCREMENT,
  `name` varchar(255) NOT NULL,
  `description` text,
  `descricao_custos_adicionais` text,
  `price` decimal(10,2) NOT NULL,
  `price_sale` decimal(10,2) NOT NULL,
  `custos_adicionais` decimal(10,2) NOT NULL DEFAULT '0.00' COMMENT 'Custos fixos extras para kits (mao de obra, etc)',
  `stock_quantity` int DEFAULT '0',
  `category_id` int NOT NULL,
  `user_id` bigint unsigned NOT NULL,
  `product_code` varchar(100) NOT NULL,
  `image` varchar(255) DEFAULT NULL,
  `status` enum('ativo','inativo','descontinuado') DEFAULT 'ativo',
  `tipo` enum('simples','kit') NOT NULL DEFAULT 'simples',
  `created_at` timestamp NULL DEFAULT CURRENT_TIMESTAMP,
  `updated_at` timestamp NULL DEFAULT CURRENT_TIMESTAMP ON UPDATE CURRENT_TIMESTAMP,
  PRIMARY KEY (`id`),
  KEY `idx_products_category_id` (`category_id`),
  KEY `idx_products_user_id` (`user_id`),
  CONSTRAINT `products_ibfk_1` FOREIGN KEY (`category_id`) REFERENCES `category` (`id_category`),
  CONSTRAINT `products_ibfk_2` FOREIGN KEY (`user_id`) REFERENCES `users` (`id`)
) ENGINE=InnoDB AUTO_INCREMENT=622 DEFAULT CHARSET=utf8mb4 COLLATE=utf8mb4_0900_ai_ci;
/*!40101 SET character_set_client = @saved_cs_client */;

--
-- Dumping data for table `products`
--

LOCK TABLES `products` WRITE;
/*!40000 ALTER TABLE `products` DISABLE KEYS */;
INSERT INTO `products` VALUES (28,'INSTANCE KARITÉ CREME HIDRATANTE DESODORANTE CORPORAL 400ML','teste',NULL,37.09,52.99,0.00,3,1060,2,'51.074','1qyLv8pOBew56at5XkHZsYIaQgtp8cSSeiJBHgBh.webp','ativo','simples','2025-03-11 02:54:10','2025-11-17 05:26:51'),(29,'SIÀGE SHAMPOO PRO CRONOLOGY 250ML','teste',NULL,33.59,47.99,0.00,0,1,2,'53.094','OZ4GZI5dS8ZbsHXaCrsntkbHYlnpuN5L5fAxLwEU.webp','ativo','simples','2025-03-11 02:54:11','2025-08-08 03:23:54'),(30,'SIÀGE CONDICIONADOR PRO CRONOLOGY 200ML','teste',NULL,34.99,49.99,0.00,0,1,2,'53.095','UgMXvdmt66P6weONx8wuipRm81Az1u3tPRhmAJgw.webp','ativo','simples','2025-03-11 02:54:11','2025-08-08 03:25:32'),(31,'SIÀGE PRO CRONOLOGY LEAVE IN 100ml','teste',NULL,45.49,64.99,0.00,0,1,2,'53.096','O71X1efK9v0bgjGt1VBLmEkDEQI98kbpYUrpoM88.webp','ativo','simples','2025-03-11 02:54:11','2025-08-08 03:27:17'),(32,'SIAGE SHAMPOO NUTRI ROSE 250ml RPCK 2','teste',NULL,33.59,47.99,0.00,0,1,2,'53.435','yvyjmewpc4WKai54G64YH7PlABkg5WSV7r1aUpgm.webp','ativo','simples','2025-03-11 02:54:11','2025-08-08 03:03:56'),(33,'SIAGE CONDICIONADOR NUTRI ROSE 200ml RPCK 2','teste',NULL,34.99,49.99,0.00,0,1,2,'53.436','Q3rTI0CuRRGkat1msI3si30XF8D2rDU9pc4JnqIY.webp','ativo','simples','2025-03-11 02:54:11','2025-08-08 03:08:47'),(34,'SIAGE MASCARA CAPILAR NUTRI ROSE 250g RPCK 2','teste',NULL,48.99,69.99,0.00,0,1,2,'53.437','OtYI8WZEyFFQQSTFdzBx2YnplL6joLbrrgkCKor7.webp','ativo','simples','2025-03-11 02:54:11','2025-08-08 03:10:03'),(35,'SIAGE CONDICIONADOR ACELERA O CRESCIMENTO 200ml RPCK 2','teste',NULL,27.99,49.99,0.00,1,1068,2,'53.501','1KPPprXys4OHhHlIq8T8wzSh43eUOqqFo5WjvJFb.webp','ativo','simples','2025-03-11 02:54:11','2025-11-17 05:33:38'),(36,'FLORATTA FLEUR SUPRÊME EAU DE PARFUM, 75 ml','teste',NULL,169.92,199.90,0.00,0,1,2,'75.877','oKe8dd8RY6J3Dh37lz7iiJFgIa4Cl3QTlB95fmfa.webp','ativo','simples','2025-03-11 02:54:11','2025-11-17 02:13:48'),(37,'SIAGE SHAMP ACEL/CRESC 250ml RPCK','teste',NULL,26.87,47.99,0.00,0,1,2,'92.630','adsh50BVWzw7HnhFbILQvdXJBKtUs7e5h3OfCAiv.webp','ativo','simples','2025-03-11 02:54:11','2025-10-17 02:38:56'),(38,'SIAGE LEAV CAP NUTRI ROSE 100ml','teste',NULL,37.09,52.99,0.00,0,1,2,'93.192','f7ady2tEw9lGvmzHItz6GdWKyx1ciXaVN7n4MlTa.webp','ativo','simples','2025-03-11 02:54:11','2025-08-08 03:10:49'),(39,'FLORATTA MY BLUE BODY SPRAY, 100 ML','',NULL,38.16,44.90,0.00,0,1,2,'48.560','1K8fURY5Kb9c4zBRX6QrC5kyhdTW9FNF5pqoKB5P.webp','ativo','simples','2025-03-11 03:18:18','2025-11-17 02:15:24'),(40,'FLORATTA DES BDY SPR ROSE 100ml V8','',NULL,38.16,44.90,0.00,2,1059,2,'49.025','jSRss15yWirA8GcZzL4yYe1FOCb9rEwnFGYVxoU2.webp','ativo','simples','2025-03-11 03:18:18','2025-11-17 05:38:43'),(41,'CLUB 6 DES COL CASSINO 95ml V2','',NULL,94.43,134.90,0.00,0,1,2,'49.563','mk2CLtdjFZSgT3cBdAhOOugHoHRGoqTrx2Jo22h5.webp','ativo','simples','2025-03-11 03:18:18','2025-10-17 02:18:58'),(42,'EUDORA PULSE BOOST DESODORANTE COLONIA 100ml','',NULL,46.83,66.90,0.00,0,1,2,'54.191','0ma1Ho0kRb0HLckH3wykMz3zBkA60psjSxPXT4ko.webp','ativo','simples','2025-03-11 03:18:18','2025-11-17 02:15:36'),(43,'DEMONSTRADOR VOLPE TRIUMPH DESODORANTE COLÔNIA 4ml','',NULL,1.99,0.00,0.00,1,1,2,'56.232','5R5cqIvx3VTaQlLwzqm0Nthmk2M652kPtPMXucCW.jpg','ativo','simples','2025-03-11 03:18:18','2025-09-19 01:45:45'),(44,'FLORATTA BLUE CREME HIDRATANTE DESODORANTE CORPORAL, 200 ml','',NULL,50.92,59.90,0.00,0,1,2,'72.017','2LHmqYn7BfHmVSrdnAtU5AoRm4EW6WwRMFLQrREm.webp','ativo','simples','2025-03-11 03:18:18','2025-11-17 02:15:47'),(45,'FLORATTA BLUE BODY SPRAY DESODORANTE, 100 ml','',NULL,38.16,44.90,0.00,0,1,2,'74.890','aaUOEXumPVCbMwXKGgDiGtBQtet1JS5PKstSEEzP.webp','ativo','simples','2025-03-11 03:18:18','2025-11-17 02:16:00'),(46,'PRESENTE FLORATTA BLUE','',NULL,131.66,154.90,0.00,0,1,2,'85.526','x3SddN3P0Y2WIEiB5IaCUxTrJYCDxdOAad2PPMi2.webp','ativo','simples','2025-03-11 03:18:18','2025-11-17 02:16:14'),(47,'EGEO DOLCE BODY SPRAY DESODORANTE, 100 ml','',NULL,0.00,44.90,0.00,0,1,2,'74.893','S1I8FiN011xyd6lV1Sj4DL3rC9k4Es9e808vHXJp.webp','ativo','simples','2025-03-11 03:18:18','2025-08-06 02:00:14'),(48,'SIAGE SHAMP HID MICLR 250ml','teste',NULL,23.03,32.90,0.00,0,1,2,'30.199','AJTKhSJ1RUn6SAIF4vAH9LgMZEgAmr7cBlIx7HLZ.webp','ativo','simples','2025-03-11 03:47:18','2025-10-17 02:36:32'),(49,'SIAGE LEAV CAP HIDRATACAO MICELAR 100ml','teste',NULL,27.99,39.99,0.00,1,1,2,'30.207','Tlt5LF4eVVVUUCLo3CqHdkPMSWUYi64xAyFemDps.webp','ativo','simples','2025-03-11 03:47:18','2025-09-19 03:57:52'),(50,'SIAGE COND HIDRATACAO MICELAR 200ml','teste',NULL,24.56,35.09,0.00,0,1,2,'30.302','vr8ZMqjPSXXbZQdJfRJmZnEbKRTHxlSgVqu7wuQF.webp','ativo','simples','2025-03-11 03:47:18','2025-10-17 02:36:42'),(52,'CLUB 6 SHW GEL 4/1 CASS 200ml V2','teste',NULL,23.09,32.99,0.00,0,1,2,'52.905','UkGAcUoedO7H5VsXm1e5qHoXRq8SQGcSuU1Hy68G.webp','ativo','simples','2025-03-11 03:47:18','2025-08-08 03:16:59'),(53,'EGEO DES COL CHOC CCAR 90ml','teste',NULL,88.16,144.90,0.00,0,1,2,'82.689','DnXZMEYUbcLqgF9nDEA1HsDhG1LzuByeYOUQPdPk.webp','ativo','simples','2025-03-11 03:47:18','2025-11-17 02:16:26'),(54,'PRESENTE NATIVA SPA LILAC','teste',NULL,76.42,89.91,0.00,0,1,2,'85.525','hN4XlwhYmZOwJ9hKVb47fgxlikUwbKoIQMAsmFyq.png','','simples','2025-03-11 03:47:18','2025-03-26 05:09:03'),(55,'VOLPE DES COL 100ml','teste',NULL,104.93,149.90,0.00,0,1,2,'92.219','gATX5U3k0YAmAqDDB8KQoS6yfLD3vzmdf201qiRz.webp','ativo','simples','2025-03-11 03:47:18','2025-11-17 02:16:55'),(56,'FLORATTA DES COL ROSE 75ml V2','',NULL,89.93,119.91,0.00,0,1,2,'48.656','AtwYJGjikMQUyafafZQTdpbi9l2E2BfH3JpaUdng.webp','ativo','simples','2025-03-11 03:51:23','2025-11-17 02:17:04'),(57,'INSTANCE FRUTAS VERMELHAS CREME HIDRATANTE DESODORANTE CORPORAL 180ML','',NULL,17.43,24.90,0.00,1,1060,2,'51.094','jJOkNCps9k9OqjeHhJiX3RDMGsG76NbyCNWiiMKo.webp','ativo','simples','2025-03-11 03:51:23','2025-11-17 05:56:52'),(58,'FLORATTA DES COL BDY SPR SLOVE 100ml V2','',NULL,38.16,44.90,0.00,0,1,2,'51.581','FPz3pIezsoBPReuh3UcoighpJemyAfdnRIqLqOUG.webp','ativo','simples','2025-03-11 03:51:23','2025-11-17 02:17:15'),(59,'FLORATTA RED DESODORANTE COLÔNIA, 75 ml','',NULL,87.42,149.90,0.00,0,1,2,'75.792','F8BKeRuyW2tMuyO1RWOJxWMvUjMoPXEkDJcOqjnD.jpg','ativo','simples','2025-03-11 03:51:23','2025-08-08 03:13:20'),(60,'Floratta Desodorante Body Spray Flores Secretas 100Ml','',NULL,38.16,44.90,0.00,0,1,2,'84.057','nJkoKOuAaAZ4MY15tCqRrLYooozhknPZmDsAua2u.webp','ativo','simples','2025-03-11 03:51:23','2025-08-08 03:21:48'),(61,'REF CBEM LOC DES H CPO BOA NOIT V2 350ml','',NULL,0.00,54.90,0.00,1,1,2,'49.879','IPvTXESprClQBP3dJn4xmRxY5BLDvjNikZXsgS5c.jpg','ativo','simples','2025-03-11 03:51:23','2025-10-17 01:51:26'),(62,'SOUL KISS ME GLOSS DOCES FINOS MACARON DE FRAMBOESA 5,2ml','teste',NULL,20.99,29.99,0.00,0,1,2,'58.256','ZgHMRQ7EayfHd4UIKKJYzmhz0GBxLLoUGD0AmwYs.webp','ativo','simples','2025-03-11 03:55:48','2025-11-17 02:17:26'),(63,'INSTANCE AMEIXA E PRALINÉ CREME HIDRATANTE DESODORANTE CORPORAL 400 ML','teste',NULL,33.38,47.69,0.00,0,1,2,'58.839','NgA3DwcxOIDU6rQHtZr68jBQKplAVuy0c0TuZNbe.webp','ativo','simples','2025-03-11 03:55:48','2025-08-08 03:14:38'),(64,'SIAGE MASC CAP ACEL/CRESC 250g RPCK','teste',NULL,48.99,69.99,0.00,1,1,2,'92.632','Yi95UJrDQLPsEbpOSoYpAHXvHiw04aGFB0ZNyBJo.webp','ativo','simples','2025-03-11 03:55:48','2025-10-17 02:30:54'),(65,'EUDORA H DESODORANTE COLONIA READY 100ml VERSÃO 2','teste',NULL,62.93,89.90,0.00,1,1,2,'94.053','tKEPANuS13HbYPsTCu7Luo6K1cgmycISgDJX1MK9.webp','ativo','simples','2025-03-11 03:55:48','2025-11-17 01:50:22'),(66,'EUDORA NEO DERMO HIDRA MINERAL HIDRATANTE FACIAL 30G','',NULL,37.73,53.90,0.00,0,1,2,'52.243','6Da4i6xlFn17MvEM78WwsBiVIXJKJ7DlYBVpIPTp.webp','ativo','simples','2025-03-11 04:08:15','2025-08-08 03:15:55'),(67,'CLUB 6 SHW GEL 4/1 CASS 200ml V2','',NULL,31.49,44.99,0.00,0,1,2,'52.905','kMdWHXHtA6bkktYfv9kJPyE4YWC8AKRDR3zMKGQ0.webp','ativo','simples','2025-03-11 04:08:15','2025-08-08 03:17:09'),(70,'SIÀGE MÁSCARA CAPILAR RESGATE IMEDIATO 250G','',NULL,38.43,54.90,0.00,0,1,2,'55.804','xFLTTHmNRrQZpuEEBIcQCPtdp9wEVpQkyckOlenT.webp','ativo','simples','2025-03-11 04:08:15','2025-11-18 03:12:30'),(71,'SIÁGE LEAVE IN SPRAY RESGATE IMEDIATO 100ML','',NULL,31.43,44.90,0.00,0,1,2,'57.076','sH4kIsdVaPjqHzgSg1ic0kHL1KZos6gMyM6pMjxA.webp','ativo','simples','2025-03-11 04:08:15','2025-11-17 02:17:37'),(72,'MAGNIFIC DESODORANTE SPRAY V2 100ml','',NULL,20.99,29.98,0.00,0,1,2,'57.476','SLW1SDBL4P4BmDOUV3wiuhYRlap1b45ynVDgydj4.webp','ativo','simples','2025-03-11 04:08:15','2025-08-06 03:58:49'),(73,'LYRA DESODORANTE BODY SPRAY V2 100ml','',NULL,27.99,39.99,0.00,1,1,2,'58.639','7zGnBDdLxHPZQEBEVM8y7x3yOwF95NbSDqxI3uEy.webp','ativo','simples','2025-03-11 04:08:15','2025-08-08 03:21:36'),(74,'MALBEC BLACK BODY SPRAY DESODORANTE, 100 ml','',NULL,31.43,44.90,0.00,0,1,2,'78.000','VCqjnZCEg8Gk05WMXtZWKsDrq8F988u533eR14mD.webp','ativo','simples','2025-03-11 04:08:15','2025-08-08 03:17:35'),(75,'GLAMOUR DES BDY SPR SEC BL 100ml V3 PCK','',NULL,38.16,44.90,0.00,1,1,2,'79.998','cKkv4IgvOz7Sdh2GiwydSh3EpJgniU0HjGtKTGe8.webp','ativo','simples','2025-03-11 04:08:15','2025-08-08 03:18:20'),(76,'GLAMOUR DES BDY SPR 100ml V6 PCK','',NULL,38.16,44.90,0.00,0,1,2,'84.228','FzHj9JcvCqz5JkRyZ8peZTJ0SzGdTuctxSdz47yP.webp','ativo','simples','2025-03-11 04:08:15','2025-08-08 03:18:33'),(77,'SIAGE OL CAP BIF NUTRI OL/POD 90ml','',NULL,34.93,49.90,0.00,0,1,2,'93.131','tpAONH0dTzFzR1fr3pHpP2vauhfpC4fsYvHIkGqV.webp','ativo','simples','2025-03-11 04:08:15','2025-08-08 03:19:17'),(78,'CLUB 6 DESODORANTE ANTITRANSPIRANTE AEROSSOL 125 ml (75 g) V2','teste',NULL,25.19,35.99,0.00,0,1,2,'53.431','EMYubvo5tzVBrEVTM4JAHRHA6S7FW62LtWYt77Dn.webp','ativo','simples','2025-03-11 04:20:29','2025-08-08 03:20:53'),(79,'REF ELYSEE CR DES HID ACET CP BLANC 200g','teste',NULL,0.00,94.90,0.00,1,1,2,'52.589','mvulem9g3tkD3TPAA2IA1wAVGwEEXOckZhMqAgrv.webp','ativo','simples','2025-03-11 04:22:32','2025-11-17 01:52:34'),(80,'LIZ SUBLIME DESODORANTE COLÔNIA, 100ml','',NULL,69.62,81.91,0.00,1,1,2,'47.339','9e8GjaGFDNc14FhyBKWOkkdFkoNLw1MLBUjOvW2w.webp','ativo','simples','2025-03-11 04:47:15','2025-11-17 01:54:03'),(81,'QUASAR DES COL VISION 100ml','',NULL,97.66,114.90,0.00,1,1,2,'50.662','OjFVt6kpqgDgtDGsuWMaFZFOpfNGrgMxC5nHixqI.webp','ativo','simples','2025-03-11 04:47:15','2025-11-17 01:55:04'),(82,'VOLPE TRIUMPH DESODORANTE COLÔNIA 100ml','',NULL,123.92,154.90,0.00,0,1,2,'56.231','P3x4cAaQvbLEjkn91ROQXTlSnVMkQGH7kiC1AKZG.webp','ativo','simples','2025-03-11 04:47:15','2025-11-17 02:17:47'),(83,'CLUB 6 DESODORANTE COLONIA 95ml V4','',NULL,87.92,109.90,0.00,1,1,2,'94.091','ILt9JEbuk2WMJeJAfOJjhHu5bNfWtiOyvYGybful.webp','ativo','simples','2025-03-11 04:47:15','2025-11-18 04:22:01'),(84,'MATCH CONDICIONADOR PÓS QUÍMICA, 250ml','',NULL,0.00,49.90,0.00,1,1,2,'82.586','SMNpF6GwaJvTOfaPKbH30mnvkFln2aKAP6WXCcNK.webp','ativo','simples','2025-03-11 04:47:15','2025-11-17 01:59:02'),(85,'EUDORA NEO DERMO HIDRA MINERAL MOUSSE MICELAR 150ML','',NULL,37.43,49.91,0.00,0,1,2,'52.247','NcnzNIX0UimBIFjryjee8GfNLmcJqrp21ivKsglr.webp','ativo','simples','2025-03-11 05:06:41','2025-08-08 03:16:08'),(86,'INSTANCE ALGODÃO E JASMIM CREME HIDRATANTE DESODORANTE CORPORAL 400ML','',NULL,41.24,54.99,0.00,0,1,2,'52.390','cT2a4lZSFU36KTrIzOxaVdlGQE9cQ4ZTT8hZkBZx.webp','ativo','simples','2025-03-11 05:06:41','2025-11-17 02:17:58'),(87,'INSTANCE FRUTAS VERMELHAS GELEIA ESFOLIANTE 180G','',NULL,29.99,39.99,0.00,0,1,2,'52.995','oLGQpF5gbAwY5pkbagC2Da4zGNGr4AV564GmL9Ys.webp','ativo','simples','2025-03-11 05:06:41','2025-11-17 02:18:09'),(88,'INTENSE BAT CREM VERM 310 V2 3,8g','',NULL,20.32,23.90,0.00,0,1,2,'53.341','dY0mxjFsK0ggdCMlkPTU4yna2y1jpTTghjhvO5JO.webp','ativo','simples','2025-03-11 05:06:41','2025-11-17 02:18:20'),(89,'SIÀGE CONDICIONADOR DERMO ANTIQUEDA 280ML','',NULL,48.74,64.99,0.00,0,1,2,'55.474','k8bQgGhiRH3kHcXacQ9523SPqDscMCFeevG1njmC.webp','ativo','simples','2025-03-11 05:06:41','2025-11-18 03:05:48'),(90,'SIÀGE SHAMPOO DERMO ANTIQUEDA 300ML','',NULL,48.74,64.99,0.00,0,1,2,'55.476','h3utbXnVIiG8tOnZlvRdmI9dFP5PdDvB7JDAAU30.webp','ativo','simples','2025-03-11 05:06:41','2025-11-18 03:05:48'),(91,'SIÀGE SHAMPOO RESGATE IMEDIATO 250ML','',NULL,35.99,47.99,0.00,0,1,2,'55.802','6K8TXolJIEdNqd9g0otCv72x0kQW1dyx3RY2kk93.webp','ativo','simples','2025-03-11 05:06:41','2025-10-17 02:53:40'),(92,'SIÀGE CONDICIONADOR RESGATE IMEDIATO 200ML','',NULL,37.49,49.99,0.00,0,1,2,'55.803','VvB3TQCfDUfj8uEufRXhHaiKqDE6xD6dwneLwes1.webp','ativo','simples','2025-03-11 05:06:41','2025-11-18 03:08:45'),(93,'SIÀGE ÁGUA LAMELAR RESGATE IMEDIATO 150ML','',NULL,37.42,49.90,0.00,0,1,2,'55.805','7cvoRc9NqbvuFKYQkHpgzEdSHJuzGFgq6MiMUh6e.webp','ativo','simples','2025-03-11 05:06:41','2025-10-17 02:38:30'),(94,'SIAGE MASC CAP NUTRI OL/POD 250g','',NULL,37.42,49.90,0.00,1,1,2,'93.105','iEMsnIOrbREcaVQ3Y6J0hVNou340BVnJ90yootO8.webp','ativo','simples','2025-03-11 05:06:41','2025-10-17 02:31:16'),(95,'SIAGE ELIX OVER NUTRI OL/POD 150ml','',NULL,25.49,33.99,0.00,1,1,2,'93.106','MxzTdyWF0MIYnymqa1iyJY5W5pWk9MNmJBER62Kt.webp','ativo','simples','2025-03-11 05:06:41','2025-10-17 02:31:33'),(96,'COMBO SIAGE NUTRI OLEOS SHP+CND','teste',NULL,59.94,79.91,0.00,1,1,2,'86.638','dD36f4FePwfWjauY1RrcB6IKvcDhRqkdhld1rvzt.webp','ativo','simples','2025-03-11 05:10:43','2025-10-17 02:33:46'),(98,'FLORATTA MY BLUE DESODORANTE COLÔNIA, 75 ML','',NULL,95.12,111.90,0.00,1,1,2,'1.004','62WZ3higzhoawzsy0UQ2ggCwmky9lK2tq04t2YES.webp','ativo','simples','2025-03-12 03:14:39','2025-11-17 01:59:17'),(99,'COFFEE DES COL WOMAN ADDICTIVE 100ml','',NULL,101.92,119.90,0.00,0,1,2,'56.385','jK7Ap6DtlV5f1H6Sm9OxLBKTrqCz0vxTmSwM2iDy.webp','ativo','simples','2025-03-12 03:14:39','2025-11-17 02:18:33'),(100,'EUDORA GLAM PAETÊ SOMBRA & PRIMER MULTIFUNCIONAL HOLOGRÁFICO 7ML','',NULL,19.92,24.90,0.00,1,1,2,'85.696','qkhWhIMWAR0gIB6IJZDfG8utEshH0rrOEwQxvCun.webp','ativo','simples','2025-03-12 03:14:39','2025-11-17 02:04:24'),(101,'INSTANCE CEREJA E AMÊNDOAS SABONETE BARRA 4x80g','',NULL,18.83,26.90,0.00,2,1,2,'52.381','2Fzz3KBBRT8mjJ1M0nNvTKurDyhQ2ZGLZd0YQD0x.webp','ativo','simples','2025-03-12 03:23:26','2025-11-17 01:59:41'),(102,'INSTANCE CEREJA E AMÊNDOAS CREME HIDRATANTE DESODORANTE CORPORAL 400ML','',NULL,25.83,36.90,0.00,2,1,2,'52.384','Qn9PHoVqIpgmjTg8sIvRT85vDPFQyYgLBNv0A68s.webp','ativo','simples','2025-03-12 03:23:26','2025-11-17 01:59:28'),(103,'DIVA ESPLÊNDIDA LOCAO DESODORANTE HIDRATANTE CORPORAL 200ml','',NULL,20.93,29.90,0.00,1,1,2,'93.542','V09jl2EhSF3SMRukcUdY8FmglfDtxCVarvHNVnze.webp','ativo','simples','2025-03-12 03:23:26','2025-11-17 01:59:51'),(104,'LA PIEL DES COL SPR CPO PERF LT/OR 200ml','',NULL,41.93,59.90,0.00,1,1,2,'93.741','80HYDws0fszUhxBOa8ZgI7nHKgkiohFtHiSCiqb2.webp','ativo','simples','2025-03-12 03:23:26','2025-11-17 02:00:18'),(105,'SOPHIE SAB LIQ CPO DISNEY100 200ml','',NULL,0.00,46.90,0.00,1,1,2,'52.884','p2gDS8vcfuqgJET2ervl0UUoa6sZKxqRdkFz5JK4.webp','ativo','simples','2025-03-12 03:23:26','2025-11-17 02:00:30'),(106,'Kit Eudora Club 6 - Natal 2024 (2 itens)','',NULL,111.93,159.90,0.00,1,1,2,'58.666','iEgu4iL9br87f3bxIozzaSLbZxAGx424fAFTRaCZ.webp','ativo','simples','2025-03-13 03:03:41','2025-10-17 02:21:31'),(107,'Kit Eudora Diva - Natal 2024 (2 itens)','',NULL,97.93,139.90,0.00,0,1,2,'58.667','LNb2pwSEfBW93AHe7Q13LsKOis2Yez2rzNBXv2w8.webp','ativo','simples','2025-03-13 03:03:41','2025-08-06 03:58:49'),(109,'COMBO SH+COND ACELERA O CRESCIMENTO','',NULL,27.40,39.14,0.00,1,1,2,'58.900','WKzBFKSkMdDUgrjbsQjNFv8UZIDVrV1NF80z3PcR.png','ativo','simples','2025-03-13 03:03:41','2025-11-17 02:35:18'),(110,'SIÀGE KIT PRO CRONOLOGY MÁSCARA + 2 POTENCIALIZADORES','',NULL,90.93,129.90,0.00,0,1,2,'55.764','4HGyASZgShChbKi1JJ6krsm6lmZ1TDrub3Y7N2y9.webp','ativo','simples','2025-03-13 03:03:41','2025-08-08 03:27:38'),(111,'COMBO NUTRI OLEOS PODEROSOS SH+COND','',NULL,60.13,85.90,0.00,1,1,2,'58.385','mF8Iu8N43Kw4llEfCBg0vzPqYhbHQKHqEwLLQs5P.png','ativo','simples','2025-03-13 03:03:41','2025-11-17 02:35:36'),(113,'Kit Uomini Natal 2024 2 itens','',NULL,152.92,179.90,0.00,0,1,2,'58.451','0mCzQj1F6eEx12tPm4izhi2EDNXSXVu9xhnRd4pi.webp','ativo','simples','2025-03-13 03:18:56','2025-11-17 02:19:31'),(114,'Kit Cuide-se Bem Boa Noite - Natal 2024 (3 itens)','',NULL,112.96,132.90,0.00,0,1,2,'58.462','qUyr42HsBLpBvI8J36zPQa0hiheYI9abeLxwH7KE.jpg','ativo','simples','2025-03-13 03:19:45','2025-08-08 03:19:38'),(115,'Kit Eudora Niina Secrets Natal 2024 2 itens','',NULL,41.93,59.90,0.00,0,1,2,'58.671','CI1v33CIoJQCPiVe9XtLJE86EtVQ1uf13QwqiAox.webp','ativo','simples','2025-03-13 03:23:21','2025-11-17 02:22:02'),(116,'Kit Eudora Instance Karité - Natal 2024 (2 itens)','',NULL,34.93,49.90,0.00,1,1,2,'58.676','wtWGMxLt0CwXrnsG5fWZxze71kCn6DN5jIDPVN5G.webp','ativo','simples','2025-03-13 03:24:34','2025-11-17 02:02:14'),(117,'EGEO DES COL E.JOY 90ml','',NULL,144.90,79.70,0.00,1,1,2,'54.278','zMs4IdiGbGtOV0EQSxc7MPuqRagK2mwsRdaqoJPK.webp','ativo','simples','2025-03-13 03:26:31','2025-11-17 02:02:25'),(118,'Kit Coffee Man Duo Natal 2024 2 itens','',NULL,149.93,199.90,0.00,0,1,2,'58.482','sUo7jF9emCFUQ9SqNchLzRxD8GtHBhkzmD1FNvMP.webp','ativo','simples','2025-03-13 03:27:39','2025-11-17 02:23:28'),(119,'FLORATTA RED DESODORANTE COLÔNIA, 75 ml','',NULL,127.42,149.90,0.00,0,1,2,'75.792','SbksAHaF691kfy6QJn38pM86VMhPt2A4GF87ZEWe.jpg','ativo','simples','2025-03-13 03:45:34','2025-08-08 03:13:10'),(120,'Kit Floratta Rose Natal 2024 3 itens','',NULL,89.93,119.90,0.00,0,1,2,'58.464','YIJTZuF7QTQTyreqczAQmJSZJnhpNXbA9SoDpd0x.jpg','ativo','simples','2025-03-13 03:54:54','2025-11-17 02:24:06'),(121,'Kit Eudora Kiss Me Cabernet - Natal 2024 (2 itens)','',NULL,69.93,119.98,0.00,0,1,2,'58.670','WLVRcLlB6wGekmrRuc9toImMNCqyxs64bbyqG3QU.webp','ativo','simples','2025-03-13 03:56:17','2025-08-08 03:19:57'),(122,'Kit Eudora Instance Karité Natal 2024 2 itens','',NULL,34.93,54.98,0.00,0,1,2,'58.676','PSUJV0zsfUGtn3E6ahPbMFs1tnc6x6XRNczbc1Uy.webp','ativo','simples','2025-03-13 03:59:03','2025-11-17 02:24:16'),(123,'Combo Eudora Chic - Natal 2024 (2 itens)','',NULL,87.49,161.79,0.00,0,1,2,'85.969','1UNQvmIe8KzZSTQAw3dspPjbLByxZiLXwUGTpm1W.jpg','ativo','simples','2025-03-13 04:00:28','2025-08-08 03:28:42'),(124,'Combo Eudora Baby Natal 2024 2 itens','',NULL,48.93,89.90,0.00,1,1,2,'85.984','UVPv8jyA5KbYxvT2iFO6GPztyTgiysunKOUd3eE4.png','ativo','simples','2025-03-13 04:02:04','2025-11-17 02:38:52'),(125,'Kit Quasar Vision Natal 2024 2 itens','',NULL,135.92,159.90,0.00,0,1,2,'58.453','rs02d0y9ERLwfabamG9SqHxwYaifPcMXVRBAJ39w.webp','ativo','simples','2025-03-13 04:25:48','2025-11-17 02:24:47'),(126,'REF NSPA LOC DES HID CPO ORQ NOIRE 350ml','',NULL,45.82,53.90,0.00,1,1,2,'49.957','QSTh5ZWzDFOGsmYTQuWwMuDMWepSZdPhs6FMZAbn.webp','ativo','simples','2025-03-13 04:44:37','2025-11-17 02:06:13'),(127,'NSPA LOC DES HID CPO ORQ NOIRE 400ml','',NULL,58.56,68.90,0.00,0,1,2,'49.958','JLOkbbqEB25YYhorJMwYFjZlo21aaLTrJv2yi6G5.webp','ativo','simples','2025-03-13 04:44:38','2025-11-17 02:24:37'),(128,'CBEM SAB BARRA ROSAALGODAO V8 2x80g','',NULL,14.36,16.90,0.00,1,1072,2,'51.166','ymUpa5wLIZ0wUwrF3rswlCVyS0fj2z2TCpihr2sR.webp','ativo','simples','2025-03-13 04:44:38','2025-11-17 06:00:49'),(130,'GLAMOUR DES ANTIT AER GOLD GLAM 75g','',NULL,20.85,37.90,0.00,1,1074,2,'84.107','RCZQ2nRN1GOgRaIgTzVAFKyBs6qSEKfzmHZm0eSK.webp','ativo','simples','2025-03-13 04:44:38','2025-11-17 05:58:38'),(138,'SIAGE MASC CAP HIDRATACAO MICELAR 250g','',NULL,50.99,67.99,0.00,1,1069,2,'30.203','xEfrtxyFeeV5eiszfRFhFUcTJM3dYT5n2hqDaHs5.webp','ativo','simples','2025-03-13 05:03:45','2025-11-17 05:47:04'),(139,'FLORATTA DES COL CERFLOR 75ml V4','',NULL,127.42,149.90,0.00,0,1,2,'48.142','klFul8N3bn0xNGOZpvWIIeJK1DDE10MfIsp7dja3.webp','ativo','simples','2025-03-13 05:03:45','2025-11-17 02:24:26'),(140,'CBEM LOC DES HID CPO DELEITE V2 400ml','',NULL,59.42,69.90,0.00,1,1060,2,'49.881','1FUFfvCdxcdZoNzWcX8gkGT3LfBjc4oMKBcT1FC9.webp','ativo','simples','2025-03-13 05:03:45','2025-11-17 05:55:43'),(141,'EUDORA NEO DERMO PURIFIC GEL DE LIMPEZA FACIAL 150 G','',NULL,20.92,27.90,0.00,0,1,2,'52.168','1iKoQ9O8HLSj65bPeSwF69brep8bMaY1nLypFyD3.webp','ativo','simples','2025-03-13 05:03:45','2025-08-08 03:02:32'),(142,'EUDORA NEO DERMO PROTETOR SOLAR SEM COR FPS 70 40G','',NULL,47.92,63.90,0.00,0,1,2,'56.527','gFhs1B6KpdVvrJb0fef8QfhutclMav2a0B4ak3Q3.webp','ativo','simples','2025-03-13 05:03:45','2025-08-08 03:20:15'),(143,'CBEM SRUM CPO UNIF PESSEGUR/DEPIL 30ml','',NULL,24.68,32.90,0.00,1,1,2,'57.044','hAJLHcHnolN1dvhtmmfUBVdFHiay3pg2PgsCcyY4.webp','ativo','simples','2025-03-13 05:03:45','2025-11-17 02:07:04'),(144,'EUDORA GLAM PAETÊ SHINE BATOM CREMOSO VERMELHO 2,5g','',NULL,39.74,52.99,0.00,1,1,2,'59.923','IoMHbJWZwwJqYZ4bwvHak7L4Rx9DFyyGDxg8dvbK.jpg','ativo','simples','2025-03-13 05:03:45','2025-11-17 02:07:19'),(145,'CBEM CR HID CPO DEPIL DOC/PESSEGUR 150ml','',NULL,26.93,35.90,0.00,1,1,2,'85.324','zkZk26VmaSN6aYODz8bgrW6Q07xD7iDTZGQqoaVJ.webp','ativo','simples','2025-03-13 05:03:45','2025-11-17 02:07:34'),(146,'PRESENTE MÃES CHIC RETRÔ (3 itens)','',NULL,89.93,119.90,0.00,1,1,2,'88.149','3qaZWC7INGXIVWFqzetGM3o1OC9y9JF6PxcORjtT.jpg','ativo','simples','2025-03-13 05:06:53','2025-11-17 02:07:48'),(150,'INTENSE LAP OLH PRETO 1,1g V6','',NULL,0.00,44.90,0.00,1,1,2,'75.592','gbVPREhnvxi9CdVT88m9VDMEx30R9LVn2aQosxfd.webp','ativo','simples','2025-03-13 05:13:35','2025-11-17 02:07:58'),(151,'COMBO SIAGE HID. MICELAR ANTIOLEOSIDADE SHP +CND','',NULL,59.93,79.90,0.00,1,1,2,'87.522','h2yHcwfe4jO1w4NaLXICVPv3IntuHhMBfp3I6rE3.webp','ativo','simples','2025-03-13 05:31:56','2025-10-17 02:34:43'),(152,'BOTICA 214 EDP FLOR FRUT VERFIRENZ 75ml','',NULL,152.92,179.90,0.00,0,1,2,'47.553','eNKRtPe4wHJxVDpyUfRZ7pXYe7CVylHfC87cVMz5.webp','ativo','simples','2025-03-13 05:31:56','2025-11-17 02:25:19'),(153,'FLORATTA DES BDY SPR ROSE 100ml V8','',NULL,27.96,32.90,0.00,1,1,2,'49.025','kSsHvHd7NiVpkaooSkGhX6i7d4N7837ligCK7NF4.webp','ativo','simples','2025-03-13 05:31:56','2025-08-08 03:11:25'),(154,'CBEM LOC DES HID CPO DELEITE V2 200ml','',NULL,29.93,39.90,0.00,1,1,2,'49.882','TYu6nR1QrWOdz6xXmDXrfTGDyfE4UvgbvdAFkqgD.webp','ativo','simples','2025-03-13 05:31:56','2025-11-17 02:09:57'),(155,'INSTANCE MARACUJÁ CREME HIDRATANTE DESODORANTE CORPORAL 400ML','',NULL,27.93,39.90,0.00,1,1,2,'51.107','D6miIvmQ6hTBJJvIAAKo8dH1iVovZd845qAKOrVO.webp','ativo','simples','2025-03-13 05:31:56','2025-11-17 02:10:10'),(156,'INTENSE MASC P/CILIO POP PRETO 10g','',NULL,23.72,27.90,0.00,1,1,2,'51.953','FcTISIvbDzds5obDaMk3CpQ9CE8MRi8iO0Ikl66i.webp','ativo','simples','2025-03-13 05:31:56','2025-11-17 02:10:37'),(158,'QDB SAB LIQ CPO 7BELO 200ml','',NULL,21.95,39.90,0.00,1,1,2,'54.647','3Ke5QXbfVAgwrNd3tja8RzAknlkbfVwi97itpZdD.webp','ativo','simples','2025-03-13 05:31:56','2025-11-17 02:10:51'),(159,'MATCH OL CAP NUTR PROF 50ml','',NULL,56.02,65.90,0.00,0,1,2,'82.709','aygCwE6eOTOTIPGWNA36aerNwh2NheAZOb4xJBm7.webp','ativo','simples','2025-03-13 05:31:56','2025-11-17 02:25:30'),(160,'SIAGE MASC CAP RECONS CRONOG 60ml','',NULL,0.00,29.99,0.00,1,1,2,'7.194','3UDgpMot3kMpdidx2hhQ6I4ZE7ciNPb5gYuswpXu.webp','ativo','simples','2025-03-13 05:31:56','2025-10-17 02:34:17'),(162,'REF CBEM LOC DES HID CP DELEITE V2 350ml','',NULL,46.66,54.90,0.00,0,1,2,'49.883','Od9Zy3UQwPfMmQmjc3SBqwOgDqGmrWNTfl2FG72Z.webp','ativo','simples','2025-03-13 05:43:29','2025-11-17 02:25:07'),(163,'CBEM DES COL BDY SPLSH DELEITE V3 200ml','',NULL,72.16,84.90,0.00,0,1,2,'50.881','6wpAybRtoF1JeTJ22sBzlM2utTNrDc4UcGZ2L48G.webp','ativo','simples','2025-03-13 05:43:29','2025-11-17 02:24:57'),(164,'INSTANCE FRUTAS VERMELHAS SABONETE ÍNTIMO 180ML','',NULL,23.92,29.90,0.00,1,1,2,'52.379','CoLyrtibCjvHAKqkYrRJQpw42uJqO4hiwuMiq6QQ.webp','ativo','simples','2025-03-13 05:43:29','2025-11-17 02:11:04'),(165,'CBEM LOC DES HID CPO BISC/BOLACH 400ml','',NULL,41.56,48.90,0.00,1,1,2,'53.099','pVuBaWPcqFxajU5b4tbDS1qp5vfRWOvLLnPnj0QR.webp','ativo','simples','2025-03-13 05:43:29','2025-11-17 02:11:26'),(166,'CBEM SAB LIQ CPO BOB ESPONJA 250ml','',NULL,34.38,52.90,0.00,1,1060,2,'56.447','2cYIAZIgkgc4BTZBoRSemkrpcOwzsQ6irbyW19mM.webp','ativo','simples','2025-03-13 05:43:29','2025-11-17 05:27:39'),(167,'CBEM SAB BARRA BOB ESPONJA 2x100g','',NULL,24.63,37.90,0.00,1,1072,2,'56.448','2jczsYVTqocnR2CPdjELgtuZweOb8sGyTuipxNQ2.jpg','ativo','simples','2025-03-13 05:43:29','2025-11-17 05:28:06'),(168,'BOTI NECESS VERDEDOURADA ALG','',NULL,25.93,39.90,0.00,1,1105,2,'56.583','f3BJCasD4jbF3oX0FvWQmOiVBORenU3f9EPt9AmZ.webp','ativo','simples','2025-03-13 05:43:29','2025-11-17 05:29:47'),(169,'QDB PO SLT TRANS INSTMAT AMARELE V2 10g','',NULL,38.94,64.90,0.00,1,1078,2,'56.808','miWztG98yhMz8jYjLGWw9UKO2bzv4XDvqDYnF1JK.webp','ativo','simples','2025-03-13 05:43:29','2025-11-17 05:30:45'),(170,'INSTANCE AMEIXA E PRALINÉ CREME HIDRATANTE DESODORANTE CORPORAL 400 ML','',NULL,31.92,39.90,0.00,0,1,2,'58.839','48vQxULE5hjnbvqHkTwWfmqIHgkLhxSKHV5lIrXe.webp','ativo','simples','2025-03-13 05:43:29','2025-10-17 02:53:40'),(171,'REFIL INSTANCE AMEIXA E PRALINÉ CREME HIDRATANTE DESODORANTE CORPORAL 350ML','',NULL,23.92,29.90,0.00,2,1,2,'58.840','m2YAnHoaxTSIAVYo95DiDteNzGUnKAWt8UuO0zOU.webp','ativo','simples','2025-03-13 05:43:29','2025-08-08 03:14:08'),(172,'INTENSE LÁPIS BATOM ROSA, 1,2 g','',NULL,18.62,21.90,0.00,1,1078,2,'82.065','k925jF24mX7U6eOL8XubLy7UYNHiTybJ8Cor5FRH.webp','ativo','simples','2025-03-13 05:43:29','2025-11-17 06:24:36'),(186,'COMBO SIAGE RESG. IMEDIATO SHP+CND','',NULL,58.03,82.90,0.00,0,1,2,'86.640','7QDhvUOfB0LGDhs0zADJu8YIOsrwHGhJHGBtrj0k.png','ativo','simples','2025-03-19 03:33:02','2025-11-17 02:39:13'),(189,'Desodorante Antitranspirante Aerossol Club 6 Voyage 125ml75g','',NULL,19.00,25.49,0.00,0,1,2,'47647','t87lQlxBsag9FLUrYOdZxuWKc0NvudSk3GnfvNX7.webp','ativo','simples','2025-04-03 04:12:26','2025-08-08 03:20:35'),(190,'kit florata romance de verão, Com ursinho','',NULL,120.00,179.00,0.00,0,1,2,'11111','WRtiEAiv7HOhZwcNWiLaIcHY1JkpWPlib3mYzOkF.jpg','ativo','simples','2025-04-03 04:56:50','2025-11-17 02:26:54'),(191,'Desodorante Body Spray Glamour 100 ml','',NULL,29.00,47.90,0.00,0,1,2,'84228','EohjoQN9rk0VuONXmZlPoLxUGuA6HdsGFdvuWY4g.webp','ativo','simples','2025-04-03 05:11:30','2025-08-08 03:22:58'),(193,'Creme Hidratante Desodorante Corporal Instance Karité 400ml','',NULL,31.87,69.99,0.00,1,1060,2,'51.074','BookfvOdwHY7EG7jH4519cOQqZEp7iewq1sxZ6m9.webp','ativo','simples','2025-04-03 05:30:59','2025-11-17 05:41:48'),(194,'Creme Hidratante Desodorante Corporal Instance Karité 400ml','',NULL,31.88,69.99,0.00,1,1,2,'51.074','mV9w7N7IGqM4LWzyoP1xYNKDyzppNS0iA6vhbJLO.webp','ativo','simples','2025-04-03 05:34:00','2025-09-19 01:43:45'),(195,'SIAGE SHAMP HAIR/PLAS 250ml','',NULL,35.99,47.99,0.00,1,1,2,'1.641','SgJIRnajagMQcMhTCMSYA7tDgFOIz9naUkCGDnln.webp','ativo','simples','2025-04-19 04:01:22','2025-08-08 03:35:08'),(196,'SIAGE MASC CAP HIALUR HAIR/PLAS 250g','',NULL,52.49,69.99,0.00,1,1,2,'1.644','qkjuHveFmxw1eMfTrK6OiqkdiSNapQ9tcoZrI5Y4.webp','ativo','simples','2025-04-19 04:01:22','2025-08-08 03:35:38'),(197,'GLAMOUR DES COL SCRT BLACK INTENSE 75ml','',NULL,123.16,144.90,0.00,1,1,2,'52.752','dyARMeefwhRLs4xkF9xY2NY9CDvxJlaP3Uy5FLgl.webp','ativo','simples','2025-04-19 04:01:22','2025-09-19 01:44:05'),(198,'SIÀGE BOOSTER PROAGING HAIR- PLASTIA 100ml','',NULL,39.74,52.99,0.00,1,1,2,'54.095','nZo8Vu4qQSsiL2OVHPGvT3A4pksiRpj6oDFz54jq.webp','ativo','simples','2025-04-19 04:01:22','2025-08-08 03:32:10'),(199,'KISS ME DELICIOUS DESODORANTE COLÔNIA 50 ML','',NULL,59.92,79.90,0.00,1,1,2,'56.365','zEA1YFs4VMAhA6jzm7H7IpcmCNQuHdmbsxALgsof.webp','ativo','simples','2025-04-19 04:01:22','2025-09-19 01:44:29'),(200,'ESTOJO LILY EDP MÃES 2025','',NULL,317.82,373.90,0.00,0,1,2,'87.408','wofKAUsvyUf2iLoE5Ihiit1ART09iqSDLiHk8Iu3.webp','ativo','simples','2025-04-19 04:01:22','2025-08-08 03:07:24'),(201,'SIAGE COND HAIR PLASTIA 200ml','',NULL,37.49,49.99,0.00,0,1,2,'93.047','nkb8iQIlxG7tMBIRKlE5D20hNYAOKFqICV5zC1I7.webp','ativo','simples','2025-04-19 04:01:22','2025-08-08 03:38:03'),(203,'Creme Hidratante Desodorante Corporal Instance Rosa Absoluta 400ml','',NULL,28.72,54.99,0.00,0,1,2,'59064','Fzv1JDiAhP14071kij6uY9PhDVC3tzIUS05j7ZlN.webp','ativo','simples','2025-04-20 03:04:17','2025-10-17 02:22:55'),(204,'Spray Perfumado Desodorante Colônia Instance Rosa Absoluta 200ml','',NULL,28.72,48.74,0.00,0,1059,2,'86501','DkxRo1UXWZmIO0mE0p8NhI3WJ2qrrbd7mD2WnTA8.webp','ativo','simples','2025-04-20 03:06:40','2025-11-18 03:23:46'),(205,'Sabonete Vegetal em Barra Instance Rosa Absoluta 80g (4 unidades)','',NULL,28.72,29.99,0.00,0,1,2,'59068','Q0ue1StT2KZWVixE1uruAH6tQ3CaVuMYbFg7xW34.webp','ativo','simples','2025-04-20 03:10:12','2025-10-17 02:12:19'),(233,'Floratta Blue Desodorante Colônia, 75ml','',NULL,127.42,149.90,0.00,1,1,2,'25.458','chCDyiyFC3zh9LtSX932H5YV529ZJp4ZRyh5cu1J.webp','ativo','simples','2025-05-01 16:53:28','2025-11-17 05:50:40'),(234,'FLORATTA DES COL FSECRET 75ml V2','',NULL,101.92,119.91,0.00,0,1,2,'48.136','MK00Cisc9uEWXwrQwCXRxMQh4OwsGtWowEG1aOMb.webp','ativo','simples','2025-05-01 16:53:28','2025-11-17 02:27:21'),(235,'MATCH OL BIF NUTR REGENERADORA 90ml','',NULL,56.02,65.90,0.00,0,1,2,'49.092','M4vPtMgW3lxX3TqkKyGUIL46GzE11kD9YRcstxgp.webp','ativo','simples','2025-05-01 16:53:28','2025-08-08 03:01:44'),(236,'SIAGE SHAMPOO PRO CRONOLOGY CURVAS 250ml','',NULL,32.18,42.90,0.00,0,1,2,'58.307','9fmcWegnPyJEFgJC134UuR2QPtvAw6bWTiEpFyhl.webp','ativo','simples','2025-05-01 16:53:28','2025-08-08 03:23:44'),(237,'SIAGE CONDICIONADOR PRO CRONOLOGY CURVAS 250ml','',NULL,33.68,44.90,0.00,0,1,2,'58.308','pNJkYuyxk5tVEocoDTQudXOc7hH46UgZkPVR4xoZ.webp','ativo','simples','2025-05-01 16:53:28','2025-08-08 03:25:54'),(238,'REFIL INSTANCE CREME HIDRATANTE DESODORANTE CORPORAL ROSA ABSOLUTA 350ml','',NULL,33.74,44.99,0.00,1,1,2,'59.065','qyKlQ6i5fVQppRL80E51qMZPhOjumrKs1iMpo3IF.webp','ativo','simples','2025-05-01 16:53:28','2025-09-19 03:56:22'),(239,'MALBEC BODY SPRAY DESODORANTE, 100 ml','',NULL,32.22,37.90,0.00,1,1,2,'73.364','hYDKcKQ5v5oefqETwDU9qkPr4d8l41SIsJgkfyr5.webp','ativo','simples','2025-05-01 16:53:28','2025-09-19 03:56:59'),(240,'MEN SHW GEL MULTIF NBA 205g','',NULL,38.16,44.90,0.00,1,1067,2,'74.212','UeCsgGqmJdrd5wCgF8WbCjwHJ5b9IrAoKgK6FgxZ.webp','ativo','simples','2025-05-01 16:53:28','2025-11-17 05:41:08'),(241,'BOTICOLLECTION PORTINARI DESODORANTE BODY SPRAY, 100 ml','',NULL,40.72,47.90,0.00,0,1,2,'82.474','aqyTfGEdynT4FhrjnucENpe9wEp2jo2jhb7jYy8i.webp','ativo','simples','2025-05-01 16:53:28','2025-08-08 03:21:22'),(242,'EUDORA KISS ME BATOM BALA MATTE CHERRY VERMELHO VICIANTE 3,7g','',NULL,20.18,26.90,0.00,1,1,2,'85.412','Ffx70yS0pFLX9XrkpSLZv2PO8OtD0TKzaj1YNzF6.webp','ativo','simples','2025-05-01 16:53:28','2025-10-17 02:55:13'),(243,'ESTOJO LILY CUIDADOS MÃES 2025','',NULL,158.86,186.90,0.00,0,1,2,'87.418','IoDma8mQ3pmXtnxu3bauPYn9H3jNaxK8QHg4rdCc.webp','ativo','simples','2025-05-01 16:53:28','2025-11-17 02:27:09'),(244,'EUDORA NEO DERMO PURIFIC SABONETE EM BARRA 80G','',NULL,0.00,34.99,0.00,0,1,2,'52.171','htIwWOR6I8NHB36S1AsnPEfDNqblDKh0IPWItDus.webp','ativo','simples','2025-05-01 16:53:28','2025-08-08 03:02:43'),(245,'MATCH ACIDIFICANTE 100ml','',NULL,57.72,67.90,0.00,1,1,2,'49.379','7wrh7g8hegc0CmOZ0CQLSAhyK1AHR2Xa4x20IrEE.webp','ativo','simples','2025-05-13 20:21:40','2025-11-18 03:59:09'),(246,'INSTANCE AMEIXA E PRALINÉ SPRAY CORPORAL PERFUMADO DESODORANTE COLÔNIA 200ML','',NULL,52.49,69.99,0.00,0,1,2,'52.253','07qyTYYxcj46bttj06lWQJpvHDYKE59KCLwxVMNt.webp','ativo','simples','2025-05-13 20:21:40','2025-08-08 03:14:49'),(247,'PULSE DES COL POWER 100ml','',NULL,59.92,79.90,0.00,1,1,2,'58.056','hDRgigFZPx6V4edVwqAGV7pLZRGSDSvThDW8vhHS.webp','ativo','simples','2025-05-13 20:21:40','2025-10-17 01:41:41'),(248,'INSTANCE AMEIXA E PRALINÉ SABONETE VEGETAL EM BARRA PERFUMADO 4x80g','',NULL,22.49,29.99,0.00,1,1,2,'58.841','djlmwLGQC1pa4rp2NMoFPpyypKGlnMCTRh6jt3L1.webp','ativo','simples','2025-05-13 20:21:40','2025-08-08 03:14:18'),(249,'EGEO DOLCE BODY SPRAY DESODORANTE, 100 ml','',NULL,27.96,32.90,0.00,0,1,2,'74.893','rt4Rbly2iPIAwv3DF4pXPwjYgUdPYGtLMjV8rMz6.webp','ativo','simples','2025-05-13 20:21:40','2025-08-06 03:58:49'),(250,'ESTJ NSPA CEREJA ROUGE AMOR25','',NULL,65.37,84.90,0.00,0,1,2,'85.493','eNJQogeKdvGHiABVZMtEWA2Gx5RsveOo4xIgLaGA.webp','ativo','simples','2025-05-13 20:21:40','2025-11-17 02:27:52'),(251,'INSTANCE DC SPR CP PERF MORIRRES 200ml','',NULL,48.68,64.90,0.00,0,1,2,'86.106','YYGe6AZmS3rdSLKLelXuE72ag0hoa9ejwGRIlMXu.webp','ativo','simples','2025-05-13 20:21:40','2025-11-17 02:27:42'),(252,'INSTANCE SAB BARR MORAN/IRRES 4x80g','',NULL,20.24,26.99,0.00,1,1,2,'87.108','aQNZHfXKkEOefG7Qh5O13pyq7dPCeak7xwxNjT3y.webp','ativo','simples','2025-05-13 20:21:40','2025-10-17 01:42:40'),(253,'ESTOJO LIZ SUBLIME MÃES 2025','',NULL,140.16,164.90,0.00,0,1,2,'87.420','Rj2Q28rYiu2AYPeKg7lORm3atbam8AhyAAQixKst.webp','ativo','simples','2025-05-13 20:21:40','2025-11-17 02:27:32'),(254,'UOMINI DES BDY SPR INFINITE 100ml','',NULL,0.00,47.90,0.00,0,1,2,'80.888','jMOUcQF1VGfm8q64f1yldVxPZpIkGpYdHI3nSaqo.webp','ativo','simples','2025-05-13 20:21:40','2025-11-17 02:28:04'),(255,'Uomini Infinite Desodorante Colônia 100ml','',NULL,112.00,189.90,0.00,0,1,2,'50418','y7pTnON6LaWGJAMx0Pp3nRnVhmFJYV2IKDX6JuEV.webp','ativo','simples','2025-05-13 20:26:54','2025-11-17 02:28:14'),(256,'kit Siage SH+COND a+MASC dia das maes','',NULL,120.00,175.00,0.00,0,1036,2,'11112','mQ4DBYSBVcstAO1kKOUe8YrmsMUWA7bikpSfuet3.jpg','ativo','simples','2025-05-13 21:59:52','2025-10-17 02:38:11'),(257,'kit banheira+creme','',NULL,85.00,135.00,0.00,0,1036,2,'11113','K3sx1uAdfAupxkYSZMDU1POP6Lu3M8gGwyFMFa8T.jpg','ativo','simples','2025-05-13 22:03:32','2025-11-17 02:28:29'),(258,'kit banheira+sab+creme','',NULL,75.00,135.00,0.00,2,1036,2,'11114','kRBqI7bPl0cFu6XzCo2vODdEj9Djw0FEqlBQg20T.jpg','ativo','simples','2025-05-13 22:05:37','2025-08-06 01:54:56'),(259,'kit instance sabores','',NULL,50.00,70.00,0.00,0,1036,2,'11115','vq4soHcXVjWuCQ2gktLzl6fvdtxJP45URsNhnOAT.jpg','ativo','simples','2025-05-13 22:26:24','2025-11-17 02:28:50'),(260,'FLORATTA DES COL ROMANCVERAO 75ml','',NULL,95.12,111.90,0.00,0,1,2,'55.659','w5P09rtFkrmDakUa25YtOff5defWZxD8sqrr3gkF.jpg','ativo','simples','2025-05-18 19:49:17','2025-11-17 02:29:35'),(306,'ESTJ NSPA SORTIDO PRESENTEAVEL','',NULL,33.92,39.90,0.00,4,1,2,'52.792','piQC0DbJlnRhB9z8AZ2S47DzK641ZJoYoEmK9Bjm.jpg','ativo','simples','2025-05-18 20:26:21','2025-10-17 01:42:58'),(307,'Kit Eudora Niina Secrets - Natal 2024 (2 itens)','',NULL,41.99,55.99,0.00,1,1,2,'58.671','pvpMFF782PhWty1DaPHv1HMzoX8OH5aJ7DV6f2KY.webp','ativo','simples','2025-05-18 20:26:21','2025-10-17 01:43:33'),(308,'FLORATTA DES COL RED BLOSSOM 75ml','',NULL,89.94,119.91,0.00,2,1,2,'49.973','4mDNXHszhy35aPXLTHxpLMZ1pXmrcIyxlctoA0Ut.jpg','ativo','simples','2025-05-18 20:41:36','2025-10-17 01:43:49'),(309,'INSTANCE FRUTAS VERMELHAS SPRAY CORPORAL PERFUMADO 200ML','',NULL,48.99,69.99,0.00,0,1,2,'51.082','69eC2UI7s6lfK5elfMI7ryZU74JqPZBzP2obHGwZ.webp','ativo','simples','2025-05-18 20:41:36','2025-11-17 02:29:24'),(310,'INSTANCE MARACUJÁ SPRAY CORPORAL PERFUMADO 200ML','',NULL,35.92,44.90,0.00,0,1,2,'51.086','ll70Qe1AUcpfibRQJmQm3CjKhll2FHHKZaQEudHM.webp','ativo','simples','2025-05-18 20:41:36','2025-11-17 02:29:11'),(311,'IMENSI LOÇÃO DESODORANTE HIDRATANTE CORPORAL ALIVE 200ml V2','',NULL,23.12,28.90,0.00,1,1,2,'53.141','jPIQhZwCaFJ6c5btMZLamLLVHpw9QrLmu3kz1Hqz.webp','ativo','simples','2025-05-18 20:41:36','2025-10-17 01:44:21'),(312,'SIAGE SHAMPOO RECONSTROI OS FIOS 250ml RPCK 2','',NULL,27.12,33.90,0.00,0,1,2,'53.519','FGIvyNNZsopEfqf0prp2o2MiGA9J1kWJ3rR5GkuJ.webp','ativo','simples','2025-05-18 20:41:36','2025-10-17 02:37:36'),(313,'SIAGE CONDICIONADOR RECONSTROI OS FIOS 200ml RPCK 2','',NULL,27.92,34.90,0.00,0,1,2,'53.520','Xk80D0W8R0A86RID6dzv2Oy4RxunnNksSBSwEYfk.webp','ativo','simples','2025-05-18 20:41:36','2025-08-08 03:26:09'),(314,'SIAGE AMPOLA CAPILAR QUERATINA LIQUIDA RECONSTROI OS FIOS 60ml RPCK 2','',NULL,27.92,34.90,0.00,0,1,2,'53.524','CkyXJDAIPQhdEiyghnfDKvRWYJ9Ify9j2lX5DliH.webp','ativo','simples','2025-05-18 20:41:36','2025-10-17 02:37:26'),(315,'CLUB 6 INTENSO DESODORANTE COLÔNIA, 95ML V2','',NULL,79.91,99.89,0.00,0,1,2,'55.196','ONyHRbdV5U4mzTVtIDNZEguTElxleSPgAttxlcXf.webp','ativo','simples','2025-05-18 20:41:36','2025-10-17 02:22:11'),(316,'INSTANCE SPRAY PERFUMADO DESODORANTE COLONIA AMEIXA E PRALINE VERSAO 2 200m','',NULL,34.93,49.90,0.00,0,1,2,'58.025','jxpqUNq3NvE9MKKDd9nwBCj0AVr1zC094Luv5fQf.webp','ativo','simples','2025-05-18 20:41:36','2025-11-18 03:23:46'),(317,'PRESENTE EUDORA H NAMORADOS 25','',NULL,99.93,124.91,0.00,0,1,2,'84.671','sDRXlSbKf1ni40t38X10IKph76LeYRDaAJzgpNPd.webp','ativo','simples','2025-05-18 20:41:36','2025-11-17 02:29:00'),(318,'INSTANCE DESODORANTE COLONIA BODY SPLASH ROSA ABSOLUTA 200ml','',NULL,43.99,54.99,0.00,0,1,2,'86.501','SfkBkGiKvcHlgqjGvJxfjOe3V43eU6cQ8ny8TeGv.webp','ativo','simples','2025-05-18 20:41:36','2025-11-17 02:30:26'),(319,'EUD DES COL VELV CRIST 100ml','',NULL,67.92,84.90,0.00,0,1,2,'94.059','8pWELNNxwJpdBP8cekD6bxfrsdYaBpyb96ZOkQQX.webp','ativo','simples','2025-05-18 20:41:36','2025-11-17 02:30:36'),(320,'CBEM SAB BARRA ROSA/ALGODAO 4x80g','',NULL,0.00,34.90,0.00,1,1,2,'51.165','5bOitbT0THSJScNo682QLvOwqHIEQaJzF0y5xCSi.webp','ativo','simples','2025-05-18 20:41:36','2025-10-17 01:45:15'),(328,'SIAGE SHAMP HAIR/PLAS 250ml','',NULL,28.42,37.90,0.00,0,1,2,'1.641','xYpExKE5PL1EFVxBGEi8X11oKExXTLfcXGHF11HL.webp','ativo','simples','2025-05-18 21:13:02','2025-08-08 03:38:03'),(329,'CHIC DES COL RETRO 95ml V2','',NULL,56.18,74.90,0.00,0,1,2,'49.803','NO1NMZ99AMeVdKrdNMvl2yvelhG2gGxqkecieswr.webp','ativo','simples','2025-05-18 21:13:03','2025-10-17 02:55:31'),(330,'FLORATTA DES COL RED BLOSSOM 75ml','',NULL,101.92,119.91,0.00,0,1,2,'49.973','RT1DO6doJUtS9JTVpAyVo6idfx0c51uEsaIWV3eG.jpg','ativo','simples','2025-05-18 21:13:03','2025-10-17 02:53:40'),(331,'INSTANCE MARACUJÁ SPRAY CORPORAL PERFUMADO 200ML','',NULL,33.68,44.90,0.00,1,1,2,'51.086','TXsdWyghq3U5g263gMYFfpvXsVtw3O9iu38iXT2q.webp','ativo','simples','2025-05-18 21:13:03','2025-11-18 03:23:46'),(332,'EUDORA PULSE ACTION DESODORANTE COLONIA 100ml','',NULL,44.92,59.90,0.00,1,1,2,'51.834','AaM6ZzbRa5WMfwvBrBE9njdSoNsa1iEf0iz0ClFD.webp','ativo','simples','2025-05-18 21:13:03','2025-10-17 01:46:21'),(333,'EUDORA NEO DERMO HIDRA MINERAL MOUSSE MICELAR 150ML','',NULL,26.18,34.90,0.00,2,1,2,'52.247','j8dLOpTCBRcBP8QKVXsaqOd6RSPQYacbGnfz0xSV.webp','ativo','simples','2025-05-18 21:13:03','2025-08-08 03:15:36'),(334,'NIINA SCRT DES COL BLOOM 100ml','',NULL,89.92,119.90,0.00,0,1,2,'52.318','9ewA0f3aRPrY66SwvuM8XEcBK8RYRbQDMPMNvHl8.webp','ativo','simples','2025-05-18 21:13:03','2025-11-18 02:47:46'),(335,'EUDORA PULSE ACTION BALM POS BARBA 75G','',NULL,22.42,29.90,0.00,1,1,2,'53.013','aXu9m89RpsCtrX40FT3bPvd8RYjLDgaxDbzRBoic.webp','ativo','simples','2025-05-18 21:13:03','2025-10-17 01:47:06'),(336,'SIAGE SHAMPOO RECONSTROI OS FIOS 250ml RPCK 2','',NULL,25.42,33.90,0.00,0,1,2,'53.519','ZDaw4nyfEkJ304J6OkhCGgzRip0u47vL6S9R8JuK.webp','ativo','simples','2025-05-18 21:13:03','2025-10-17 01:56:32'),(337,'SIAGE CONDICIONADOR RECONSTROI OS FIOS 200ml RPCK 2','',NULL,26.18,34.90,0.00,0,1,2,'53.520','5mEsyQPSeMfNQZBNdpZQ2oATELfHtGzozULNIWGf.webp','ativo','simples','2025-05-18 21:13:03','2025-10-17 01:56:32'),(338,'SIAGE CC CREAM RECONSTROI OS FIOS 100ml RPCK 2','',NULL,29.92,39.90,0.00,0,1,2,'53.522','ekzCsxIPudsXcHN5m1dt3Z1JkW1H1fymUnNqE37q.webp','ativo','simples','2025-05-18 21:13:03','2025-10-17 02:37:15'),(339,'SIAGE AMPOLA CAPILAR QUERATINA LIQUIDA RECONSTROI OS FIOS 60ml RPCK 2','',NULL,26.18,34.90,0.00,1,1,2,'53.524','NrKZxhd1wZzimmmSUpWHW1AIKsl1MhZCBWb5V8jt.webp','ativo','simples','2025-05-18 21:13:03','2025-10-17 01:47:54'),(340,'Kit Nativa SPA Ameixa Dourada - Natal 2024 (3 itens)','',NULL,89.24,115.90,0.00,1,1,2,'58.463','GLtaYbZKaPSiWmFt6Rh76L7HvQLyoDJbfzcRpos0.jpg','ativo','simples','2025-05-18 21:13:03','2025-10-17 01:49:02'),(341,'Kit Eudora Bad Intention Natal 2024 2 itens','',NULL,86.93,115.91,0.00,0,1,2,'58.665','ZfMmJ8rR0ID6Zhl2i7J6U3i8RoXncEWIZhylDTW1.webp','ativo','simples','2025-05-18 21:13:03','2025-11-17 02:30:47'),(342,'INSTANCE AMEIXA E PRALINÉ CREME HIDRATANTE DESODORANTE CORPORAL 400 ML','',NULL,29.92,39.90,0.00,2,1,2,'58.839','GgMYOuYxdqzrCQthaRzIHvMn8v4O4dd020I97YUG.webp','ativo','simples','2025-05-18 21:13:03','2025-08-08 03:14:28'),(444,'EUDORA NEO DERMO PURIFIC GEL DE LIMPEZA FACIAL 150 G','',NULL,29.92,39.90,0.00,0,1,2,'52.168','ncWoJrclPVctoUBEzaQDqTIfhRXiPQ3qiHsGTjRZ.webp','ativo','simples','2025-06-19 03:00:16','2025-08-08 03:03:01'),(445,'BOLD INTENTION DESODORANTE COLÔNIA 100ml','',NULL,108.68,144.90,0.00,1,1,2,'58.933','C84funuupO3TGqwUG980oQALwfmnILZl1Lj6LRZF.jpg','ativo','simples','2025-06-19 03:00:16','2025-10-17 01:49:19'),(446,'ELYSEE CREM DES HID CPO ACET V2 250g','',NULL,118.92,139.90,0.00,1,1,2,'85.796','mGrq7otKdwMu8KlhX3OUYDACgRIYkbu3H9jOWbbr.jpg','ativo','simples','2025-06-19 03:00:16','2025-10-17 01:49:34'),(447,'REF ELYSEE CR DES HID ACET CPO V2 200g','',NULL,67.92,79.90,0.00,1,1,2,'85.797','gaPyNn2D5pn3TJiaNMvtdyrhVDpd1YuMBEEjpw9L.jpg','ativo','simples','2025-06-19 03:00:16','2025-11-21 18:51:46'),(448,'MEN DES COL NBA 100ml','',NULL,152.92,179.90,0.00,1,1,2,'55.648','lvuLDklOxA0ytD9jQVyiV6vjEoJ1EHBB5zE1KHZC.webp','ativo','simples','2025-06-19 03:34:25','2025-10-17 01:50:43'),(449,'Kit Eudora Bad Intention - Natal 2024 (2 itens)','',NULL,109.42,145.89,0.00,1,1,2,'58.665','7cSZdsz9TwxCGy4TnS5iOHocxsd3E7uvE8hinDRi.webp','ativo','simples','2025-06-19 03:34:25','2025-10-17 01:51:00'),(450,'GLAMOUR DES ANTIT AER SEC BL 75g V6','',NULL,32.22,37.90,0.00,1,1,2,'84.225','CquSunJJCBTFJtaoIE63754Q6ZAL6RJTYkglKsla.webp','ativo','simples','2025-06-19 03:34:25','2025-10-17 01:52:09'),(451,'MALBEC DES COL MAGNETIC V3 100ml','',NULL,203.92,239.90,0.00,0,1,2,'84.390','J4xA6yc09L5JpCCEz5EJkFNd8wHtXfEo8Wv71NFu.webp','ativo','simples','2025-06-19 03:34:25','2025-11-17 02:31:32'),(452,'CLUB 6 DESODORANTE COLONIA 95ml V4','',NULL,80.94,107.92,0.00,1,1,2,'94.091','zM2U7S7ZqRPzZs4Ufi496jgog1Zps8ZtE3hCeh0s.webp','ativo','simples','2025-06-19 03:34:25','2025-10-17 01:52:31'),(453,'CBEM SAB BARRA BOA NOITE V2 2x80g','',NULL,0.00,21.90,0.00,1,1,2,'51.124','IeLwmzwV5wIFn6S64Z5lZvX1lZKsSLzo9U2OtWqi.webp','ativo','simples','2025-06-19 03:34:25','2025-11-17 01:44:39'),(454,'Combo Nutri Acid Shp+Cnd+Msc','',NULL,92.88,142.90,0.00,0,1036,2,'89.150','Yw9L89QA13DvIUzjO23DjbXh2pxiUZY1bauHENUZ.jpg','ativo','simples','2025-06-19 03:42:27','2025-08-08 03:39:37'),(455,'FLORATTA RED DESODORANTE COLÔNIA, 75 ml','fghfgh',NULL,25.19,159.90,0.00,8,1042,1,'53.431','s1VH6eRyT32nydmDAp8dublD8vOvFqx4RpUsGkMT.webp','ativo','simples','2025-06-19 15:24:14','2025-09-19 17:51:55'),(456,'marco',NULL,NULL,189.00,1234.00,0.00,0,1,1,'KIT-6854019AAD5AB',NULL,'ativo','kit','2025-06-19 15:24:58','2025-06-19 15:24:58'),(457,'FLORATTA RED DESODORANTE COLÔNIA, 75 ml','qwe',NULL,25.90,1600.01,0.00,4,1042,1,'53.431','I63aM37gqo5nRpxHlXyCKY7GD6WLqi69sY5cs86f.webp','ativo','simples','2025-06-19 15:44:13','2025-09-18 02:15:35'),(458,'marco a','1eqwe',NULL,20.00,190.00,0.00,2,1042,1,'44444','CnbAEe6thEt6vDzofpdZgg85CnHuAKDn4EFea2ny.webp','ativo','simples','2025-06-19 15:45:57','2025-09-19 17:35:48'),(459,'rgdf','asd',NULL,11.11,22.22,0.00,1,1044,1,'53.4315','BufeRCxWxX6Px4iUnBrRu8ml14P7JaUd2Gwt4T75.webp','ativo','simples','2025-06-19 15:58:48','2025-09-19 17:35:48'),(460,'MEN DES COL NBA 100ml',NULL,NULL,152.92,179.90,0.00,0,1,1,'55.648','product_6854273d2eeca.webp','ativo','simples','2025-06-19 18:05:33','2025-06-19 19:08:13'),(461,'Kit Eudora Bad Intention - Natal 2024 (2 itens)',NULL,NULL,109.42,145.89,0.00,0,1,1,'58.665','product_6854273d3b256.webp','ativo','simples','2025-06-19 18:05:33','2025-06-19 19:08:13'),(462,'GLAMOUR DES ANTIT AER SEC BL 75g V6',NULL,NULL,32.22,37.90,0.00,0,1,1,'84.225','product_6854273d4005a.webp','ativo','simples','2025-06-19 18:05:33','2025-06-19 19:07:44'),(463,'MALBEC DES COL MAGNETIC V3 100ml',NULL,NULL,203.92,239.90,0.00,0,1,1,'84.390','product_6854273d428ad.webp','ativo','simples','2025-06-19 18:05:33','2025-06-19 19:07:44'),(464,'CLUB 6 DESODORANTE COLONIA 95ml V4',NULL,NULL,80.94,107.92,0.00,0,1,1,'94.091','product_6854273d44a49.webp','ativo','simples','2025-06-19 18:05:33','2025-06-19 19:08:13'),(465,'marco','FGHF',NULL,318700.00,1599000.00,0.00,0,1042,1,'4444','YXegrI0lbHSyYCFpqxpSLCpujH4ca0EX6rKSwcuk.webp','ativo','simples','2025-07-02 04:40:25','2025-07-23 16:20:54'),(466,'33','333',NULL,44.44,333.33,0.00,0,1042,1,'22222','v0ljFZYd52Zh041oCPxHTNJWX5XU9o9AtYucREMl.webp','ativo','simples','2025-07-02 05:41:45','2025-07-04 18:17:20'),(467,'marco','',NULL,111.93,44.90,0.00,0,1042,1,'44444434','baVuxtzdimylgB9uC6jY3XSNLjZqdldxa8ZZo8Oo.webp','ativo','simples','2025-07-02 15:52:21','2025-09-18 15:48:01'),(468,'text9','qwe',NULL,22.22,1111.11,0.00,0,1042,1,'51.07222','o6F7UaHMj8ZpFMnYeNnDKw5qHtrdeWE1M8xk7qOM.webp','ativo','simples','2025-07-02 15:56:46','2025-09-18 02:15:35'),(469,'dfdf','rews',NULL,111.93,129.90,0.00,2,1042,1,'4333434','hT4PHX1RrBJE9ALIegGIoA0Mw1Bx3Q0Q4hsfbkiO.webp','ativo','simples','2025-07-02 15:58:47','2025-09-18 16:02:09'),(470,'INSTANCE KARITÉ CREME HIDRATANTE DESODORANTE CORPORAL 400ML','',NULL,37.09,52.99,0.00,2,1,1,'51.074','product-placeholder.png','ativo','simples','2025-07-03 02:16:09','2025-09-18 02:15:35'),(471,'SIÀGE SHAMPOO PRO CRONOLOGY 250ML','',NULL,33.59,47.99,0.00,0,1,1,'53.094','product-placeholder.png','ativo','simples','2025-07-03 02:16:09','2025-07-04 18:38:34'),(472,'SIÀGE CONDICIONADOR PRO CRONOLOGY 200ML','',NULL,34.99,49.99,0.00,0,1,1,'53.095','product-placeholder.png','ativo','simples','2025-07-03 02:16:09','2025-07-03 05:58:40'),(473,'SIÀGE PRO CRONOLOGY LEAVE IN 100ml','',NULL,45.49,64.99,0.00,0,1,1,'53.096','txTulOuVTZkYP7ERTzsUnoYIsrxgVzpcCMXPpYLm.webp','ativo','simples','2025-07-03 02:16:09','2025-07-23 16:20:28'),(474,'SIAGE SHAMPOO NUTRI ROSE 250ml RPCK 2','',NULL,33.59,47.99,0.00,0,1,1,'53.435','product-placeholder.png','ativo','simples','2025-07-03 02:16:09','2025-09-18 02:15:35'),(475,'SIAGE CONDICIONADOR NUTRI ROSE 200ml RPCK 2','',NULL,34.99,49.99,0.00,0,1,1,'53.436','product-placeholder.png','ativo','simples','2025-07-03 02:16:09','2025-08-06 03:56:55'),(476,'SIAGE MASCARA CAPILAR NUTRI ROSE 250g RPCK 2','',NULL,48.99,69.99,0.00,0,1,1,'53.437','product-placeholder.png','ativo','simples','2025-07-03 02:16:09','2025-07-04 18:38:34'),(477,'SIAGE CONDICIONADOR ACELERA O CRESCIMENTO 200ml RPCK 2','',NULL,27.99,49.99,0.00,0,1,1,'53.501','product-placeholder.png','ativo','simples','2025-07-03 02:16:09','2025-07-04 18:38:34'),(478,'SIÀGE KIT PRO CRONOLOGY MÁSCARA + 2 POTENCIALIZADORES','',NULL,90.93,129.90,0.00,0,1,1,'55.764','product-placeholder.png','ativo','simples','2025-07-03 02:16:09','2025-09-18 02:15:35'),(479,'COMBO NUTRI OLEOS PODEROSOS SH+COND','',NULL,60.13,85.90,0.00,0,1,1,'58.385','product-placeholder.png','ativo','simples','2025-07-03 02:16:09','2025-09-18 02:15:35'),(480,'FLORATTA FLEUR SUPRÊME EAU DE PARFUM, 75 ml','',NULL,169.92,199.90,0.00,0,1,1,'75.877','product-placeholder.png','ativo','simples','2025-07-03 02:16:09','2025-07-03 18:07:15'),(481,'SIAGE SHAMP ACEL/CRESC 250ml RPCK','',NULL,26.87,47.99,0.00,1,1,1,'92.630','product-placeholder.png','ativo','simples','2025-07-03 02:16:09','2025-07-10 14:53:41'),(482,'SIAGE LEAV CAP NUTRI ROSE 100ml','',NULL,37.09,52.99,0.00,1,1,1,'93.192','1pKlNDY4G7wrvOjmlOHLRk2oA3BfxKMvZk41mvbN.webp','ativo','simples','2025-07-03 02:16:09','2025-09-16 18:50:12'),(483,'CATALOGO OUI EDIC 05/2024 CICLO 15 A 17','',NULL,0.00,0.00,0.00,1,1,1,'58.559','product-placeholder.png','ativo','simples','2025-07-03 02:16:09','2025-07-03 02:16:09'),(484,'CATALOGO O BOTICARIO SSP CICLO 15/24','',NULL,0.00,0.00,0.00,1,1,1,'59.917','product-placeholder.png','ativo','simples','2025-07-03 02:16:09','2025-07-03 02:16:09'),(485,'FLORATTA MY BLUE BODY SPRAY, 100 ML','',NULL,38.16,44.90,0.00,2,1,1,'48.560','product_6865be99260f3.webp','ativo','simples','2025-07-03 02:19:53','2025-07-03 02:19:53'),(486,'FLORATTA DES BDY SPR ROSE 100ml V8','',NULL,38.16,44.90,0.00,1,1,1,'49.025','product_6865be993191a.webp','ativo','simples','2025-07-03 02:19:53','2025-07-03 02:19:53'),(487,'CLUB 6 DES COL CASSINO 95ml V2','',NULL,94.43,134.90,0.00,0,1,1,'49.563','PAdV40pwndl0d75bYzDZQfEYjbHA4gqhFppbiDYS.webp','ativo','simples','2025-07-03 02:19:53','2025-07-23 16:19:15'),(488,'EUDORA PULSE BOOST DESODORANTE COLONIA 100ml','',NULL,46.83,66.90,0.00,1,1,1,'54.191','product_6865be9938cb4.webp','ativo','simples','2025-07-03 02:19:53','2025-07-03 02:19:53'),(489,'DEMONSTRADOR VOLPE TRIUMPH DESODORANTE COLÔNIA 4ml','',NULL,1.99,0.00,0.00,1,1,1,'56.232','product_6865be993bcfc.webp','ativo','simples','2025-07-03 02:19:53','2025-07-03 02:19:53'),(490,'Kit Uomini - Natal 2024 (2 itens)','',NULL,152.92,179.90,0.00,1,1042,1,'58.451','gN9nBrByxJNy84sFUTSguns8Hxs0tNBNuNE8ZblB.webp','ativo','simples','2025-07-03 02:19:53','2025-09-19 03:44:30'),(491,'Kit Cuide-se Bem Boa Noite - Natal 2024 (3 itens)','',NULL,112.96,132.90,0.00,1,1,1,'58.462','product_6865be9940273.jpeg','ativo','simples','2025-07-03 02:19:53','2025-07-03 02:19:53'),(492,'Kit Eudora Club 6 - Natal 2024 (2 itens)','',NULL,111.93,159.90,0.00,1,1,1,'58.666','product_6865be99421d4.webp','ativo','simples','2025-07-03 02:19:53','2025-07-03 02:19:53'),(493,'Kit Eudora Diva - Natal 2024 (2 itens)','',NULL,97.93,139.90,0.00,0,1,1,'58.667','f3DXccLqFznM0nvDTtAV1JD82qiNxrERPs7u66YS.webp','ativo','simples','2025-07-03 02:19:53','2025-07-23 16:18:27'),(494,'COMBO SH+COND +MASC REGENERAÇÃO PÓS QUIMICA','',NULL,40.80,58.29,0.00,0,1,1,'58.897','NxwW6ginKwBVgKHz5pHcJbYEev38SLlOYEBQN39W.webp','ativo','simples','2025-07-03 02:19:53','2025-07-23 16:18:04'),(495,'COMBO SH+COND ACELERA O CRESCIMENTO','',NULL,27.40,39.14,0.00,0,1,1,'58.900','TOUbLa4qxbbciM6a9mlJizExe2H5qJVRPIqKglGH.webp','ativo','simples','2025-07-03 02:19:53','2025-07-23 16:17:46'),(496,'FLORATTA BLUE CREME HIDRATANTE DESODORANTE CORPORAL, 200 ml','',NULL,50.92,59.90,0.00,0,1,1,'72.017','HN9jma2xUQGwNdZtXIEvfQIY1IB1zefaovdwT2qv.webp','ativo','simples','2025-07-03 02:19:53','2025-07-23 16:17:27'),(497,'FLORATTA BLUE BODY SPRAY DESODORANTE, 100 ml','',NULL,38.16,44.90,0.00,0,1,1,'74.890','ggolNeZqxR9oBtkUcaKqyNScZbc9zFxeyOjgkjt5.webp','ativo','simples','2025-07-03 02:19:53','2025-07-23 16:16:06'),(498,'PRESENTE FLORATTA BLUE','',NULL,131.66,154.90,0.00,0,1,1,'85.526','R4ySagcOvfgs6MHMHpbuAREfAqDAo9z5ajUSWQBr.webp','ativo','simples','2025-07-03 02:19:53','2025-07-23 15:34:35'),(499,'EGEO DOLCE BODY SPRAY DESODORANTE, 100 ml','',NULL,0.00,44.90,0.00,0,1,1,'74.893','XzLKQc1kc06Rk4XdqKmPWQ5s4n8TtKCF14bKZ1mi.webp','ativo','simples','2025-07-03 02:19:53','2025-07-23 16:08:37'),(500,'CATALOGO O BOTICARIO SSP CICLO 01/25','',NULL,0.00,0.00,0.00,0,1,1,'86.569','VEFAEF0CUWV6hjT9p82xRypOuJNdumj2ryQIdaMa.webp','ativo','simples','2025-07-03 02:19:53','2025-07-23 16:20:08'),(501,'CBEM LOC DES HID CPO DELEITE V2 400ml','',NULL,61.96,72.90,0.00,3,1,1,'49.881','product_686868656d46e.jpeg','ativo','simples','2025-07-05 02:48:53','2025-07-05 02:52:41'),(502,'CLUB 6 DES BDY SPR 100ml','',NULL,23.61,31.48,0.00,15,1,1,'50.014','product_68686865891c3.webp','ativo','simples','2025-07-05 02:48:53','2025-07-05 02:52:41'),(503,'CBEM DES COL BDY SPLSH DELEITE V3 200ml','',NULL,76.42,89.90,0.00,3,1,1,'50.881','fVOKtrvQDW0krOQM5sN9nF4KEqhrIzOX9EfpIPQ8.webp','ativo','simples','2025-07-05 02:48:53','2025-07-23 16:15:17'),(504,'CLASH DES BDY SPR 100ml','',NULL,40.72,47.90,0.00,3,1,1,'50.956','product_6868686593779.webp','ativo','simples','2025-07-05 02:48:53','2025-07-05 02:52:41'),(505,'SIAGE CONDICIONADOR ACELERA O CRESCIMENTO 200ml RPCK 2','',NULL,37.49,49.99,0.00,3,1,1,'53.501','product_686868659760e.webp','ativo','simples','2025-07-05 02:48:53','2025-07-05 02:52:41'),(506,'SIAGE SHAMPOO ACELERA O CRESCIMENTO 250ml RPCK 2','',NULL,35.99,47.99,0.00,3,1,1,'53.502','product_686868659a372.webp','ativo','simples','2025-07-05 02:48:53','2025-07-05 02:52:41'),(507,'IMPRESSION DES BDY SPR 100ml','',NULL,25.19,33.58,0.00,5,1,1,'56.459','product_686868659d6a8.webp','ativo','simples','2025-07-05 02:48:53','2025-07-05 02:48:53'),(508,'EUD NECESS MASCULINA PES','',NULL,25.42,33.90,0.00,3,1,1,'57.642','product_68686865a204d.webp','ativo','simples','2025-07-05 02:48:53','2025-07-05 02:52:41'),(509,'Cuide-Se Bem Body Splash Rosa e Algodão, 200ml','',NULL,76.42,89.90,0.00,3,1,1,'70.708','product_68686865a8871.webp','ativo','simples','2025-07-05 02:48:53','2025-07-05 02:52:41'),(510,'ESTJ QUASAR VISION PAIS/25','',NULL,144.42,169.90,0.00,3,1,1,'85.575','product_68686865aa6e7.webp','ativo','simples','2025-07-05 02:48:53','2025-07-05 02:52:41'),(511,'COMBO NUTRI ACID SHP+CND+MSC','',NULL,107.18,142.90,0.00,3,1,1,'89.150','product_68686865ae227.webp','ativo','simples','2025-07-05 02:48:53','2025-07-05 02:52:41'),(512,'EUDORA GLAM CASE BATOM AMULIPS DOURADO SOFISTICADO','',NULL,0.00,22.00,0.00,3,1,1,'56.642','product_68686865b1888.webp','ativo','simples','2025-07-05 02:48:53','2025-07-05 02:52:41'),(513,'CJ FLAC EUD EDP NOIR 3x1ml','',NULL,0.00,0.00,0.00,3,1,1,'86.905','product_68686865b4930.webp','ativo','simples','2025-07-05 02:48:53','2025-07-05 02:52:41'),(514,'GUIA EUDORA CICLO 11 2025 PRM','',NULL,0.00,0.00,0.00,3,1,1,'89.228','product_68686865b787e.jpeg','ativo','simples','2025-07-05 02:48:53','2025-07-05 02:52:41'),(515,'CATALOGO O BOTICARIO SSP CICLO 11/25','',NULL,0.00,0.00,0.00,3,1,1,'89.992','product_68686865bc234.webp','ativo','simples','2025-07-05 02:48:53','2025-07-05 02:52:41'),(516,'IMPRESSION DES BDY SPR 100ml','',NULL,25.19,33.58,0.00,5,1,1,'56.459','product-placeholder.png','ativo','simples','2025-07-05 02:51:11','2025-07-05 02:51:11'),(517,'IMPRESSION DES BDY SPR 100ml','',NULL,25.19,33.58,0.00,5,1,1,'56.459','product-placeholder.png','ativo','simples','2025-07-05 02:52:41','2025-07-05 02:52:41'),(518,'CBEM LOC DES HID CPO DELEITE V2 400ml','',NULL,61.96,72.90,0.00,0,1,2,'49.881','n6L9qEyk2edCuF6qC3lvO8FQIxQQ7lfjqgWVSnzp.webp','ativo','simples','2025-07-05 03:10:38','2025-11-17 02:31:23'),(519,'CLUB 6 DES BDY SPR 100ml','',NULL,23.61,31.48,0.00,3,1,2,'50.014','NGD23Z8kaddzpsZCf5xLh7MVCGpuzZxED674huKi.webp','ativo','simples','2025-07-05 03:10:38','2025-10-17 04:32:40'),(520,'CBEM DES COL BDY SPLSH DELEITE V3 200ml','',NULL,76.42,89.90,0.00,0,1,2,'50.881','KGwKZNQdZrg68JZC1af0UaueWiwzCcLryU8F6jPw.webp','ativo','simples','2025-07-05 03:10:38','2025-11-17 02:31:12'),(521,'CLASH DES BDY SPR 100ml','',NULL,40.72,47.90,0.00,1,1,2,'50.956','bslTkhneIwtXNcH4cn39CHWmbCWzbAE2qKce4vHw.webp','ativo','simples','2025-07-05 03:10:38','2025-11-17 01:45:07'),(522,'SIAGE CONDICIONADOR ACELERA O CRESCIMENTO 200ml RPCK 2','',NULL,37.49,49.99,0.00,1,1,2,'53.501','JLwfEy8o1t78o0hEYZGWIxdXlK5BBREMG4dHwTgi.webp','ativo','simples','2025-07-05 03:10:38','2025-08-08 03:25:19'),(523,'SIAGE SHAMPOO ACELERA O CRESCIMENTO 250ml RPCK 2','',NULL,35.99,47.99,0.00,1,1,2,'53.502','TgSNv778RlwD31n62nj2pOdFEyHFLkpKm6IyYmqh.webp','ativo','simples','2025-07-05 03:10:38','2025-10-17 02:36:13'),(524,'IMPRESSION DES BDY SPR 100ml','',NULL,25.19,33.58,0.00,3,1,2,'56.459','oBeEigpYm1EJindguMhweZTV0yvUhcRNGyFiL9XP.webp','ativo','simples','2025-07-05 03:10:38','2025-11-18 02:58:51'),(525,'EUD NECESS MASCULINA PES','',NULL,25.42,33.90,0.00,1,1,2,'57.642','QWd0iezes3jujKlYcS3rwlSaZSv95bPAgEIdkown.jpg','ativo','simples','2025-07-05 03:10:38','2025-11-17 01:45:34'),(526,'Cuide-Se Bem Body Splash Rosa e Algodão, 200ml','',NULL,76.42,89.90,0.00,1,1,2,'70.708','GFzSmPrYiKNPIdGaCPbLhkMpYi32ogJ74Z41DK74.webp','ativo','simples','2025-07-05 03:10:38','2025-11-18 04:32:43'),(527,'ESTJ QUASAR VISION PAIS/25','',NULL,144.42,169.90,0.00,0,1,2,'85.575','hfgzKGBwDNSI1Yz88rTiCz00cWxj1ogFyF1qGQqG.webp','ativo','simples','2025-07-05 03:10:38','2025-08-06 03:58:49'),(528,'COMBO NUTRI ACID SHP+CND+MSC','',NULL,107.18,142.90,0.00,1,1,2,'89.150','zdsTWlL5diigiCPclyYTzvW3NfEcVblzaon9Yux6.jpg','ativo','simples','2025-07-05 03:10:38','2025-08-08 03:38:54'),(529,'EUDORA GLAM CASE BATOM AMULIPS DOURADO SOFISTICADO','',NULL,0.00,22.00,0.00,1,1,2,'56.642','Y4byWG8SZLKhI5HZC2iKHmpjLSWU9aYy7DpcvpgN.webp','ativo','simples','2025-07-05 03:10:38','2025-11-17 01:47:15'),(530,'INSTANCE DES ANTIT ROLL FR/VERM 55ml','',NULL,16.49,21.99,0.00,1,1,2,'47.601','xTjpunVOCyLFBh6Gmzq4sOVMY7AIg4jw31TKHi4k.webp','ativo','simples','2025-07-15 01:26:43','2025-11-17 01:46:50'),(531,'COFFEE DES COL WOMAN SEDUC 100ml V5','',NULL,169.92,199.90,0.00,1,1,2,'48.139','vStqXxoYG4oc5moDR9lvaKyv90FZI8FHyqKJgExc.webp','ativo','simples','2025-07-15 01:26:43','2025-11-17 01:47:29'),(532,'MALBEC SHAMP P/BARBA CLUB V2 100ml','',NULL,32.22,37.90,0.00,1,1,2,'50.216','ITMyqQotZm5eOU4e8tqag75XZdNaOdv1Lf33y2Xc.webp','ativo','simples','2025-07-15 01:26:43','2025-10-17 02:20:42'),(533,'CLUB 6 INTENSO  ANTITRANSPIRANTE DESODORANTE AEROSOL, 125ml (75g)','',NULL,24.53,35.99,0.00,3,1,2,'51.304','WobOb15CMDaoP9T0VF12nQfKySF6qMymXa9QDD7p.webp','ativo','simples','2025-07-15 01:26:43','2025-10-17 02:18:24'),(534,'COFFEE DES COL MAN ADDICTIVE 100ml','',NULL,169.92,199.90,0.00,1,1,2,'56.402','Jh2GFLnMrO5r1RWwRD488RS6i8oInf1DLvS94kQ5.webp','ativo','simples','2025-07-15 01:26:43','2025-11-17 01:47:53'),(535,'MALBEC SHAMP P/BARBA CUIDADOS V3 100ml','',NULL,32.22,37.90,0.00,1,1,2,'59.028','1DqmOyPlY4Yz1vFgJIfGRrIgAzCooysWuxPPowzW.webp','ativo','simples','2025-07-15 01:26:43','2025-11-17 01:50:04'),(536,'MALBEC DES COL GOLD V3 100ml','',NULL,203.92,239.90,0.00,0,1,2,'84.391','cLucS9335inwGSmLbtxPxrlxMNnZAsRT4fIL0SeU.webp','ativo','simples','2025-07-15 01:26:43','2025-11-17 02:30:59'),(537,'SOUL BATOM LÍQUIDO  TURBO SEMI MATTE VERMELHO TURBINADO 5ml','',NULL,0.00,34.99,0.00,1,1,2,'58.333','GwLMouJqsRz9XBaVNtsYXN3pacfw1d741ZgYvrg9.webp','ativo','simples','2025-07-15 01:26:43','2025-11-17 01:49:50'),(538,'ana bb','uyu',NULL,33.37,40.00,0.00,7,1042,1,'51084','1KW9m4z1F5KZsKU6uZaaOArgiDCu53f1d45Qoy9x.jpg','ativo','simples','2025-09-16 18:13:20','2025-09-16 18:13:20'),(539,'text9','',NULL,51.09,1.85,0.00,0,1042,1,'4444-V2','tk1daSjHB7Q6W9DPrnP3tDfqFZecrfIsHo8CfsBy.webp','ativo','kit','2025-09-17 17:02:45','2025-09-17 17:02:45'),(540,'FLORATTA RED DESODORANTE COLÔNIA, 75 ml','',NULL,51.09,1.85,0.00,0,1042,1,'58.67655','uVzhMfh8ruazb9pz6YdPm7gVYMedmDdR7mEfWusT.webp','ativo','kit','2025-09-17 17:07:20','2025-09-17 17:07:20'),(541,'text9','','',51.09,1847.91,0.00,0,1042,1,'53.431-V2','gJOU61bZVTzeG1lYpk6ycqackubw7EWREv2AZx2g.webp','ativo','kit','2025-09-17 17:17:23','2025-09-17 18:09:50'),(542,'FLORATTA RED DESODORANTE COLÔNIA, 75 ml','','',126.09,2105.16,55.00,0,1042,1,'44234234','IuDS3RNlVR8H456goZPxJfndkDIJuThWSer7N8i4.webp','ativo','kit','2025-09-17 17:24:55','2025-09-17 18:09:06'),(543,'ESTJ NSPA AMEIXA REG/22','',NULL,83.93,119.90,0.00,0,1,2,'40.268','product_68f1701e82f57.jpeg','ativo','simples','2025-10-17 01:22:22','2025-10-17 01:57:50'),(544,'INSTANCE KARITÉ CREME HIDRATANTE DESODORANTE CORPORAL 400ML','',NULL,41.24,54.99,0.00,1,1,2,'51.074','product_68f1701e86f8d.webp','ativo','simples','2025-10-17 01:22:22','2025-10-17 01:22:22'),(545,'VOLPE TRIUMPH DESODORANTE COLÔNIA 100ml','',NULL,78.67,104.89,0.00,0,1,2,'56.231','product_68f1701e8926c.webp','ativo','simples','2025-10-17 01:22:22','2025-11-18 03:08:45'),(546,'LA VICTORIE INTENSE BODY SPRAY DESODORANTE, 100 ml','',NULL,31.49,41.99,0.00,0,1,2,'58.640','product_68f1701e8b3e3.webp','ativo','simples','2025-10-17 01:22:22','2025-11-18 02:56:14'),(547,'NSPA LOC NUTR DES CPO UVA MERLOT 400ml','',NULL,73.86,86.90,0.00,0,1,2,'58.978','product_68f1701e8d4da.webp','ativo','simples','2025-10-17 01:22:22','2025-11-18 03:05:48'),(548,'INSTANCE CREME HIDRATANTE DESODORANTE CORPORAL ROSA ABSOLUTA 400ml','',NULL,41.24,54.99,0.00,1,1,2,'59.064','product_68f1701e8f3f3.webp','ativo','simples','2025-10-17 01:22:22','2025-10-17 01:22:22'),(549,'EUDORA GLAM SKIN PERFECTION BASE LÍQUIDA COR 20 30ml','',NULL,73.49,97.99,0.00,1,1,2,'92.301','product_68f1701e9141f.webp','ativo','simples','2025-10-17 01:22:22','2025-10-17 01:22:22'),(550,'SIÀGE MÁSCARA CAPILAR RESGATE IMEDIATO 250G','',NULL,44.92,59.90,0.00,0,1,2,'55.804','product_68f172f06f25e.webp','ativo','simples','2025-10-17 01:34:24','2025-10-17 02:53:40'),(551,'SIÀGE ÁGUA LAMELAR RESGATE IMEDIATO 150ML','',NULL,44.92,59.90,0.00,1,1,2,'55.805','product_68f172f079925.webp','ativo','simples','2025-10-17 01:34:24','2025-10-17 01:34:24'),(552,'SIÁGE LEAVE IN SPRAY RESGATE IMEDIATO 100ML','',NULL,37.42,49.90,0.00,0,1,2,'57.076','product_68f172f07bc5f.webp','ativo','simples','2025-10-17 01:34:24','2025-10-17 02:53:40'),(553,'SIAGE FIN CAP NUTRI AC/COMPLEX 100ml','',NULL,50.99,67.99,0.00,1,1,2,'58.122','product_68f172f07ebf5.webp','ativo','simples','2025-10-17 01:34:24','2025-10-17 01:34:24'),(554,'Kit Presente Malbec','',NULL,229.42,269.90,0.00,1,1,2,'84.115','product_68f172f081ac1.webp','ativo','simples','2025-10-17 01:34:24','2025-10-17 01:34:24'),(555,'MALBEC DES ANTIT AER X 125ml','',NULL,0.00,37.90,0.00,1,1,2,'53.074','product_68f172f084207.webp','ativo','simples','2025-10-17 01:34:24','2025-10-17 01:34:24'),(556,'SOUL BAT LIQ EF NAT T/MOOD VERM H 5,5ml','',NULL,0.00,29.99,0.00,1,1,2,'93.901','product_68f172f08a1ac.webp','ativo','simples','2025-10-17 01:34:24','2025-10-17 01:34:24'),(557,'INTENTION FOR MAN DES COL STRONG 100ml','',NULL,89.94,119.92,0.00,1,1,2,'49.063','product_68f1748a392e7.webp','ativo','simples','2025-10-17 01:41:14','2025-11-20 23:03:41'),(558,'SIAGE MASCARA CAPILAR RECONSTROI OS FIOS 250g RPCK 2','',NULL,52.49,69.99,0.00,0,1,2,'53.521','product_68f1748a3cedc.webp','ativo','simples','2025-10-17 01:41:14','2025-10-17 01:56:32'),(559,'SIAGE SHAMPOO PRO CRONOLOGY CURVAS 250ml','',NULL,35.99,47.99,0.00,0,1,2,'58.307','product_68f1748a3ed57.webp','ativo','simples','2025-10-17 01:41:14','2025-10-17 04:10:29'),(560,'SIAGE CONDICIONADOR PRO CRONOLOGY CURVAS 250ml','',NULL,37.49,49.99,0.00,0,1,2,'58.308','product_68f1748a4364a.webp','ativo','simples','2025-10-17 01:41:14','2025-10-17 04:39:32'),(561,'SIAGE CPP DEFINIÇÃO PRO CRONOLOGY CURVAS 300ml','',NULL,37.49,49.99,0.00,0,1,2,'58.310','product_68f1748a4546a.webp','ativo','simples','2025-10-17 01:41:14','2025-10-17 04:32:40'),(562,'COMBO SH+COND DERMO ANTIQUEDA','',NULL,123.68,116.18,0.00,1,1,2,'86.003','product_68f1748a473f8.png','ativo','simples','2025-10-17 01:41:14','2025-10-17 01:41:14'),(563,'KIT SIAGE HAIR PLASTIA MINI','',NULL,48.68,64.90,0.00,1,1,2,'86.893','product_68f1748a4a2de.webp','ativo','simples','2025-10-17 01:41:14','2025-10-17 01:41:14'),(564,'SIAGE OL CAP BIF NUTRI OL/POD 90ml','',NULL,56.24,74.99,0.00,0,1,2,'93.131','product_68f1748a4cda1.webp','ativo','simples','2025-10-17 01:41:14','2025-10-17 04:32:40'),(565,'combo cronology curvas volume | shampoo + condicionador + creme p/ pentear','',NULL,87.67,77.40,0.00,1,1063,2,'88405','RmKYjFzPM9FcbXTxCgdL0iIMfSGEI73IMFHyumYh.png','ativo','simples','2025-10-17 03:02:40','2025-10-17 03:02:40'),(566,' SIAGE SHAMPOO PRO CRONOLOGY CURVAS 250ml','',NULL,35.99,47.99,0.00,0,1063,2,'58307','F5MSCexDbjskKtgqcsqc9DCipQ7eUOxZVniAiiZ8.webp','ativo','simples','2025-10-17 04:36:06','2025-10-17 04:39:32'),(567,'MA CHERIE DES COL 100ml V6','',NULL,118.92,139.90,0.00,0,1,2,'5.009','product_691a2e90f3244.jpeg','ativo','simples','2025-11-16 23:05:37','2025-11-18 02:54:12'),(568,'CLUB 6 DES BDY SPR 100ml','',NULL,31.49,41.99,0.00,1,1,2,'50.014','product_691a2e91033dd.webp','ativo','simples','2025-11-16 23:05:37','2025-11-18 04:32:43'),(569,'EUDORA NEO DERMO HIDRA MINERAL HIDRATANTE FACIAL 30G','',NULL,74.99,99.99,0.00,0,1,2,'52.243','product_691a2e91052c5.webp','ativo','simples','2025-11-16 23:05:37','2025-11-18 02:55:04'),(570,'SIÁGE LEAVE IN SPRAY RESGATE IMEDIATO 100ML','',NULL,33.68,44.90,0.00,1,1,2,'57.076','product_691a2e9106e5e.webp','ativo','simples','2025-11-16 23:05:37','2025-11-18 02:47:46'),(571,'EGEO DES COL CHOC C/CAR 90ml','',NULL,131.66,154.90,0.00,0,1,2,'82.689','product_691a2e9108b70.webp','ativo','simples','2025-11-16 23:05:37','2025-11-18 02:54:12'),(572,'SIAGE OL CAP RECONSTROI/FIOS 60ml','',NULL,53.92,71.90,0.00,0,1,2,'85.995','product_691a2e910ab1c.webp','ativo','simples','2025-11-16 23:05:37','2025-11-18 03:05:48'),(573,'FLORATTA DES COL ROSE BOUQUET 75ml','',NULL,90.92,129.90,0.00,2,1,2,'48.296','product_691a3bda864a3.jpeg','ativo','simples','2025-11-17 00:02:18','2025-11-18 03:01:58'),(574,'VOLPE DES BDY SPR 100ml','',NULL,31.49,41.99,0.00,1,1,2,'50.012','product_691a3bda8aa9b.webp','ativo','simples','2025-11-17 00:02:18','2025-11-17 00:02:18'),(575,'DIVA DES BDY SPR ESPLENDIDA 100ml','',NULL,31.49,41.99,0.00,1,1,2,'56.458','product_691a3bda8ce0f.webp','ativo','simples','2025-11-17 00:02:18','2025-11-17 00:02:18'),(576,'EUDORA DESODORANTE BODY SPRAY V2 100ml','',NULL,31.49,41.99,0.00,1,1,2,'58.633','FEs8TZCR3enkkCUOTiyKEXVbIJz2s0hx6gNSZ8Zf.webp','ativo','simples','2025-11-17 00:02:18','2025-11-18 04:33:51'),(577,'LYRA DESODORANTE BODY SPRAY V2 100ml','',NULL,31.49,41.99,0.00,0,1,2,'58.639','product_691a3bda90cef.webp','ativo','simples','2025-11-17 00:02:18','2025-11-18 04:32:43'),(578,'IMENSI DESODORANTE BODY SPRAY V2 100ml','',NULL,31.49,41.99,0.00,1,1,2,'58.641','product_691a3bda92e26.jpeg','ativo','simples','2025-11-17 00:02:18','2025-11-17 00:02:18'),(579,'NSPA CR PERF DES CPO ORQ/LUMIER 400ml','',NULL,46.72,59.90,0.00,1,1,2,'59.823','product_691a3bda994e9.webp','ativo','simples','2025-11-17 00:02:18','2025-11-18 03:21:00'),(580,'PRESENTE EUDORA H NAMORADOS 25','',NULL,80.57,111.91,0.00,1,1,2,'84.671','product_691a3bda9bcca.webp','ativo','simples','2025-11-17 00:02:18','2025-11-17 00:02:18'),(581,'Kit Presente Instance Karité (3 itens)','',NULL,79.12,109.90,0.00,1,1,2,'84.672','product_691a3bda9e08f.webp','ativo','simples','2025-11-17 00:02:18','2025-11-17 00:02:18'),(582,'EUDORA GLAM SKIN PERFECTION BASE LÍQUIDA COR 55 30ml','',NULL,73.49,97.99,0.00,1,1,2,'92.308','product_691a3bda9ffce.webp','ativo','simples','2025-11-17 00:02:18','2025-11-17 00:02:18'),(583,'REF NSPA LOC DES HID CPO AMEI/NEG 350ml','',NULL,0.00,67.90,0.00,1,1,2,'59.516','product_691a3bdaa23b4.webp','ativo','simples','2025-11-17 00:02:18','2025-11-17 00:02:18'),(584,'ESTJ ZAAD REG/22','',NULL,126.45,229.90,0.00,2,1,2,'40.121','product_691a52dbae0f7.webp','ativo','simples','2025-11-17 01:40:27','2025-11-17 01:40:27'),(585,'FLORATTA DES COL BLUE V2 75ml','',NULL,90.90,159.90,0.00,2,1,2,'48.310','product_691a52dbb2990.jpeg','ativo','simples','2025-11-17 01:40:27','2025-11-17 01:40:27'),(586,'SIAGE CONDICIONADOR ACELERA O CRESCIMENTO 200ml RPCK 2','',NULL,29.92,39.90,0.00,2,1068,2,'53.501','product_691a52dbb502b.webp','ativo','simples','2025-11-17 01:40:27','2025-11-17 01:40:27'),(587,'SIAGE SHAMPOO ACELERA O CRESCIMENTO 250ml RPCK 2','',NULL,29.18,38.90,0.00,2,1067,2,'53.502','product_691a52dbb7820.webp','ativo','simples','2025-11-17 01:40:27','2025-11-17 01:40:27'),(588,'SIAGE LEAVE IN CAPILAR SELANTE FINALIZADOR LISO INTENSO 100ml RPCK 2','',NULL,29.92,39.90,0.00,1,1070,2,'53.503','product_691a52dbb9e04.jpeg','ativo','simples','2025-11-17 01:40:27','2025-11-17 01:40:27'),(589,'SIAGE SHAMPOO LISO INTENSO 250ml RPCK 2','',NULL,26.92,35.90,0.00,1,1067,2,'53.504','product_691a52dbbbfc4.jpeg','ativo','simples','2025-11-17 01:40:27','2025-11-17 01:40:27'),(590,'SIAGE CONDICIONADOR LISO INTENSO 200ml RPCK 2','',NULL,29.18,38.90,0.00,1,1068,2,'53.505','product_691a52dbbeb00.jpeg','ativo','simples','2025-11-17 01:40:27','2025-11-17 01:40:27'),(591,'SIAGE MASCARA CAPILAR ACELERA O CRESCIMENTO 250g RPCK 2','',NULL,39.68,52.90,0.00,2,1069,2,'53.506','product_691a52dbc0905.jpeg','ativo','simples','2025-11-17 01:40:27','2025-11-17 01:40:27'),(592,'CLUB 6 INTENSO DESODORANTE COLÔNIA, 95ML V2','',NULL,74.92,99.89,0.00,1,1,2,'55.196','product_691a52dbc3088.webp','ativo','simples','2025-11-17 01:40:27','2025-11-17 01:40:27'),(593,'SIÀGE KIT PRO CRONOLOGY MÁSCARA + 2 POTENCIALIZADORES','',NULL,74.93,99.91,0.00,0,1051,2,'55.764','product_691a52dbc5850.webp','ativo','simples','2025-11-17 01:40:27','2025-11-18 03:23:46'),(594,'LILY DES BDY SPR LEAU/LILY BLANC 100ml','',NULL,40.72,47.90,0.00,1,1,2,'57.882','product_691a52dbc7ce3.webp','ativo','simples','2025-11-17 01:40:27','2025-11-17 01:40:27'),(595,'LILY CREM ACET DES HID CPO GARDENIA 250g','',NULL,95.12,111.91,0.00,2,1060,2,'57.890','product_691a52dbc9e7b.webp','ativo','simples','2025-11-17 01:40:27','2025-11-17 01:40:27'),(596,'SIAGE SHAMPOO PRO CRONOLOGY CURVAS 250ml','',NULL,21.59,28.79,0.00,0,1067,2,'58.307','product_691a52dbccb17.webp','ativo','simples','2025-11-17 01:40:27','2025-11-18 03:23:46'),(597,'SIAGE CONDICIONADOR PRO CRONOLOGY CURVAS 250ml','',NULL,22.49,29.99,0.00,0,1068,2,'58.308','product_691a52dbcea16.webp','ativo','simples','2025-11-17 01:40:27','2025-11-18 03:23:46'),(598,'SIAGE CPP VOLUME PRO CRONOLOGY CURVAS 300ml','',NULL,22.49,29.99,0.00,0,1070,2,'58.311','product_691a52dbd08de.webp','ativo','simples','2025-11-17 01:40:27','2025-11-18 03:23:46'),(599,'SIAGE FINALIZADOR JELLY PRO CRONOLOGY CURVAS 300ml','',NULL,28.34,37.79,0.00,0,1,2,'58.312','product_691a52dbd2f8c.webp','ativo','simples','2025-11-17 01:40:27','2025-11-18 03:23:46'),(600,'LYRA DESODORANTE BODY SPRAY V2 100ml','',NULL,23.18,30.90,0.00,1,1059,2,'58.639','product_691a52dbd55b7.webp','ativo','simples','2025-11-17 01:40:27','2025-11-17 01:40:27'),(601,'IMENSI DESODORANTE BODY SPRAY V2 100ml','',NULL,23.18,30.90,0.00,1,1059,2,'58.641','product_691a52dbd795c.jpeg','ativo','simples','2025-11-17 01:40:27','2025-11-17 01:40:27'),(602,'LILY CR AC DES HID CP LEAU/LILY SOL 200g','',NULL,76.43,101.90,0.00,2,1076,2,'89.446','product_691a52dbda130.webp','ativo','simples','2025-11-17 01:40:27','2025-11-17 01:40:27'),(603,'Presente Club 6 Cassino (1 item)','',NULL,77.58,103.44,0.00,1,1,2,'90.403','product_691a52dbdc387.jpeg','ativo','simples','2025-11-17 01:40:27','2025-11-18 04:22:01'),(604,'EUDORA H DESODORANTE COLONIA ACQUA 100ml VERSAO 3','',NULL,52.42,69.90,0.00,1,1,2,'94.054','product_691a52dbdeb73.webp','ativo','simples','2025-11-17 01:40:27','2025-11-17 01:40:27'),(605,'SIÀGE CONDICIONADOR CAUTERIZAÇÃO DOS LISOS 200ml','',NULL,33.74,49.99,0.00,0,1,2,'51.745','product_691a6415385d6.webp','ativo','simples','2025-11-17 02:53:57','2025-11-18 03:26:27'),(606,'SIÀGE SHAMPOO CAUTERIZAÇÃO DOS LISOS 250ml','',NULL,32.39,47.99,0.00,0,1,2,'51.746','product_691a641543f23.webp','ativo','simples','2025-11-17 02:53:57','2025-11-18 03:26:27'),(607,'EUDORA NEO DERMO HIDRA MINERAL HIDRATANTE FACIAL 30G','',NULL,52.42,69.90,0.00,3,1,2,'52.243','product_691a641546ff3.webp','ativo','simples','2025-11-17 02:53:57','2025-11-17 02:53:57'),(608,'SIÀGE SHAMPOO RESGATE IMEDIATO 250ML','',NULL,21.59,28.79,0.00,0,1,2,'55.802','product_691a641549728.webp','ativo','simples','2025-11-17 02:53:57','2025-11-18 03:17:59'),(609,'EUDORA DESODORANTE BODY SPRAY V2 100ml','',NULL,26.24,34.99,0.00,3,1,2,'58.633','product_691a64154d163.webp','ativo','simples','2025-11-17 02:53:57','2025-11-17 02:53:57'),(610,'EUD EDP NOIR 75ml','',NULL,176.18,234.90,0.00,1,1,2,'86.902','product_691a64154f433.webp','ativo','simples','2025-11-17 02:53:57','2025-11-17 02:53:57'),(611,'SIÀGE MÁSCARA CAPILAR CAUTERIZAÇÃO DOS LISOS 250g','',NULL,52.49,69.99,0.00,0,1069,2,'51.749','product_691a6563367a6.jpeg','ativo','simples','2025-11-17 02:59:31','2025-11-18 03:26:27'),(615,'EGEO DES COL BLUE CCAR 90ml','',NULL,131.66,154.90,0.00,0,1,2,'82.686','product_691a656344814.webp','ativo','simples','2025-11-17 02:59:31','2025-11-18 02:50:16'),(616,'COMBO RESGATE IMEDIATO | SHAMPOO + CONDICIONADOR',NULL,NULL,0.00,0.00,0.00,1,1,2,'86.640','product_691a656346e37.png','ativo','simples','2025-11-17 02:59:31','2025-11-17 02:59:31'),(617,'CHIC LOC DES HID CPO CHERIE 150ml',NULL,NULL,0.00,0.00,0.00,1,1,2,'93.020','product_691a65635af3d.webp','ativo','simples','2025-11-17 02:59:31','2025-11-17 02:59:31'),(618,'Presente Velvet Sensual Intense Perfumaria 1 item','',NULL,63.68,84.90,0.00,0,1,2,'94.250','product_691a65635e165.jpeg','ativo','simples','2025-11-17 02:59:31','2025-11-18 02:47:46'),(619,'Eudora Velvet Divine Desodorante Colônia 100Ml','',NULL,80.00,119.90,0.00,0,1046,2,'94060','I3KzaAnTraamSGNnhSQ7DRw5J4KGOGY83P3zGeBz.webp','ativo','simples','2025-11-20 23:22:52','2025-11-20 23:23:14'),(620,'INSTANCE CREM MASS CPO MORAN/IRRES 180ml','',NULL,29.99,39.99,0.00,2,1060,2,'87109','Nj76BSpQZ35B9Z9dDCaK0JRrPpruFL3Xowqrrku4.webp','ativo','simples','2025-12-10 04:06:17','2025-12-10 04:06:17');
/*!40000 ALTER TABLE `products` ENABLE KEYS */;
UNLOCK TABLES;

--
-- Table structure for table `produto_componentes`
--

DROP TABLE IF EXISTS `produto_componentes`;
/*!40101 SET @saved_cs_client     = @@character_set_client */;
/*!50503 SET character_set_client = utf8mb4 */;
CREATE TABLE `produto_componentes` (
  `id` bigint unsigned NOT NULL AUTO_INCREMENT,
  `kit_produto_id` int NOT NULL,
  `componente_produto_id` int NOT NULL,
  `quantidade` int NOT NULL COMMENT 'Quantidade do componente no kit',
  `preco_custo_unitario` decimal(10,2) NOT NULL COMMENT 'Preço de custo unitário do componente no momento da criação do kit',
  `preco_venda_unitario` decimal(10,2) NOT NULL COMMENT 'Preço de venda unitário do componente no momento da criação do kit',
  `created_at` timestamp NULL DEFAULT CURRENT_TIMESTAMP,
  `updated_at` timestamp NULL DEFAULT CURRENT_TIMESTAMP ON UPDATE CURRENT_TIMESTAMP,
  PRIMARY KEY (`id`),
  KEY `kit_produto_id` (`kit_produto_id`),
  KEY `componente_produto_id` (`componente_produto_id`),
  CONSTRAINT `produto_componentes_ibfk_1` FOREIGN KEY (`kit_produto_id`) REFERENCES `products` (`id`) ON DELETE CASCADE,
  CONSTRAINT `produto_componentes_ibfk_2` FOREIGN KEY (`componente_produto_id`) REFERENCES `products` (`id`) ON DELETE CASCADE
) ENGINE=InnoDB AUTO_INCREMENT=15 DEFAULT CHARSET=utf8mb4 COLLATE=utf8mb4_unicode_ci;
/*!40101 SET character_set_client = @saved_cs_client */;

--
-- Dumping data for table `produto_componentes`
--

LOCK TABLES `produto_componentes` WRITE;
/*!40000 ALTER TABLE `produto_componentes` DISABLE KEYS */;
INSERT INTO `produto_componentes` VALUES (2,456,455,1,0.00,0.00,'2025-06-19 15:59:01','2025-06-19 15:59:01'),(3,456,457,1,0.00,0.00,'2025-06-19 15:59:01','2025-06-19 15:59:01'),(4,540,455,1,25.19,159.90,'2025-09-17 17:07:20','2025-09-17 17:07:20'),(5,540,457,1,25.90,1600.01,'2025-09-17 17:07:20','2025-09-17 17:07:20'),(10,542,455,1,25.19,159.90,'2025-09-17 18:09:06','2025-09-17 18:09:06'),(11,542,457,1,25.90,1600.01,'2025-09-17 18:09:07','2025-09-17 18:09:07'),(12,542,458,1,20.00,190.00,'2025-09-17 18:09:07','2025-09-17 18:09:07'),(13,541,455,1,25.19,159.90,'2025-09-17 18:09:50','2025-09-17 18:09:50'),(14,541,457,1,25.90,1600.01,'2025-09-17 18:09:50','2025-09-17 18:09:50');
/*!40000 ALTER TABLE `produto_componentes` ENABLE KEYS */;
UNLOCK TABLES;

--
-- Table structure for table `sale_items`
--

DROP TABLE IF EXISTS `sale_items`;
/*!40101 SET @saved_cs_client     = @@character_set_client */;
/*!50503 SET character_set_client = utf8mb4 */;
CREATE TABLE `sale_items` (
  `id` int NOT NULL AUTO_INCREMENT,
  `sale_id` int NOT NULL,
  `product_id` int NOT NULL,
  `quantity` int NOT NULL,
  `price` decimal(10,2) NOT NULL,
  `created_at` timestamp NULL DEFAULT CURRENT_TIMESTAMP,
  `updated_at` timestamp NULL DEFAULT CURRENT_TIMESTAMP ON UPDATE CURRENT_TIMESTAMP,
  `price_sale` decimal(10,2) NOT NULL,
  PRIMARY KEY (`id`),
  KEY `idx_sale_items_sale_id` (`sale_id`),
  KEY `idx_sale_items_product_id` (`product_id`),
  CONSTRAINT `sale_items_ibfk_1` FOREIGN KEY (`sale_id`) REFERENCES `sales` (`id`),
  CONSTRAINT `sale_items_ibfk_2` FOREIGN KEY (`product_id`) REFERENCES `products` (`id`)
) ENGINE=InnoDB AUTO_INCREMENT=668 DEFAULT CHARSET=utf8mb4 COLLATE=utf8mb4_0900_ai_ci;
/*!40101 SET character_set_client = @saved_cs_client */;

--
-- Dumping data for table `sale_items`
--

LOCK TABLES `sale_items` WRITE;
/*!40000 ALTER TABLE `sale_items` DISABLE KEYS */;
INSERT INTO `sale_items` VALUES (202,33,141,1,20.92,'2025-04-03 05:15:38','2025-04-03 05:15:38',27.90),(203,33,191,1,29.00,'2025-04-03 05:15:38','2025-04-03 05:15:38',47.90),(210,36,170,1,31.92,'2025-04-03 05:35:53','2025-04-03 05:35:53',54.90),(211,36,194,1,31.88,'2025-04-03 05:35:53','2025-04-03 05:35:53',69.99),(214,22,44,1,50.92,'2025-04-03 05:39:26','2025-04-03 05:39:26',59.90),(215,22,46,1,131.66,'2025-04-03 05:39:26','2025-04-03 05:39:26',157.90),(289,13,120,1,89.93,'2025-04-20 03:42:55','2025-05-13 20:42:07',142.89),(290,13,125,1,135.92,'2025-04-20 03:42:55','2025-04-20 03:42:55',159.90),(298,18,118,1,149.93,'2025-04-20 03:43:34','2025-04-20 03:43:34',199.90),(310,26,82,1,123.92,'2025-04-20 03:44:33','2025-04-20 03:44:33',154.90),(311,14,113,1,152.92,'2025-04-20 03:44:44','2025-04-20 03:44:44',179.90),(334,45,41,1,94.43,'2025-04-20 03:45:27','2025-04-20 03:45:27',134.90),(335,45,52,1,23.09,'2025-04-20 03:45:27','2025-05-13 21:31:11',44.90),(336,13,144,1,39.74,'2025-04-20 03:45:40','2025-05-13 17:50:20',52.99),(337,13,203,1,28.72,'2025-04-20 03:45:40','2025-05-13 17:50:20',54.99),(338,13,204,1,28.72,'2025-04-20 03:45:40','2025-05-13 20:56:44',69.90),(339,43,200,1,317.82,'2025-04-20 03:45:56','2025-04-20 03:45:56',373.90),(340,19,152,1,152.92,'2025-04-20 03:46:20','2025-04-20 03:46:20',179.90),(341,19,159,1,56.02,'2025-04-20 03:46:20','2025-04-20 03:46:20',65.90),(342,20,66,2,37.73,'2025-04-20 03:46:34','2025-04-20 03:46:34',53.90),(343,20,77,1,34.93,'2025-04-20 03:46:34','2025-04-20 03:46:34',49.90),(344,23,85,1,37.43,'2025-04-20 03:46:57','2025-04-20 03:46:57',49.91),(345,25,162,1,46.66,'2025-04-20 03:47:22','2025-04-20 03:47:22',54.90),(346,25,163,1,72.16,'2025-04-20 03:47:22','2025-04-20 03:47:22',84.90),(347,24,58,1,38.16,'2025-04-20 03:47:51','2025-04-20 03:47:51',44.90),(348,24,60,1,38.16,'2025-04-20 03:47:51','2025-04-20 03:47:51',44.90),(349,27,119,1,127.42,'2025-04-20 03:48:33','2025-04-20 03:48:33',149.90),(350,31,29,1,33.59,'2025-04-20 03:49:01','2025-04-20 03:49:01',47.99),(351,31,30,1,34.99,'2025-04-20 03:49:01','2025-04-20 03:49:01',49.99),(352,31,31,1,45.49,'2025-04-20 03:49:01','2025-04-20 03:49:01',64.99),(353,31,110,1,90.93,'2025-04-20 03:49:01','2025-04-20 03:49:01',129.90),(354,31,123,1,87.49,'2025-04-20 03:49:01','2025-04-20 03:49:01',124.98),(355,32,32,1,33.59,'2025-04-20 03:49:19','2025-04-20 03:49:19',47.99),(356,32,33,1,34.99,'2025-04-20 03:49:19','2025-04-20 03:49:19',49.99),(357,32,34,1,48.99,'2025-04-20 03:49:19','2025-04-20 03:49:19',69.99),(358,32,38,1,37.09,'2025-04-20 03:49:19','2025-04-20 03:49:19',52.99),(359,32,40,1,38.16,'2025-04-20 03:49:19','2025-04-20 03:49:19',44.90),(360,32,54,1,76.42,'2025-04-20 03:49:19','2025-04-20 03:49:19',89.91),(361,32,59,1,87.42,'2025-04-20 03:49:19','2025-04-20 03:49:19',149.90),(362,32,63,1,33.38,'2025-04-20 03:49:19','2025-04-20 03:49:19',47.69),(363,32,66,1,37.73,'2025-04-20 03:49:19','2025-04-20 03:49:19',53.90),(364,32,67,1,31.49,'2025-04-20 03:49:19','2025-04-20 03:49:19',44.99),(365,32,74,1,31.43,'2025-04-20 03:49:19','2025-04-20 03:49:19',44.90),(366,32,76,1,38.16,'2025-04-20 03:49:19','2025-04-20 03:49:19',44.90),(367,32,77,1,34.93,'2025-04-20 03:49:19','2025-04-20 03:49:19',49.90),(368,32,85,1,37.43,'2025-04-20 03:49:19','2025-04-20 03:49:19',49.91),(369,32,107,1,97.93,'2025-04-20 03:49:19','2025-04-20 03:49:19',139.90),(370,32,114,1,112.96,'2025-04-20 03:49:19','2025-04-20 03:49:19',132.90),(371,32,121,1,69.93,'2025-04-20 03:49:19','2025-04-20 03:49:19',119.98),(372,32,142,1,47.92,'2025-04-20 03:49:19','2025-04-20 03:49:19',63.90),(373,32,189,1,19.00,'2025-04-20 03:49:19','2025-04-20 03:49:19',25.49),(374,32,191,1,29.00,'2025-04-20 03:49:19','2025-04-20 03:49:19',47.90),(375,34,48,1,23.03,'2025-04-20 03:49:51','2025-04-20 03:49:51',32.90),(376,34,50,1,24.56,'2025-04-20 03:49:51','2025-04-20 03:49:51',35.09),(377,34,67,1,31.49,'2025-04-20 03:49:51','2025-04-20 03:49:51',44.99),(378,41,200,1,317.82,'2025-04-20 03:50:22','2025-04-20 03:50:22',373.90),(382,50,52,1,23.09,'2025-04-25 03:14:47','2025-04-25 03:14:47',32.99),(383,50,78,1,25.19,'2025-04-25 03:14:47','2025-04-25 03:14:47',35.99),(384,50,143,1,24.68,'2025-04-25 03:14:47','2025-04-25 03:14:47',32.90),(385,50,145,1,26.93,'2025-04-25 03:14:47','2025-04-25 03:14:47',35.90),(390,55,239,1,32.22,'2025-05-13 20:27:12','2025-05-13 20:27:12',37.90),(391,55,241,1,40.72,'2025-05-13 20:27:12','2025-05-13 20:27:12',47.90),(392,55,253,1,140.16,'2025-05-13 20:27:12','2025-05-13 20:27:12',164.90),(393,55,255,1,112.00,'2025-05-13 20:27:42','2025-05-13 20:27:42',189.90),(394,13,56,1,89.93,'2025-05-13 20:40:14','2025-05-13 17:50:20',119.91),(395,13,122,1,34.93,'2025-05-13 20:41:49','2025-05-13 20:41:49',54.98),(396,56,235,1,56.02,'2025-05-13 21:07:52','2025-05-13 21:07:52',65.90),(397,56,244,1,0.00,'2025-05-13 21:07:52','2025-05-13 21:07:52',27.90),(399,16,41,1,94.43,'2025-05-13 21:18:36','2025-05-13 21:18:36',134.90),(400,16,52,1,23.09,'2025-05-13 21:18:36','2025-05-13 21:18:36',32.99),(401,16,53,1,88.16,'2025-05-13 21:18:36','2025-05-13 21:18:36',144.90),(402,16,62,1,20.99,'2025-05-13 21:18:36','2025-05-13 21:18:36',29.99),(403,16,67,1,31.49,'2025-05-13 21:18:36','2025-05-13 21:18:36',44.99),(404,46,35,1,27.99,'2025-05-13 21:35:44','2025-05-13 21:35:44',49.99),(405,46,37,1,26.87,'2025-05-13 21:35:44','2025-05-13 21:35:44',47.99),(406,46,39,2,38.16,'2025-05-13 21:35:44','2025-05-13 21:35:44',44.90),(407,46,42,1,46.83,'2025-05-13 21:35:44','2025-05-13 21:35:44',66.90),(408,46,45,1,38.16,'2025-05-13 21:35:44','2025-05-13 21:35:44',44.90),(409,46,47,1,0.00,'2025-05-13 21:35:44','2025-05-13 21:35:44',44.90),(410,46,55,1,104.93,'2025-05-13 21:35:44','2025-05-13 21:35:44',149.90),(411,46,67,1,31.49,'2025-05-13 21:35:44','2025-05-13 21:37:06',42.90),(412,46,72,1,20.99,'2025-05-13 21:35:44','2025-05-13 21:35:44',39.99),(413,46,73,1,27.99,'2025-05-13 21:35:44','2025-05-13 21:35:44',39.99),(414,46,115,1,41.93,'2025-05-13 21:35:44','2025-05-13 21:35:44',59.90),(415,57,190,1,120.00,'2025-05-13 21:40:49','2025-05-13 21:40:49',179.00),(416,58,236,1,32.18,'2025-05-13 21:46:59','2025-05-13 21:46:59',42.90),(417,58,237,1,33.68,'2025-05-13 21:46:59','2025-05-13 21:46:59',44.90),(418,59,256,1,120.00,'2025-05-13 22:12:35','2025-05-13 22:12:35',175.00),(419,60,257,1,85.00,'2025-05-13 22:13:01','2025-05-13 22:13:01',135.00),(420,61,259,1,50.00,'2025-05-13 22:30:49','2025-05-13 22:30:49',70.00),(421,62,259,1,50.00,'2025-05-13 22:32:02','2025-05-13 22:32:02',70.00),(422,63,259,1,50.00,'2025-05-13 22:33:30','2025-05-13 22:33:30',70.00),(430,65,250,1,65.37,'2025-05-18 21:55:33','2025-05-18 21:55:33',84.90),(438,67,312,1,27.12,'2025-05-18 22:21:05','2025-05-18 22:21:05',34.00),(439,67,313,1,27.92,'2025-05-18 22:21:05','2025-05-18 22:21:05',35.00),(440,67,314,1,27.92,'2025-05-18 22:21:05','2025-05-18 22:21:05',35.00),(441,67,338,1,29.92,'2025-05-18 22:21:05','2025-05-18 22:21:05',39.90),(442,68,243,1,158.86,'2025-05-18 22:26:49','2025-05-18 22:26:49',186.90),(443,21,70,1,38.43,'2025-05-18 22:32:08','2025-05-18 22:32:08',54.90),(444,21,71,1,31.43,'2025-05-18 22:32:08','2025-05-18 22:32:08',44.90),(445,21,86,1,41.24,'2025-05-18 22:32:08','2025-05-18 22:32:08',54.99),(446,21,87,1,29.99,'2025-05-18 22:32:08','2025-05-18 22:32:08',39.99),(447,21,88,1,20.32,'2025-05-18 22:32:08','2025-05-18 22:32:08',23.90),(448,21,91,1,35.99,'2025-05-18 22:32:08','2025-05-18 22:32:08',47.99),(449,21,92,1,37.49,'2025-05-18 22:32:08','2025-05-18 22:32:08',49.99),(450,21,93,1,37.42,'2025-05-18 22:32:08','2025-05-18 22:32:08',49.90),(451,21,95,1,25.49,'2025-05-18 22:32:08','2025-05-18 22:32:08',33.99),(454,17,36,1,169.92,'2025-05-18 22:36:17','2025-05-18 22:36:17',199.90),(455,17,71,1,31.43,'2025-05-18 22:36:17','2025-05-18 22:36:17',44.90),(456,17,186,1,58.03,'2025-05-18 22:36:17','2025-05-18 22:36:17',82.90),(457,17,70,1,38.43,'2025-05-18 22:36:17','2025-05-18 22:36:17',54.90),(458,23,80,1,69.62,'2025-05-18 22:42:36','2025-05-18 22:42:36',81.91),(459,23,66,1,37.73,'2025-05-18 22:42:36','2025-05-18 22:42:36',53.90),(460,26,139,1,127.42,'2025-05-18 22:45:38','2025-05-18 22:45:38',149.90),(461,69,246,1,52.49,'2025-06-19 02:32:27','2025-06-19 02:32:27',69.99),(462,69,254,1,0.00,'2025-06-19 02:32:27','2025-06-19 02:32:27',47.90),(463,69,329,1,56.18,'2025-06-19 02:32:27','2025-06-19 02:32:51',119.90),(464,70,234,1,101.92,'2025-06-19 02:33:54','2025-06-19 02:33:54',119.91),(465,71,99,1,101.92,'2025-06-19 02:34:56','2025-06-19 02:35:12',180.00),(466,71,127,1,58.56,'2025-06-19 02:34:56','2025-06-19 02:35:30',86.90),(467,71,251,1,48.68,'2025-06-19 02:34:56','2025-06-19 02:35:21',69.90),(470,73,310,1,35.92,'2025-06-19 02:40:30','2025-06-19 02:40:47',59.90),(471,74,309,1,48.99,'2025-06-19 02:42:11','2025-06-19 02:42:11',69.99),(472,67,240,1,38.16,'2025-06-19 02:42:48','2025-06-19 02:42:48',44.90),(473,23,319,1,67.92,'2025-06-19 02:46:27','2025-06-19 02:46:41',89.90),(474,68,341,1,86.93,'2025-06-19 02:48:13','2025-06-19 02:48:13',115.91),(475,75,318,1,43.99,'2025-06-19 04:39:38','2025-06-19 04:39:38',54.99),(476,76,455,1,25.19,'2025-06-19 19:01:03','2025-06-19 19:01:03',159.90),(477,76,457,1,25.90,'2025-06-19 19:01:03','2025-06-19 19:01:03',160.90),(478,77,458,1,20.00,'2025-06-19 19:07:44','2025-06-19 19:07:44',190.00),(479,77,459,1,11.11,'2025-06-19 19:07:44','2025-06-19 19:07:44',22.22),(480,77,462,1,32.22,'2025-06-19 19:07:44','2025-06-19 19:07:44',37.90),(481,77,463,1,203.92,'2025-06-19 19:07:44','2025-06-19 19:07:44',239.90),(482,78,460,1,152.92,'2025-06-19 19:08:13','2025-06-19 19:08:13',179.90),(483,78,461,1,109.42,'2025-06-19 19:08:13','2025-06-19 19:08:13',145.89),(484,78,464,1,80.94,'2025-06-19 19:08:13','2025-06-19 19:08:13',107.92),(485,79,457,1,25.90,'2025-06-19 19:13:20','2025-06-19 19:13:20',160.90),(486,79,458,1,20.00,'2025-06-19 19:13:20','2025-06-19 19:13:20',190.00),(487,80,457,1,25.90,'2025-06-19 19:13:46','2025-06-19 19:13:46',160.90),(488,80,458,1,20.00,'2025-06-19 19:13:46','2025-06-19 19:13:46',190.00),(489,80,459,1,11.11,'2025-06-19 19:13:46','2025-06-19 19:13:46',22.22),(490,81,455,1,25.19,'2025-06-21 04:35:25','2025-06-21 04:35:25',159.90),(491,81,457,1,25.90,'2025-06-21 04:35:25','2025-06-21 04:35:25',160.90),(492,81,458,1,20.00,'2025-06-21 04:35:25','2025-06-21 04:35:25',190.00),(497,83,466,1,44.44,'2025-07-03 05:58:40','2025-07-03 05:58:40',333.33),(498,83,472,1,34.99,'2025-07-03 05:58:40','2025-07-03 05:58:40',49.99),(499,83,487,1,94.43,'2025-07-03 15:36:58','2025-07-03 15:36:58',134.90),(501,82,457,1,25.90,'2025-07-03 18:07:15','2025-07-03 18:07:15',1600.01),(502,82,458,1,20.00,'2025-07-03 18:07:15','2025-07-03 18:07:15',190.00),(503,82,459,1,11.11,'2025-07-03 18:07:15','2025-07-03 18:07:15',22.22),(504,82,480,1,169.92,'2025-07-03 18:07:15','2025-07-03 18:07:15',199.90),(505,84,459,1,11.11,'2025-07-03 18:27:13','2025-07-03 18:27:13',22.22),(506,84,466,1,44.44,'2025-07-03 18:27:13','2025-07-03 18:27:13',333.33),(507,84,465,1,318700.00,'2025-07-03 18:27:14','2025-07-03 18:27:14',1599000.00),(508,85,459,1,11.11,'2025-07-04 18:17:20','2025-07-04 18:17:20',22.22),(509,85,466,1,44.44,'2025-07-04 18:17:20','2025-07-04 18:17:20',333.33),(510,86,459,1,11.11,'2025-07-04 18:27:20','2025-07-04 18:27:20',22.22),(511,86,458,1,20.00,'2025-07-04 18:27:20','2025-07-04 18:27:20',190.00),(512,87,467,1,111.93,'2025-07-04 18:31:19','2025-07-04 18:31:19',44.90),(513,87,459,1,11.11,'2025-07-04 18:31:19','2025-07-04 18:31:19',22.22),(514,87,458,1,20.00,'2025-07-04 18:31:19','2025-07-04 18:31:19',190.00),(515,88,471,1,33.59,'2025-07-04 18:38:34','2025-07-04 18:38:34',47.99),(516,88,473,1,45.49,'2025-07-04 18:38:34','2025-07-04 18:38:34',64.99),(517,88,476,1,48.99,'2025-07-04 18:38:34','2025-07-04 18:38:34',69.99),(518,88,477,1,27.99,'2025-07-04 18:38:34','2025-07-04 18:38:34',49.99),(519,89,500,1,0.00,'2025-07-04 18:55:32','2025-07-04 18:55:32',0.00),(520,89,498,1,131.66,'2025-07-04 18:55:32','2025-07-04 18:55:32',154.90),(521,89,497,1,38.16,'2025-07-04 18:55:32','2025-07-04 18:55:32',44.90),(522,89,499,1,0.00,'2025-07-04 18:55:32','2025-07-04 18:55:32',44.90),(523,90,496,1,50.92,'2025-07-04 18:56:52','2025-07-04 18:56:52',59.90),(524,90,495,1,27.40,'2025-07-04 18:56:52','2025-07-04 18:56:52',39.14),(525,90,494,1,40.80,'2025-07-04 18:56:52','2025-07-04 18:56:52',58.29),(526,90,493,1,97.93,'2025-07-04 18:56:52','2025-07-04 18:56:52',139.90),(535,92,451,1,203.92,'2025-07-05 03:37:57','2025-07-05 03:37:57',239.90),(537,72,315,1,79.91,'2025-07-11 03:59:15','2025-07-11 03:59:15',134.90),(538,72,317,1,99.93,'2025-07-11 03:59:15','2025-07-11 03:59:15',124.90),(539,72,444,1,29.92,'2025-07-11 03:59:15','2025-07-11 03:59:15',46.99),(540,94,258,1,75.00,'2025-07-11 04:50:35','2025-07-11 04:50:35',135.00),(541,74,518,1,61.96,'2025-07-11 05:16:26','2025-07-11 05:16:26',72.90),(542,74,520,1,76.42,'2025-07-11 05:16:26','2025-07-11 05:16:26',89.90),(543,93,536,1,203.92,'2025-07-15 01:27:28','2025-07-15 01:27:28',239.90),(550,91,467,1,111.93,'2025-08-06 03:56:55','2025-08-06 03:56:55',444.90),(551,91,459,1,11.11,'2025-08-06 03:56:55','2025-08-06 03:56:55',22.22),(552,91,458,1,20.00,'2025-08-06 03:56:55','2025-08-06 03:56:55',199.05),(553,91,475,1,34.99,'2025-08-06 03:56:55','2025-08-06 03:56:55',49.99),(554,91,468,1,22.22,'2025-08-06 03:56:55','2025-08-06 03:56:55',1111.11),(555,66,72,1,20.99,'2025-08-06 03:58:49','2025-08-06 03:58:49',29.98),(556,66,107,1,97.93,'2025-08-06 03:58:49','2025-08-06 03:58:49',139.90),(557,66,249,1,27.96,'2025-08-06 03:58:49','2025-08-06 03:58:49',32.90),(558,66,527,1,144.42,'2025-08-06 03:58:49','2025-08-06 03:58:49',169.90),(559,56,201,1,37.49,'2025-08-08 03:38:03','2025-08-08 03:38:03',49.99),(560,56,328,1,28.42,'2025-08-08 03:38:03','2025-08-08 03:38:03',37.90),(561,56,454,1,92.88,'2025-08-08 03:39:37','2025-08-08 03:39:37',142.90),(564,96,458,1,20.00,'2025-09-18 02:15:35','2025-09-18 02:15:35',190.00),(565,96,457,1,25.90,'2025-09-18 02:15:35','2025-09-18 02:15:35',1600.01),(567,96,469,1,111.93,'2025-09-18 02:15:35','2025-09-18 02:15:35',129.90),(568,96,470,1,37.09,'2025-09-18 02:15:35','2025-09-18 02:15:35',52.99),(569,96,474,1,33.59,'2025-09-18 02:15:35','2025-09-18 02:15:35',47.99),(570,96,459,1,11.11,'2025-09-18 02:15:35','2025-09-18 02:15:35',22.22),(571,96,478,1,90.93,'2025-09-18 02:15:35','2025-09-18 02:15:35',129.90),(572,96,468,1,22.22,'2025-09-18 02:15:35','2025-09-18 02:15:35',1111.11),(573,96,479,1,60.13,'2025-09-18 02:15:35','2025-09-18 02:15:35',85.90),(574,95,459,1,11.11,'2025-09-18 15:48:01','2025-09-18 15:48:01',22.22),(575,95,467,1,111.93,'2025-09-18 15:48:01','2025-09-18 15:48:01',44.90),(576,95,458,1,20.00,'2025-09-18 15:48:01','2025-09-18 15:48:01',190.00),(580,98,336,1,25.42,'2025-10-17 01:56:32','2025-10-17 04:05:33',45.00),(581,98,337,1,26.18,'2025-10-17 01:56:32','2025-10-17 04:05:33',47.00),(582,98,558,1,52.49,'2025-10-17 01:56:32','2025-10-17 04:05:33',69.99),(583,99,543,1,83.93,'2025-10-17 01:57:50','2025-10-17 01:57:50',119.90),(584,100,547,1,73.86,'2025-10-17 01:59:17','2025-10-17 01:59:17',86.90),(586,102,205,1,28.72,'2025-10-17 02:12:19','2025-10-17 02:12:19',27.99),(588,103,203,1,28.72,'2025-10-17 02:22:55','2025-10-17 02:22:55',54.99),(589,104,519,1,23.61,'2025-10-17 02:23:33','2025-10-17 02:23:33',42.00),(590,105,91,1,35.99,'2025-10-17 02:53:40','2025-10-17 02:53:40',47.99),(591,105,92,1,37.49,'2025-10-17 02:53:40','2025-10-17 02:53:40',49.99),(592,105,552,1,37.42,'2025-10-17 02:53:40','2025-10-17 02:53:40',49.90),(593,105,550,1,44.92,'2025-10-17 02:53:40','2025-10-17 02:53:40',59.90),(594,105,170,1,31.92,'2025-10-17 02:53:40','2025-10-17 02:53:40',39.90),(595,105,330,1,101.92,'2025-10-17 02:53:40','2025-10-17 02:53:40',119.91),(596,105,329,1,56.18,'2025-10-17 02:55:31','2025-10-17 02:55:31',74.90),(597,105,560,1,37.49,'2025-10-17 04:10:29','2025-10-17 04:10:29',49.99),(598,105,559,1,35.99,'2025-10-17 04:10:29','2025-10-17 04:10:29',47.99),(599,106,564,1,56.24,'2025-10-17 04:32:40','2025-10-17 04:32:40',74.99),(600,106,561,1,37.49,'2025-10-17 04:32:40','2025-10-17 04:32:40',49.99),(601,106,519,1,23.61,'2025-10-17 04:32:40','2025-10-17 04:32:40',31.48),(602,106,524,1,25.19,'2025-10-17 04:32:40','2025-10-17 04:32:40',33.58),(603,106,566,1,35.99,'2025-10-17 04:39:32','2025-10-17 04:39:32',47.99),(604,106,560,1,37.49,'2025-10-17 04:39:32','2025-10-17 04:39:32',49.99),(605,107,570,1,33.68,'2025-11-18 02:47:46','2025-11-18 02:47:46',44.90),(606,107,618,1,63.68,'2025-11-18 02:47:46','2025-11-18 02:47:46',84.90),(607,107,334,1,89.92,'2025-11-18 02:47:46','2025-11-18 02:47:46',119.90),(608,108,615,1,131.66,'2025-11-18 02:50:16','2025-11-20 23:01:48',129.90),(609,109,571,1,131.66,'2025-11-18 02:54:12','2025-11-18 02:54:12',154.90),(610,109,567,1,118.92,'2025-11-18 02:54:12','2025-11-18 02:54:12',139.90),(611,110,569,1,74.99,'2025-11-18 02:55:04','2025-11-20 22:55:31',79.90),(616,112,524,1,25.19,'2025-11-18 02:59:16','2025-11-18 02:59:16',42.00),(617,112,568,1,31.49,'2025-11-18 02:59:16','2025-11-18 02:59:16',42.00),(618,113,573,1,90.92,'2025-11-18 03:01:58','2025-11-18 03:01:58',129.90),(623,115,608,1,21.59,'2025-11-18 03:08:45','2025-11-20 22:49:12',47.99),(624,115,92,1,37.49,'2025-11-18 03:08:45','2025-11-20 22:49:12',49.99),(625,115,545,1,78.67,'2025-11-18 03:08:45','2025-11-20 22:49:12',159.90),(626,116,70,1,38.43,'2025-11-18 03:12:30','2025-11-18 03:12:30',56.90),(627,117,596,1,21.59,'2025-11-18 03:17:59','2025-11-18 03:17:59',28.79),(628,117,597,1,22.49,'2025-11-18 03:17:59','2025-11-18 03:17:59',29.99),(629,117,608,1,21.59,'2025-11-18 03:17:59','2025-11-18 03:17:59',28.79),(632,119,579,1,46.72,'2025-11-18 03:21:00','2025-11-18 03:21:00',59.90),(641,121,605,1,33.74,'2025-11-18 03:26:27','2025-11-18 03:26:27',49.99),(642,121,606,1,32.39,'2025-11-18 03:26:27','2025-11-18 03:26:27',47.99),(643,121,611,1,52.49,'2025-11-18 03:26:27','2025-11-18 03:26:27',69.99),(644,118,579,1,46.72,'2025-11-18 04:22:01','2025-11-18 04:22:01',59.90),(645,118,603,1,77.58,'2025-11-18 04:22:01','2025-11-18 04:22:01',105.00),(650,111,576,1,31.49,'2025-11-18 04:34:53','2025-11-18 04:34:53',42.00),(651,111,546,1,31.49,'2025-11-18 04:34:53','2025-11-18 04:34:53',42.00),(652,111,568,1,31.49,'2025-11-18 04:34:53','2025-11-18 04:34:53',42.00),(653,111,577,1,31.49,'2025-11-18 04:34:53','2025-11-18 04:34:53',42.00),(654,120,331,1,33.68,'2025-11-20 22:37:51','2025-11-20 22:37:51',59.99),(655,120,316,1,34.93,'2025-11-20 22:37:51','2025-11-20 22:37:51',59.99),(656,120,204,1,28.72,'2025-11-20 22:37:51','2025-11-20 22:37:51',59.99),(657,120,596,1,21.59,'2025-11-20 22:37:51','2025-11-20 22:37:51',28.79),(658,120,597,1,22.49,'2025-11-20 22:37:51','2025-11-20 22:37:51',29.99),(659,120,598,1,22.49,'2025-11-20 22:37:51','2025-11-20 22:37:51',29.99),(660,120,599,1,28.34,'2025-11-20 22:37:51','2025-11-20 22:37:51',37.79),(661,120,593,1,74.93,'2025-11-20 22:37:51','2025-11-20 22:37:51',99.91),(662,114,89,1,48.74,'2025-11-20 22:51:49','2025-11-20 22:51:49',64.99),(663,114,90,1,48.74,'2025-11-20 22:51:49','2025-11-20 22:51:49',64.99),(664,114,572,1,53.92,'2025-11-20 22:51:49','2025-11-20 22:51:49',71.90),(665,114,547,1,73.86,'2025-11-20 22:51:49','2025-11-20 22:51:49',86.90),(666,108,557,1,89.94,'2025-11-20 23:00:44','2025-11-20 23:01:48',149.90),(667,107,619,1,80.00,'2025-11-20 23:23:14','2025-11-20 23:23:14',119.90);
/*!40000 ALTER TABLE `sale_items` ENABLE KEYS */;
UNLOCK TABLES;

--
-- Table structure for table `sale_payments`
--

DROP TABLE IF EXISTS `sale_payments`;
/*!40101 SET @saved_cs_client     = @@character_set_client */;
/*!50503 SET character_set_client = utf8mb4 */;
CREATE TABLE `sale_payments` (
  `id` int NOT NULL AUTO_INCREMENT,
  `sale_id` int NOT NULL,
  `amount_paid` decimal(10,2) NOT NULL,
  `payment_method` varchar(75) NOT NULL,
  `created_at` timestamp NULL DEFAULT CURRENT_TIMESTAMP,
  `updated_at` timestamp NULL DEFAULT CURRENT_TIMESTAMP ON UPDATE CURRENT_TIMESTAMP,
  `payment_date` varchar(45) DEFAULT NULL,
  PRIMARY KEY (`id`),
  KEY `sale_id` (`sale_id`),
  CONSTRAINT `sale_payments_ibfk_1` FOREIGN KEY (`sale_id`) REFERENCES `sales` (`id`) ON DELETE CASCADE
) ENGINE=InnoDB AUTO_INCREMENT=152 DEFAULT CHARSET=utf8mb4 COLLATE=utf8mb4_0900_ai_ci;
/*!40101 SET character_set_client = @saved_cs_client */;

--
-- Dumping data for table `sale_payments`
--

LOCK TABLES `sale_payments` WRITE;
/*!40000 ALTER TABLE `sale_payments` DISABLE KEYS */;
INSERT INTO `sale_payments` VALUES (35,21,153.78,'Dinheiro','2025-03-26 05:23:59','2025-03-26 05:23:59','2025-01-03'),(43,13,71.44,'PIX','2025-05-13 20:42:54','2025-05-13 20:42:54','2024-12-01'),(44,13,126.44,'PIX','2025-05-13 20:44:37','2025-05-13 20:44:37','2025/01/07'),(45,13,86.00,'PIX','2025-05-13 20:44:37','2025-05-13 21:00:20','2025-01-23'),(46,14,179.90,'Dinheiro','2025-05-13 20:45:01','2025-05-15 03:19:30','2025-01-31'),(47,13,100.00,'PIX','2025-05-13 20:55:02','2025-05-13 20:55:02','2025/03/15'),(48,13,86.00,'PIX','2025-05-13 20:55:02','2025-05-13 20:55:02','2025/04/17'),(49,16,150.00,'PIX','2025-05-13 21:29:40','2025-05-13 21:29:40','2025/04/24'),(50,46,225.72,'PIX','2025-05-13 21:34:07','2025-05-13 21:34:07','2025/01/07'),(51,46,225.72,'PIX','2025-05-13 21:37:48','2025-05-13 21:37:48','2025-02-12'),(52,57,175.00,'PIX','2025-05-13 21:41:49','2025-10-17 04:16:23','2025/04/15'),(53,34,50.00,'Cartão de Crédito','2025-05-13 21:48:42','2025-05-13 21:48:42','2025/04/14'),(54,34,62.98,'Dinheiro','2025-05-13 21:48:42','2025-05-15 03:30:48','2025-04-14'),(55,60,135.00,'Dinheiro','2025-05-13 22:14:12','2025-05-15 03:30:41','2025-04-19'),(56,36,41.16,'PIX','2025-05-13 22:15:27','2025-05-13 22:15:27','2025/04/19'),(57,22,72.60,'PIX','2025-05-13 22:19:57','2025-05-18 21:34:07','2025-03-10'),(58,61,70.00,'PIX','2025-05-13 22:31:17','2025-05-15 03:30:44','2025-05-09'),(59,62,70.00,'PIX','2025-05-13 22:32:49','2025-05-15 03:29:10','2025-05-09'),(60,63,70.00,'PIX','2025-05-13 22:34:02','2025-05-15 03:29:36','2025-03-17'),(61,18,199.90,'PIX','2025-05-13 22:37:22','2025-05-15 03:21:45','2025-05-13'),(62,19,245.80,'PIX','2025-05-13 22:37:50','2025-05-15 03:22:08','2025-05-13'),(63,20,157.70,'PIX','2025-05-13 22:39:56','2025-05-15 03:22:20','2025-05-13'),(64,24,89.80,'PIX','2025-05-15 03:23:13','2025-05-15 03:23:13','2025/05/14'),(72,22,72.60,'Dinheiro','2025-05-18 21:35:33','2025-05-18 21:35:33','2025/02/09'),(73,22,72.60,'PIX','2025-05-18 21:36:00','2025-05-18 21:36:00','2025/01/07'),(74,25,54.90,'PIX','2025-05-18 21:45:59','2025-05-18 21:45:59','2025/02/06'),(75,25,84.90,'Dinheiro','2025-05-18 21:46:37','2025-05-18 21:46:37','2025/02/20'),(76,41,93.47,'PIX','2025-05-18 21:49:29','2025-05-18 21:52:06','2025-04-03'),(77,41,93.47,'PIX','2025-05-18 21:50:45','2025-05-18 21:52:12','2025-04-17'),(78,41,93.47,'PIX','2025-05-18 21:51:16','2025-05-18 21:52:18','2025-05-05'),(79,33,75.80,'Dinheiro','2025-05-18 22:12:07','2025-05-18 22:12:07','2025/04/08'),(80,50,137.78,'PIX','2025-05-18 22:26:28','2025-05-18 22:26:28','2025/05/18'),(81,68,186.90,'Dinheiro','2025-05-18 22:27:09','2025-05-18 22:27:09','2025/05/18'),(82,17,66.43,'PIX','2025-05-18 22:39:29','2025-05-18 22:39:29','2024/11/14'),(83,17,66.43,'PIX','2025-05-18 22:39:29','2025-05-18 22:39:29','2024/12/23'),(84,17,66.43,'PIX','2025-05-18 22:39:29','2025-05-18 22:39:29','2025/01/11'),(85,17,95.35,'PIX','2025-05-18 22:39:56','2025-05-18 22:39:56','2025/03/07'),(86,26,101.60,'PIX','2025-05-18 22:46:35','2025-05-18 22:46:35','2025/04/13'),(87,26,101.60,'PIX','2025-05-18 22:46:35','2025-05-18 22:46:35','2025/05/15'),(88,26,101.60,'PIX','2025-05-18 22:46:35','2025-05-18 22:46:35','2025/03/14'),(89,73,59.90,'Dinheiro','2025-06-19 02:41:00','2025-06-19 02:41:00','2025/06/05'),(90,58,87.80,'Dinheiro','2025-06-19 02:41:43','2025-06-19 02:41:43','2025/06/06'),(91,46,225.72,'PIX','2025-06-19 02:43:25','2025-06-19 02:43:25','2025/06/06'),(92,55,146.86,'Dinheiro','2025-06-19 02:43:49','2025-06-19 02:43:49','2025/06/07'),(93,32,400.00,'PIX','2025-06-19 02:45:21','2025-11-20 23:17:40','2025-07-07'),(95,78,108.43,'parcela','2025-06-19 19:10:32','2025-06-19 19:10:32','2025-06-19'),(96,78,108.43,'parcela','2025-06-19 19:10:37','2025-06-19 19:10:37','2025-06-19'),(97,78,108.43,'Dinheiro','2025-06-19 19:11:16','2025-06-19 19:11:16','2025/06/19'),(98,80,74.62,'Dinheiro','2025-06-19 19:14:02','2025-06-19 19:14:08','2025-06-19'),(99,76,88.88,'Dinheiro','2025-06-19 19:15:12','2025-06-19 19:15:12','2025/06/19'),(100,80,74.62,'parcela','2025-06-19 19:16:17','2025-06-19 19:16:17','2025-06-19'),(101,80,74.62,'parcela','2025-06-19 19:17:09','2025-06-19 19:17:09','2025-06-19'),(102,77,45.44,'Dinheiro','2025-06-19 19:22:54','2025-06-19 19:22:54','2025/06/19'),(104,81,170.27,'parcela','2025-06-21 04:36:07','2025-06-21 04:36:07','2025-06-06'),(105,83,212.00,'dinheiro','2025-07-03 16:33:52','2025-07-03 16:33:52','2025-07-03'),(107,91,222.00,'pix','2025-07-05 02:01:47','2025-07-10 19:20:11','2025-07-04'),(108,72,46.99,'pix','2025-07-05 03:30:23','2025-07-05 03:30:23','2025-06-05'),(109,13,100.00,'pix','2025-07-05 03:32:38','2025-07-05 03:32:38','2025-05-27'),(110,91,61.42,'dinheiro','2025-07-10 17:53:28','2025-07-10 19:20:11','2025-07-10'),(111,91,61.42,'dinheiro','2025-07-10 18:06:00','2025-07-10 19:20:11','2025-07-10'),(112,91,222.00,'dinheiro','2025-07-10 19:11:46','2025-07-10 19:20:11','2025-07-10'),(113,91,223.00,'pix','2025-07-10 19:11:46','2025-07-10 19:20:11','2025-07-10'),(114,91,61.42,'dinheiro','2025-07-10 19:44:58','2025-07-10 19:44:58','2025-07-10'),(115,32,139.28,'pix','2025-08-08 03:41:52','2025-11-20 23:17:40','2025-03-18'),(116,32,400.00,'pix','2025-08-08 03:41:52','2025-11-20 23:17:40','2025-04-12'),(117,32,150.00,'pix','2025-08-08 03:41:52','2025-11-20 23:17:40','2025-05-11'),(118,32,282.65,'pix','2025-08-08 03:42:55','2025-11-20 23:17:40','2025-08-08'),(122,94,67.50,'pix','2025-10-08 16:43:59','2025-10-08 16:43:59','2025-08-28'),(123,92,119.00,'pix','2025-10-08 16:45:37','2025-10-08 16:45:37','2025-08-14'),(124,75,50.00,'pix','2025-10-08 16:46:51','2025-10-08 16:46:51','2025-06-02'),(125,95,257.12,'desconto','2025-10-09 15:31:51','2025-10-09 15:31:51','2025-10-09'),(126,96,705.98,'dinheiro','2025-10-09 15:39:25','2025-10-09 15:39:25','2025-10-09'),(132,66,133.17,'pix','2025-11-18 03:28:45','2025-11-20 22:42:13','2025-09-22'),(133,94,67.50,'pix','2025-11-18 03:33:23','2025-11-18 03:33:23','2025-10-22'),(134,112,42.00,'pix','2025-11-18 03:34:40','2025-11-18 03:34:40','2025-10-27'),(137,111,168.00,'pix','2025-11-18 04:35:17','2025-11-18 04:35:17','2025-11-17'),(138,72,259.80,'dinheiro','2025-11-18 04:37:06','2025-11-18 04:37:06','2025-08-02'),(139,66,239.51,'pix','2025-11-20 22:43:16','2025-11-20 22:43:16','2025-10-27'),(140,102,27.99,'dinheiro','2025-11-20 22:43:56','2025-11-20 22:43:56','2025-10-27'),(141,119,59.90,'dinheiro','2025-11-20 22:45:24','2025-11-20 22:45:24','2025-11-15'),(142,118,164.90,'pix','2025-11-20 22:46:02','2025-11-20 22:46:02','2025-11-15'),(143,117,87.57,'dinheiro','2025-11-20 22:46:43','2025-11-20 22:46:43','2025-11-15'),(144,116,56.90,'dinheiro','2025-11-20 22:47:11','2025-11-20 22:47:11','2025-11-15'),(145,112,42.00,'dinheiro','2025-11-20 22:53:44','2025-11-20 22:53:44','2025-11-19'),(146,108,139.90,'pix','2025-11-20 23:04:55','2025-11-20 23:04:55','2025-11-14'),(149,31,117.35,'dinheiro','2025-11-20 23:18:56','2025-11-20 23:29:10','2025-08-08'),(150,31,300.00,'dinheiro','2025-11-20 23:21:03','2025-11-20 23:29:10','2025-10-07'),(151,31,0.50,'desconto','2025-11-20 23:25:43','2025-11-20 23:29:10','2025-11-20');
/*!40000 ALTER TABLE `sale_payments` ENABLE KEYS */;
UNLOCK TABLES;

--
-- Table structure for table `sales`
--

DROP TABLE IF EXISTS `sales`;
/*!40101 SET @saved_cs_client     = @@character_set_client */;
/*!50503 SET character_set_client = utf8mb4 */;
CREATE TABLE `sales` (
  `id` int NOT NULL AUTO_INCREMENT,
  `client_id` int NOT NULL,
  `user_id` bigint unsigned NOT NULL,
  `total_price` decimal(10,2) NOT NULL,
  `status` varchar(20) NOT NULL DEFAULT 'pendente',
  `created_at` timestamp NULL DEFAULT CURRENT_TIMESTAMP,
  `updated_at` timestamp NULL DEFAULT CURRENT_TIMESTAMP ON UPDATE CURRENT_TIMESTAMP,
  `payment_method` varchar(100) DEFAULT NULL,
  `amount_paid` decimal(10,2) DEFAULT NULL,
  `tipo_pagamento` enum('a_vista','parcelado') NOT NULL DEFAULT 'a_vista',
  `parcelas` int DEFAULT '1' COMMENT 'Numero de parcelas',
  PRIMARY KEY (`id`),
  KEY `idx_sales_client_id` (`client_id`),
  KEY `idx_sales_user_id` (`user_id`),
  CONSTRAINT `sales_ibfk_1` FOREIGN KEY (`client_id`) REFERENCES `clients` (`id`),
  CONSTRAINT `sales_ibfk_2` FOREIGN KEY (`user_id`) REFERENCES `users` (`id`)
) ENGINE=InnoDB AUTO_INCREMENT=122 DEFAULT CHARSET=utf8mb4 COLLATE=utf8mb4_0900_ai_ci;
/*!40101 SET character_set_client = @saved_cs_client */;

--
-- Dumping data for table `sales`
--

LOCK TABLES `sales` WRITE;
/*!40000 ALTER TABLE `sales` DISABLE KEYS */;
INSERT INTO `sales` VALUES (13,8,2,655.56,'pendente','2025-03-19 01:50:39','2025-07-05 03:32:38',NULL,569.88,'a_vista',1),(14,9,2,179.90,'','2025-03-19 03:21:52','2025-05-15 03:19:30',NULL,179.90,'a_vista',1),(16,11,2,387.77,'pendente','2025-03-19 03:26:45','2025-05-15 00:17:04',NULL,150.00,'a_vista',1),(17,12,2,382.60,'pendente','2025-03-19 03:35:12','2025-05-18 22:39:56',NULL,294.64,'a_vista',1),(18,13,2,199.90,'','2025-03-19 03:35:49','2025-05-15 03:21:45',NULL,199.90,'a_vista',1),(19,16,2,245.80,'','2025-03-19 03:37:08','2025-05-15 03:22:08',NULL,245.80,'a_vista',1),(20,15,2,157.70,'','2025-03-19 03:37:39','2025-05-15 03:22:20',NULL,157.70,'a_vista',1),(21,17,2,400.55,'pendente','2025-03-19 03:39:26','2025-05-18 22:32:08',NULL,153.78,'a_vista',1),(22,18,2,217.80,'','2025-03-19 03:40:25','2025-05-18 21:36:00',NULL,217.80,'a_vista',1),(23,19,2,275.62,'pendente','2025-03-19 03:41:07','2025-06-19 02:46:41',NULL,NULL,'a_vista',1),(24,20,2,89.80,'','2025-03-19 03:43:08','2025-05-15 03:23:13',NULL,89.80,'a_vista',1),(25,21,2,139.80,'','2025-03-19 03:43:33','2025-05-18 21:46:37',NULL,139.80,'a_vista',1),(26,22,2,304.80,'','2025-03-19 03:43:50','2025-05-18 22:46:35',NULL,304.80,'a_vista',1),(27,23,2,149.90,'pendente','2025-03-19 03:44:06','2025-05-15 00:17:04',NULL,0.00,'a_vista',1),(31,7,2,417.35,'pago','2025-03-26 04:39:18','2025-11-20 23:25:43',NULL,417.35,'a_vista',1),(32,7,2,1371.93,'pago','2025-03-26 05:09:03','2025-11-20 23:17:40',NULL,1371.93,'a_vista',1),(33,25,2,75.80,'','2025-03-26 05:33:33','2025-05-18 22:12:07',NULL,75.80,'a_vista',1),(34,27,2,112.98,'','2025-04-03 04:27:23','2025-05-15 03:30:48',NULL,112.98,'a_vista',1),(36,18,2,124.89,'pendente','2025-04-03 05:35:16','2025-05-15 00:17:04',NULL,41.16,'a_vista',1),(41,21,2,373.90,'pendente','2025-04-20 03:16:39','2025-05-18 21:51:16',NULL,280.41,'a_vista',1),(43,7,2,373.90,'pendente','2025-04-20 03:22:42','2025-05-15 00:17:04',NULL,NULL,'a_vista',1),(45,10,2,179.80,'pendente','2025-04-20 03:26:17','2025-05-15 00:17:04',NULL,NULL,'a_vista',1),(46,10,2,677.16,'','2025-04-20 03:40:21','2025-06-19 02:43:25',NULL,677.16,'a_vista',1),(50,29,2,137.78,'','2025-04-25 03:14:47','2025-05-18 22:26:28',NULL,137.78,'a_vista',1),(55,13,2,440.60,'pendente','2025-05-13 20:27:12','2025-06-19 02:43:49',NULL,146.86,'a_vista',1),(56,7,2,324.59,'pendente','2025-05-13 21:07:52','2025-08-08 03:39:37',NULL,NULL,'a_vista',1),(57,10,2,179.00,'pendente','2025-05-13 21:40:49','2025-11-18 04:26:12',NULL,175.00,'a_vista',1),(58,27,2,87.80,'','2025-05-13 21:46:59','2025-06-19 02:41:43',NULL,87.80,'a_vista',1),(59,18,2,175.00,'pendente','2025-05-13 22:12:35','2025-05-15 00:17:04',NULL,NULL,'a_vista',1),(60,18,2,135.00,'','2025-05-13 22:13:01','2025-05-15 03:30:41',NULL,135.00,'a_vista',1),(61,31,2,70.00,'','2025-05-13 22:30:49','2025-05-15 03:30:44',NULL,70.00,'a_vista',1),(62,32,2,70.00,'','2025-05-13 22:32:02','2025-05-15 03:29:10',NULL,70.00,'a_vista',1),(63,33,2,70.00,'','2025-05-13 22:33:30','2025-05-15 03:29:36',NULL,70.00,'a_vista',1),(65,21,2,84.90,'pendente','2025-05-18 21:55:32','2025-05-18 21:55:32',NULL,NULL,'a_vista',1),(66,25,2,372.68,'pago','2025-05-18 22:11:00','2025-11-20 22:43:16',NULL,372.68,'parcelado',4),(67,11,2,188.80,'pendente','2025-05-18 22:15:57','2025-06-19 02:42:48',NULL,NULL,'a_vista',1),(68,29,2,302.81,'','2025-05-18 22:26:49','2025-06-19 02:48:13',NULL,186.90,'a_vista',1),(69,36,2,237.79,'pendente','2025-06-19 02:32:27','2025-06-19 02:32:51',NULL,NULL,'a_vista',1),(70,37,2,119.91,'pendente','2025-06-19 02:33:54','2025-06-19 02:33:54',NULL,NULL,'a_vista',1),(71,38,2,336.80,'pendente','2025-06-19 02:34:56','2025-06-19 02:35:30',NULL,NULL,'a_vista',1),(72,40,2,306.79,'pago','2025-06-19 02:39:07','2025-11-18 04:37:06',NULL,306.79,'parcelado',1),(73,33,2,59.90,'','2025-06-19 02:40:30','2025-06-19 02:41:00',NULL,59.90,'a_vista',1),(74,8,2,232.79,'pendente','2025-06-19 02:42:11','2025-07-11 05:16:26',NULL,NULL,'a_vista',1),(75,39,2,54.99,'pendente','2025-06-19 04:39:38','2025-10-08 16:46:51',NULL,50.00,'a_vista',1),(76,42,1,320.80,'pendente','2025-06-19 19:01:03','2025-06-19 19:15:12',NULL,88.88,'a_vista',1),(77,42,1,490.02,'pendente','2025-06-19 19:07:44','2025-06-19 19:22:54',NULL,45.44,'a_vista',1),(78,42,1,433.71,'pendente','2025-06-19 19:08:13','2025-06-19 19:10:48',NULL,325.29,'parcelado',4),(79,42,1,350.90,'pendente','2025-06-19 19:13:20','2025-06-19 19:13:20',NULL,NULL,'a_vista',1),(80,42,1,373.12,'pendente','2025-06-19 19:13:46','2025-06-19 19:17:09',NULL,223.86,'parcelado',5),(81,42,1,510.80,'pendente','2025-06-21 04:35:25','2025-06-21 04:36:07',NULL,170.27,'parcelado',3),(82,42,1,2012.13,'pendente','2025-07-03 05:19:57','2025-07-03 18:07:15',NULL,NULL,'parcelado',1),(83,42,1,518.22,'pendente','2025-07-03 05:58:40','2025-07-03 18:04:43',NULL,212.00,'a_vista',1),(84,44,1,1599355.55,'pendente','2025-07-03 18:27:13','2025-07-03 18:27:13',NULL,NULL,'a_vista',1),(85,43,1,355.55,'pendente','2025-07-04 18:17:20','2025-07-04 18:17:20',NULL,NULL,'a_vista',1),(86,42,1,212.22,'pendente','2025-07-04 18:27:20','2025-07-04 18:27:20',NULL,NULL,'a_vista',1),(87,43,1,257.12,'pendente','2025-07-04 18:31:19','2025-07-04 18:31:19',NULL,NULL,'a_vista',1),(88,43,1,232.96,'pendente','2025-07-04 18:38:33','2025-07-04 18:38:33',NULL,NULL,'parcelado',4),(89,43,1,244.70,'pendente','2025-07-04 18:55:32','2025-07-04 18:55:32',NULL,NULL,'parcelado',5),(90,44,1,297.23,'pendente','2025-07-04 18:56:52','2025-07-04 18:56:52',NULL,NULL,'parcelado',6),(91,43,1,1827.27,'pendente','2025-07-05 01:31:34','2025-08-06 03:56:55',NULL,851.26,'parcelado',5),(92,9,2,239.90,'pendente','2025-07-05 03:37:57','2025-10-08 16:45:37',NULL,119.00,'a_vista',1),(93,9,2,239.90,'pendente','2025-07-05 03:38:46','2025-07-15 01:27:59',NULL,NULL,'a_vista',1),(94,31,2,135.00,'pago','2025-07-11 04:50:35','2025-11-18 03:33:23',NULL,135.00,'a_vista',1),(95,42,1,0.00,'pendente','2025-09-17 22:27:52','2025-10-09 15:31:51',NULL,NULL,'parcelado',3),(96,43,1,3370.02,'pendente','2025-09-18 02:15:35','2025-09-19 17:51:55',NULL,NULL,'parcelado',5),(98,47,2,161.99,'pendente','2025-10-17 01:56:32','2025-10-17 04:05:33',NULL,NULL,'parcelado',3),(99,48,2,119.90,'pendente','2025-10-17 01:57:50','2025-10-17 01:57:50',NULL,NULL,'parcelado',2),(100,49,2,86.90,'pendente','2025-10-17 01:59:17','2025-10-17 01:59:17',NULL,NULL,'parcelado',1),(102,25,2,27.99,'pago','2025-10-17 02:12:19','2025-11-20 22:43:56',NULL,27.99,'a_vista',1),(103,50,2,54.99,'pendente','2025-10-17 02:22:55','2025-10-17 02:22:55',NULL,NULL,'a_vista',1),(104,51,2,42.00,'pendente','2025-10-17 02:23:33','2025-10-17 02:23:33',NULL,NULL,'a_vista',1),(105,7,2,540.47,'pendente','2025-10-17 02:53:40','2025-10-17 04:10:29',NULL,NULL,'parcelado',3),(106,27,2,288.02,'pendente','2025-10-17 04:32:40','2025-10-17 04:39:32',NULL,NULL,'parcelado',3),(107,7,2,369.60,'pendente','2025-11-18 02:47:46','2025-11-20 23:23:14',NULL,NULL,'parcelado',3),(108,13,2,279.80,'pendente','2025-11-18 02:50:16','2025-11-20 23:04:55',NULL,139.90,'parcelado',2),(109,52,2,294.80,'pendente','2025-11-18 02:54:12','2025-11-18 02:54:12',NULL,NULL,'parcelado',3),(110,15,2,79.90,'pendente','2025-11-18 02:55:04','2025-11-20 22:55:31',NULL,NULL,'a_vista',1),(111,40,2,168.00,'pago','2025-11-18 02:56:14','2025-11-18 04:35:17',NULL,168.00,'a_vista',1),(112,31,2,84.00,'pago','2025-11-18 02:58:51','2025-11-20 22:53:44',NULL,84.00,'parcelado',2),(113,54,2,129.90,'pendente','2025-11-18 03:01:58','2025-11-18 03:01:58',NULL,NULL,'a_vista',1),(114,36,2,288.78,'pendente','2025-11-18 03:05:48','2025-11-20 22:51:49',NULL,NULL,'parcelado',3),(115,55,2,257.88,'pendente','2025-11-18 03:08:45','2025-11-20 22:49:12',NULL,NULL,'a_vista',1),(116,56,2,56.90,'pago','2025-11-18 03:12:30','2025-11-20 22:47:11',NULL,56.90,'a_vista',1),(117,57,2,87.57,'pago','2025-11-18 03:17:59','2025-11-20 22:46:43',NULL,87.57,'a_vista',1),(118,58,2,164.90,'pago','2025-11-18 03:20:01','2025-11-20 22:46:02',NULL,164.90,'a_vista',1),(119,59,2,59.90,'pago','2025-11-18 03:21:00','2025-11-20 22:45:24',NULL,59.90,'a_vista',1),(120,25,2,406.44,'pendente','2025-11-18 03:23:46','2025-11-20 22:37:51',NULL,NULL,'parcelado',4),(121,47,2,167.97,'pendente','2025-11-18 03:26:27','2025-11-18 03:26:27',NULL,NULL,'a_vista',1);
/*!40000 ALTER TABLE `sales` ENABLE KEYS */;
UNLOCK TABLES;

--
-- Table structure for table `segment`
--

DROP TABLE IF EXISTS `segment`;
/*!40101 SET @saved_cs_client     = @@character_set_client */;
/*!50503 SET character_set_client = utf8mb4 */;
CREATE TABLE `segment` (
  `id` int NOT NULL AUTO_INCREMENT,
  `name` varchar(255) CHARACTER SET utf8mb4 COLLATE utf8mb4_unicode_ci NOT NULL,
  `description` text CHARACTER SET utf8mb4 COLLATE utf8mb4_unicode_ci,
  `category_id` int DEFAULT NULL,
  `user_id` bigint unsigned DEFAULT NULL,
  `created_at` timestamp NULL DEFAULT CURRENT_TIMESTAMP,
  `updated_at` timestamp NULL DEFAULT CURRENT_TIMESTAMP ON UPDATE CURRENT_TIMESTAMP,
  PRIMARY KEY (`id`),
  KEY `idx_segment_category_id` (`category_id`),
  KEY `idx_segment_user_id` (`user_id`),
  CONSTRAINT `segment_ibfk_1` FOREIGN KEY (`category_id`) REFERENCES `category` (`id_category`),
  CONSTRAINT `segment_ibfk_2` FOREIGN KEY (`user_id`) REFERENCES `users` (`id`)
) ENGINE=InnoDB DEFAULT CHARSET=utf8mb4 COLLATE=utf8mb4_unicode_ci;
/*!40101 SET character_set_client = @saved_cs_client */;

--
-- Dumping data for table `segment`
--

LOCK TABLES `segment` WRITE;
/*!40000 ALTER TABLE `segment` DISABLE KEYS */;
/*!40000 ALTER TABLE `segment` ENABLE KEYS */;
UNLOCK TABLES;

--
-- Table structure for table `sessions`
--

DROP TABLE IF EXISTS `sessions`;
/*!40101 SET @saved_cs_client     = @@character_set_client */;
/*!50503 SET character_set_client = utf8mb4 */;
CREATE TABLE `sessions` (
  `id` varchar(255) CHARACTER SET utf8mb4 COLLATE utf8mb4_unicode_ci NOT NULL,
  `user_id` bigint unsigned DEFAULT NULL,
  `ip_address` varchar(45) CHARACTER SET utf8mb4 COLLATE utf8mb4_unicode_ci DEFAULT NULL,
  `user_agent` text CHARACTER SET utf8mb4 COLLATE utf8mb4_unicode_ci,
  `payload` longtext CHARACTER SET utf8mb4 COLLATE utf8mb4_unicode_ci NOT NULL,
  `last_activity` int NOT NULL,
  PRIMARY KEY (`id`),
  KEY `sessions_user_id_index` (`user_id`),
  KEY `sessions_last_activity_index` (`last_activity`)
) ENGINE=InnoDB DEFAULT CHARSET=utf8mb4 COLLATE=utf8mb4_unicode_ci;
/*!40101 SET character_set_client = @saved_cs_client */;

--
-- Dumping data for table `sessions`
--

LOCK TABLES `sessions` WRITE;
/*!40000 ALTER TABLE `sessions` DISABLE KEYS */;
INSERT INTO `sessions` VALUES ('20vpgOILDo92t2nU0KdATPbYuU6JnOp2n5Mpx5QJ',2,'127.0.0.1','Mozilla/5.0 (Windows NT 10.0; Win64; x64) AppleWebKit/537.36 (KHTML, like Gecko) Chrome/143.0.0.0 Safari/537.36','YTo0OntzOjY6Il90b2tlbiI7czo0MDoiU0ljdW5jcGlmUjd2UldKYVpLZExOMGt6S3NpZ1o5RGZVeXowZTIyZSI7czo1MDoibG9naW5fd2ViXzU5YmEzNmFkZGMyYjJmOTQwMTU4MGYwMTRjN2Y1OGVhNGUzMDk4OWQiO2k6MjtzOjk6Il9wcmV2aW91cyI7YToxOntzOjM6InVybCI7czo1ODoiaHR0cDovLzEyNy4wLjAuMTo4MDAwL3Byb2R1Y3RzP3BlclBhZ2U9MzImdWx0cmFMYXlvdXQ9dHJ1ZSI7fXM6NjoiX2ZsYXNoIjthOjI6e3M6Mzoib2xkIjthOjA6e31zOjM6Im5ldyI7YTowOnt9fX0=',1765923706),('L2sKBMQMLLYTEkozBl8ZZSShoJZaHSq8T9qqGWjn',2,'127.0.0.1','Mozilla/5.0 (Windows NT 10.0; Win64; x64) AppleWebKit/537.36 (KHTML, like Gecko) Chrome/143.0.0.0 Safari/537.36','YTo0OntzOjY6Il90b2tlbiI7czo0MDoiUXExR21HU3I2bEZmS2dBdndRZWRueVI1UkZsUXQzR0NGRmoxT2I2SSI7czo1MDoibG9naW5fd2ViXzU5YmEzNmFkZGMyYjJmOTQwMTU4MGYwMTRjN2Y1OGVhNGUzMDk4OWQiO2k6MjtzOjk6Il9wcmV2aW91cyI7YToxOntzOjM6InVybCI7czo0MjoiaHR0cDovLzEyNy4wLjAuMTo4MDAwL3Byb2R1Y3RzL3Nob3cvNTEuMDc0Ijt9czo2OiJfZmxhc2giO2E6Mjp7czozOiJvbGQiO2E6MDp7fXM6MzoibmV3IjthOjA6e319fQ==',1765910133);
/*!40000 ALTER TABLE `sessions` ENABLE KEYS */;
UNLOCK TABLES;

--
-- Table structure for table `targets`
--

DROP TABLE IF EXISTS `targets`;
/*!40101 SET @saved_cs_client     = @@character_set_client */;
/*!50503 SET character_set_client = utf8mb4 */;
CREATE TABLE `targets` (
  `id` int NOT NULL AUTO_INCREMENT,
  `title` varchar(255) CHARACTER SET utf8mb4 COLLATE utf8mb4_unicode_ci NOT NULL DEFAULT 'Default Title',
  `target_date` date DEFAULT NULL,
  `description` varchar(255) CHARACTER SET utf8mb4 COLLATE utf8mb4_unicode_ci DEFAULT NULL,
  `value` decimal(10,2) DEFAULT NULL,
  `is_completed` tinyint(1) DEFAULT '0',
  `user_id` bigint unsigned NOT NULL,
  PRIMARY KEY (`id`),
  KEY `idx_targets_user_id` (`user_id`),
  KEY `idx_targets_target_date` (`target_date`),
  CONSTRAINT `targets_ibfk_1` FOREIGN KEY (`user_id`) REFERENCES `users` (`id`)
) ENGINE=InnoDB DEFAULT CHARSET=utf8mb4 COLLATE=utf8mb4_unicode_ci;
/*!40101 SET character_set_client = @saved_cs_client */;

--
-- Dumping data for table `targets`
--

LOCK TABLES `targets` WRITE;
/*!40000 ALTER TABLE `targets` DISABLE KEYS */;
/*!40000 ALTER TABLE `targets` ENABLE KEYS */;
UNLOCK TABLES;

--
-- Table structure for table `type`
--

DROP TABLE IF EXISTS `type`;
/*!40101 SET @saved_cs_client     = @@character_set_client */;
/*!50503 SET character_set_client = utf8mb4 */;
CREATE TABLE `type` (
  `id_type` int NOT NULL AUTO_INCREMENT,
  `desc_type` varchar(45) NOT NULL,
  `hexcolor_type` varchar(45) DEFAULT NULL,
  `icon_type` varchar(45) DEFAULT NULL,
  PRIMARY KEY (`id_type`),
  KEY `idx_type_desc_type` (`desc_type`)
) ENGINE=InnoDB AUTO_INCREMENT=3 DEFAULT CHARSET=utf8mb4 COLLATE=utf8mb4_0900_ai_ci;
/*!40101 SET character_set_client = @saved_cs_client */;

--
-- Dumping data for table `type`
--

LOCK TABLES `type` WRITE;
/*!40000 ALTER TABLE `type` DISABLE KEYS */;
INSERT INTO `type` VALUES (1,'Receita','#18bc9c',''),(2,'Despesa','#e74c3c','');
/*!40000 ALTER TABLE `type` ENABLE KEYS */;
UNLOCK TABLES;

--
-- Table structure for table `users`
--

DROP TABLE IF EXISTS `users`;
/*!40101 SET @saved_cs_client     = @@character_set_client */;
/*!50503 SET character_set_client = utf8mb4 */;
CREATE TABLE `users` (
  `id` bigint unsigned NOT NULL AUTO_INCREMENT,
  `name` varchar(255) CHARACTER SET utf8mb4 COLLATE utf8mb4_unicode_ci NOT NULL,
  `email` varchar(255) CHARACTER SET utf8mb4 COLLATE utf8mb4_unicode_ci NOT NULL,
  `email_verified_at` timestamp NULL DEFAULT NULL,
  `password` varchar(255) CHARACTER SET utf8mb4 COLLATE utf8mb4_unicode_ci DEFAULT NULL,
  `phone` varchar(20) CHARACTER SET utf8mb4 COLLATE utf8mb4_unicode_ci DEFAULT NULL,
  `location` varchar(255) CHARACTER SET utf8mb4 COLLATE utf8mb4_unicode_ci DEFAULT NULL,
  `about_me` varchar(255) CHARACTER SET utf8mb4 COLLATE utf8mb4_unicode_ci DEFAULT NULL,
  `profile_picture` varchar(255) CHARACTER SET utf8mb4 COLLATE utf8mb4_unicode_ci DEFAULT NULL,
  `remember_token` varchar(100) CHARACTER SET utf8mb4 COLLATE utf8mb4_unicode_ci DEFAULT NULL,
  `created_at` timestamp NULL DEFAULT NULL,
  `updated_at` timestamp NULL DEFAULT NULL,
  `userscol` varchar(45) CHARACTER SET utf8mb4 COLLATE utf8mb4_unicode_ci DEFAULT NULL,
  `google_id` varchar(255) CHARACTER SET utf8mb4 COLLATE utf8mb4_unicode_ci DEFAULT NULL,
  PRIMARY KEY (`id`),
  UNIQUE KEY `users_email_unique` (`email`),
  KEY `idx_users_email` (`email`)
) ENGINE=InnoDB AUTO_INCREMENT=19 DEFAULT CHARSET=utf8mb4 COLLATE=utf8mb4_unicode_ci;
/*!40101 SET character_set_client = @saved_cs_client */;

--
-- Dumping data for table `users`
--

LOCK TABLES `users` WRITE;
/*!40000 ALTER TABLE `users` DISABLE KEYS */;
INSERT INTO `users` VALUES (1,'admin','admin@hotmail.com',NULL,'$2y$12$kPIW6yo124/QX45CpE6McuJHSrwiv44COoxEaIHtE.ZC3ElNr6TQa','+55 (19) 98412-2111','13973043','teste','profile_pictures/rM9PcdhrcybfxZObAVGN8FCVsPaKr08HTAYbOPsm.png','QSsNDgqxjtVIcpAu0Y8MCy1WIqqnhvR5Bg2jhvLbvwluhojlAx6ibqsa0IQK','2025-02-20 02:25:44','2025-06-29 21:40:39',NULL,''),(2,'Marco Antonio Bubola','marcobubola@hotmail.com',NULL,'$2y$12$kPIW6yo124/QX45CpE6McuJHSrwiv44COoxEaIHtE.ZC3ElNr6TQa','+55 (19) 984122111',NULL,'salve','profile_pictures/profile_1740104315.png','S9UCiiQoFOwpeOTgKc2EC1WC5ixVTsNcf378bzE2uvIjtPtjaRt6l0z610yJ','2025-02-20 02:46:57','2025-06-28 08:34:19',NULL,'110177634252797193973');
/*!40000 ALTER TABLE `users` ENABLE KEYS */;
UNLOCK TABLES;

--
-- Table structure for table `venda_parcelas`
--

DROP TABLE IF EXISTS `venda_parcelas`;
/*!40101 SET @saved_cs_client     = @@character_set_client */;
/*!50503 SET character_set_client = utf8mb4 */;
CREATE TABLE `venda_parcelas` (
  `id` bigint unsigned NOT NULL AUTO_INCREMENT,
  `sale_id` int NOT NULL,
  `numero_parcela` int NOT NULL,
  `valor` decimal(10,2) NOT NULL,
  `data_vencimento` date NOT NULL,
  `status` enum('pendente','paga','vencida') CHARACTER SET utf8mb4 COLLATE utf8mb4_unicode_ci NOT NULL DEFAULT 'pendente',
  `pago_em` datetime DEFAULT NULL,
  `created_at` timestamp NULL DEFAULT CURRENT_TIMESTAMP,
  `updated_at` timestamp NULL DEFAULT CURRENT_TIMESTAMP ON UPDATE CURRENT_TIMESTAMP,
  PRIMARY KEY (`id`),
  KEY `sale_id` (`sale_id`),
  CONSTRAINT `venda_parcelas_ibfk_1` FOREIGN KEY (`sale_id`) REFERENCES `sales` (`id`) ON DELETE CASCADE
) ENGINE=InnoDB AUTO_INCREMENT=67 DEFAULT CHARSET=utf8mb4 COLLATE=utf8mb4_unicode_ci;
/*!40101 SET character_set_client = @saved_cs_client */;

--
-- Dumping data for table `venda_parcelas`
--

LOCK TABLES `venda_parcelas` WRITE;
/*!40000 ALTER TABLE `venda_parcelas` DISABLE KEYS */;
INSERT INTO `venda_parcelas` VALUES (1,78,1,108.43,'2025-06-19','paga','2025-06-19 00:00:00','2025-06-19 19:08:13','2025-06-19 19:10:37'),(2,78,2,108.43,'2025-07-19','paga','2025-06-19 00:00:00','2025-06-19 19:08:13','2025-06-19 19:10:32'),(3,78,3,108.43,'2025-08-19','paga','2025-06-19 00:00:00','2025-06-19 19:08:13','2025-06-19 19:10:05'),(4,78,4,108.43,'2025-09-19','paga','2025-06-19 00:00:00','2025-06-19 19:08:13','2025-06-19 19:08:27'),(5,80,1,74.62,'2025-06-19','pendente',NULL,'2025-06-19 19:13:46','2025-06-19 19:13:46'),(6,80,2,74.62,'2025-07-19','pendente',NULL,'2025-06-19 19:13:46','2025-06-19 19:13:46'),(7,80,3,74.62,'2025-08-19','paga','2025-06-19 00:00:00','2025-06-19 19:13:46','2025-06-19 19:17:09'),(8,80,4,74.62,'2025-09-19','paga','2025-06-19 00:00:00','2025-06-19 19:13:46','2025-06-19 19:16:17'),(9,80,5,74.62,'2025-10-19','paga','2025-06-19 00:00:00','2025-06-19 19:13:46','2025-06-19 19:14:02'),(10,81,1,170.27,'2025-06-21','paga','2025-06-06 00:00:00','2025-06-21 04:35:25','2025-06-21 04:36:07'),(11,81,2,170.27,'2025-07-21','pendente',NULL,'2025-06-21 04:35:26','2025-06-21 04:35:26'),(12,81,3,170.27,'2025-08-21','pendente',NULL,'2025-06-21 04:35:26','2025-06-21 04:35:26'),(13,88,1,58.24,'2025-07-04','pendente',NULL,'2025-07-04 18:38:34','2025-07-04 18:38:34'),(14,88,2,58.24,'2025-08-04','pendente',NULL,'2025-07-04 18:38:34','2025-07-04 18:38:34'),(15,88,3,58.24,'2025-09-04','pendente',NULL,'2025-07-04 18:38:34','2025-07-04 18:38:34'),(16,88,4,58.24,'2025-10-04','pendente',NULL,'2025-07-04 18:38:34','2025-07-04 18:38:34'),(17,89,1,48.94,'2025-07-04','pendente',NULL,'2025-07-04 18:55:32','2025-07-04 18:55:32'),(18,89,2,48.94,'2025-08-04','pendente',NULL,'2025-07-04 18:55:32','2025-07-04 18:55:32'),(19,89,3,48.94,'2025-09-04','pendente',NULL,'2025-07-04 18:55:32','2025-07-04 18:55:32'),(20,89,4,48.94,'2025-10-04','pendente',NULL,'2025-07-04 18:55:32','2025-07-04 18:55:32'),(21,89,5,48.94,'2025-11-04','pendente',NULL,'2025-07-04 18:55:32','2025-07-04 18:55:32'),(22,90,1,49.54,'2025-07-04','pendente',NULL,'2025-07-04 18:56:52','2025-07-04 18:56:52'),(23,90,2,49.54,'2025-08-04','pendente',NULL,'2025-07-04 18:56:52','2025-07-04 18:56:52'),(24,90,3,49.54,'2025-09-04','pendente',NULL,'2025-07-04 18:56:52','2025-07-04 18:56:52'),(25,90,4,49.54,'2025-10-04','pendente',NULL,'2025-07-04 18:56:52','2025-07-04 18:56:52'),(26,90,5,49.54,'2025-11-04','pendente',NULL,'2025-07-04 18:56:52','2025-07-04 18:56:52'),(27,90,6,49.54,'2025-12-04','pendente',NULL,'2025-07-04 18:56:52','2025-07-04 18:56:52'),(28,91,1,61.42,'2025-07-04','paga','2025-07-10 00:00:00','2025-07-05 01:31:35','2025-07-10 17:53:28'),(29,91,2,61.42,'2025-08-04','paga','2025-07-10 00:00:00','2025-07-05 01:31:35','2025-07-10 18:06:00'),(30,91,3,61.42,'2025-09-04','paga','2025-07-10 00:00:00','2025-07-05 01:31:35','2025-07-10 19:44:58'),(31,91,4,61.42,'2025-10-04','pendente',NULL,'2025-07-05 01:31:35','2025-07-05 01:31:35'),(32,91,5,61.42,'2025-11-04','pendente',NULL,'2025-07-05 01:31:35','2025-07-05 01:31:35'),(33,96,1,705.98,'2025-09-17','paga','2025-10-09 00:00:00','2025-09-18 02:15:35','2025-10-09 15:39:25'),(34,96,2,705.98,'2025-10-17','pendente',NULL,'2025-09-18 02:15:35','2025-09-18 02:15:35'),(35,96,3,705.98,'2025-11-17','pendente',NULL,'2025-09-18 02:15:35','2025-09-18 02:15:35'),(36,96,4,705.98,'2025-12-17','pendente',NULL,'2025-09-18 02:15:35','2025-09-18 02:15:35'),(37,96,5,705.98,'2026-01-17','pendente',NULL,'2025-09-18 02:15:35','2025-09-18 02:15:35'),(41,98,1,46.26,'2025-10-16','pendente',NULL,'2025-10-17 01:56:32','2025-10-17 01:56:32'),(42,98,2,46.26,'2025-11-16','pendente',NULL,'2025-10-17 01:56:32','2025-10-17 01:56:32'),(43,98,3,46.26,'2025-12-16','pendente',NULL,'2025-10-17 01:56:32','2025-10-17 01:56:32'),(44,99,1,59.95,'2025-10-16','pendente',NULL,'2025-10-17 01:57:50','2025-10-17 01:57:50'),(45,99,2,59.95,'2025-11-16','pendente',NULL,'2025-10-17 01:57:50','2025-10-17 01:57:50'),(46,105,1,122.53,'2025-10-16','pendente',NULL,'2025-10-17 02:53:40','2025-10-17 02:53:40'),(47,105,2,122.53,'2025-11-16','pendente',NULL,'2025-10-17 02:53:40','2025-10-17 02:53:40'),(48,105,3,122.53,'2025-12-16','pendente',NULL,'2025-10-17 02:53:40','2025-10-17 02:53:40'),(49,106,1,63.35,'2025-10-17','pendente',NULL,'2025-10-17 04:32:40','2025-10-17 04:32:40'),(50,106,2,63.35,'2025-11-17','pendente',NULL,'2025-10-17 04:32:40','2025-10-17 04:32:40'),(51,106,3,63.35,'2025-12-17','pendente',NULL,'2025-10-17 04:32:40','2025-10-17 04:32:40'),(52,107,1,83.23,'2025-11-17','pendente',NULL,'2025-11-18 02:47:46','2025-11-18 02:47:46'),(53,107,2,83.23,'2025-12-17','pendente',NULL,'2025-11-18 02:47:46','2025-11-18 02:47:46'),(54,107,3,83.23,'2026-01-17','pendente',NULL,'2025-11-18 02:47:46','2025-11-18 02:47:46'),(55,108,1,77.45,'2025-11-17','pendente',NULL,'2025-11-18 02:50:16','2025-11-18 02:50:16'),(56,108,2,77.45,'2025-12-17','pendente',NULL,'2025-11-18 02:50:16','2025-11-18 02:50:16'),(57,109,1,98.27,'2025-11-17','pendente',NULL,'2025-11-18 02:54:12','2025-11-18 02:54:12'),(58,109,2,98.27,'2025-12-17','pendente',NULL,'2025-11-18 02:54:12','2025-11-18 02:54:12'),(59,109,3,98.27,'2026-01-17','pendente',NULL,'2025-11-18 02:54:12','2025-11-18 02:54:12'),(60,112,1,37.79,'2025-11-17','pendente',NULL,'2025-11-18 02:58:51','2025-11-18 02:58:51'),(61,112,2,37.79,'2025-12-17','pendente',NULL,'2025-11-18 02:58:51','2025-11-18 02:58:51'),(62,114,1,144.39,'2025-11-18','pendente',NULL,'2025-11-18 03:05:48','2025-11-18 03:05:48'),(63,114,2,144.39,'2025-12-18','pendente',NULL,'2025-11-18 03:05:48','2025-11-18 03:05:48'),(64,120,1,123.34,'2025-11-18','pendente',NULL,'2025-11-18 03:23:46','2025-11-18 03:23:46'),(65,120,2,123.34,'2025-12-18','pendente',NULL,'2025-11-18 03:23:46','2025-11-18 03:23:46'),(66,120,3,123.34,'2026-01-18','pendente',NULL,'2025-11-18 03:23:46','2025-11-18 03:23:46');
/*!40000 ALTER TABLE `venda_parcelas` ENABLE KEYS */;
UNLOCK TABLES;
/*!40103 SET TIME_ZONE=@OLD_TIME_ZONE */;

/*!40101 SET SQL_MODE=@OLD_SQL_MODE */;
/*!40014 SET FOREIGN_KEY_CHECKS=@OLD_FOREIGN_KEY_CHECKS */;
/*!40014 SET UNIQUE_CHECKS=@OLD_UNIQUE_CHECKS */;
/*!40101 SET CHARACTER_SET_CLIENT=@OLD_CHARACTER_SET_CLIENT */;
/*!40101 SET CHARACTER_SET_RESULTS=@OLD_CHARACTER_SET_RESULTS */;
/*!40101 SET COLLATION_CONNECTION=@OLD_COLLATION_CONNECTION */;
/*!40111 SET SQL_NOTES=@OLD_SQL_NOTES */;

-- Dump completed on 2025-12-16 19:24:12
